Startup_ID,Team_Size,Founder_Experience_Years,Startup_Age_Years,Industry,City,Funding_Goal,Funding_Raised,Funding_Success,Growth_Rate,Revenue
1,3,3,7,CleanTech,Bangalore,1147483,1568791,Yes,High,5000000
2,15,13,4,AgriTech,Mumbai,594631,1109544,Yes,High,5000000
3,12,11,1,E-Commerce,Delhi,112934,194921,Yes,High,5000000
4,14,10,1,AgriTech,Kolkata,365960,1325472,Yes,High,5000000
5,19,15,7,CleanTech,Kolkata,1130906,1182700,Yes,High,5000000
6,8,10,4,AI,Mumbai,793440,1161717,Yes,High,5000000
7,16,4,9,CleanTech,Pune,1616575,353030,No,Low,500000
8,19,7,3,AgriTech,Pune,617387,1615026,Yes,High,5000000
9,11,12,6,CleanTech,Chennai,1255508,1764886,Yes,High,5000000
10,15,2,6,FinTech,Mumbai,671445,151133,No,Low,500000
11,3,4,8,EdTech,Chennai,1522761,1648892,Yes,High,5000000
12,2,3,5,EdTech,Pune,1325864,1602429,Yes,High,5000000
13,9,8,2,CleanTech,Bangalore,291650,1320419,Yes,High,5000000
14,14,12,2,AI,Delhi,350340,363802,Yes,High,5000000
15,4,4,2,HealthTech,Bangalore,627405,1770727,Yes,High,5000000
16,5,10,10,FinTech,Pune,997604,911805,No,Low,500000
17,20,6,5,HealthTech,Pune,543822,233219,No,Low,500000
18,10,6,2,FinTech,Delhi,365866,2109279,Yes,High,5000000
19,3,10,3,EdTech,Pune,1102051,1150939,Yes,High,5000000
20,12,6,3,EdTech,Delhi,1926367,2150358,Yes,High,5000000
21,18,6,7,E-Commerce,Pune,721508,925785,Yes,High,5000000
22,14,4,5,CleanTech,Chennai,1985816,2203019,Yes,High,5000000
23,6,15,5,AgriTech,Pune,1265223,1721769,Yes,High,5000000
24,16,3,10,AgriTech,Kolkata,112402,1752766,Yes,High,5000000
25,8,10,9,FinTech,Mumbai,454611,433839,No,Low,500000
26,6,15,4,CleanTech,Pune,311237,2014225,Yes,High,5000000
27,10,2,6,FinTech,Mumbai,172942,2135583,Yes,High,5000000
28,5,7,5,E-Commerce,Delhi,265265,1281784,Yes,High,5000000
29,17,11,7,EdTech,Pune,1616621,556883,No,Low,500000
30,11,1,2,EdTech,Chennai,953188,192349,No,Low,500000
31,7,0,9,FinTech,Kolkata,1839467,2152032,Yes,High,5000000
32,15,9,4,AI,Chennai,1702995,1514978,No,Low,500000
33,9,12,7,E-Commerce,Bangalore,1151782,580789,No,Low,500000
34,17,11,1,EdTech,Chennai,308243,1342613,Yes,High,5000000
35,12,3,2,AgriTech,Pune,885880,1882396,Yes,High,5000000
36,4,4,1,FinTech,Chennai,1706054,1937967,Yes,High,5000000
37,7,0,3,HealthTech,Kolkata,986730,1232229,Yes,High,5000000
38,13,14,10,AI,Hyderabad,1010030,2354144,Yes,High,5000000
39,20,6,4,AgriTech,Hyderabad,423091,1186892,Yes,High,5000000
40,17,5,4,AI,Chennai,302164,163642,No,Low,500000
41,14,7,8,HealthTech,Hyderabad,1375041,768549,No,Low,500000
42,8,2,3,CleanTech,Chennai,1400917,101757,No,Low,500000
43,9,14,10,AI,Bangalore,1280917,714244,No,Low,500000
44,17,11,4,CleanTech,Mumbai,1278445,303179,No,Low,500000
45,5,3,7,CleanTech,Bangalore,1843601,2215194,Yes,High,5000000
46,11,10,3,AgriTech,Kolkata,789718,34785,No,Low,500000
47,13,7,6,E-Commerce,Bangalore,910124,1466826,Yes,High,5000000
48,12,15,2,E-Commerce,Hyderabad,607370,513952,No,Low,500000
49,4,14,8,E-Commerce,Hyderabad,322592,1489601,Yes,High,5000000
50,6,9,9,E-Commerce,Chennai,747371,469708,No,Low,500000
51,20,14,7,CleanTech,Bangalore,1009106,2100345,Yes,High,5000000
52,2,0,8,AgriTech,Kolkata,858434,2463066,Yes,High,5000000
53,4,0,10,E-Commerce,Hyderabad,1900586,336429,No,Low,500000
54,11,10,8,HealthTech,Delhi,794339,522947,No,Low,500000
55,7,8,9,E-Commerce,Bangalore,484766,2147640,Yes,High,5000000
56,3,8,8,EdTech,Kolkata,820118,1280036,Yes,High,5000000
57,9,10,3,CleanTech,Hyderabad,1596430,1450546,No,Low,500000
58,7,3,3,AI,Pune,1144167,232569,No,Low,500000
59,6,7,3,FinTech,Kolkata,389837,2215115,Yes,High,5000000
60,3,1,5,AI,Chennai,948562,1036476,Yes,High,5000000
61,13,1,5,FinTech,Bangalore,626471,578447,No,Low,500000
62,11,14,6,EdTech,Pune,382332,681212,Yes,High,5000000
63,7,14,5,FinTech,Bangalore,847376,2157763,Yes,High,5000000
64,11,13,6,EdTech,Delhi,1159824,846021,No,Low,500000
65,6,3,2,FinTech,Kolkata,1090588,2194266,Yes,High,5000000
66,2,12,1,HealthTech,Chennai,1449839,1247516,No,Low,500000
67,6,10,6,AI,Hyderabad,161462,1069442,Yes,High,5000000
68,5,1,6,AI,Hyderabad,1334114,1195061,No,Low,500000
69,8,8,3,HealthTech,Pune,725168,325347,No,Low,500000
70,6,5,1,AgriTech,Chennai,421857,671134,Yes,High,5000000
71,9,10,7,E-Commerce,Delhi,892593,2165591,Yes,High,5000000
72,11,1,7,CleanTech,Mumbai,245448,2415648,Yes,High,5000000
73,10,11,6,CleanTech,Pune,760547,645832,No,Low,500000
74,3,7,5,E-Commerce,Pune,1494818,1506363,Yes,High,5000000
75,18,14,1,HealthTech,Mumbai,686778,1183881,Yes,High,5000000
76,4,1,9,AgriTech,Delhi,591613,1665214,Yes,High,5000000
77,13,1,2,FinTech,Kolkata,1284303,1123130,No,Low,500000
78,16,5,10,CleanTech,Bangalore,1669671,405537,No,Low,500000
79,18,1,2,EdTech,Hyderabad,228222,2274080,Yes,High,5000000
80,3,13,7,E-Commerce,Kolkata,1072548,1938444,Yes,High,5000000
81,16,0,5,AI,Bangalore,1034086,2063296,Yes,High,5000000
82,11,11,3,HealthTech,Bangalore,1430879,2060765,Yes,High,5000000
83,7,2,4,AgriTech,Mumbai,1715664,1721878,Yes,High,5000000
84,14,15,7,CleanTech,Pune,942587,826700,No,Low,500000
85,16,1,7,HealthTech,Kolkata,1401381,2287662,Yes,High,5000000
86,12,0,8,FinTech,Chennai,1563250,1395373,No,Low,500000
87,12,2,7,FinTech,Bangalore,1970056,1222774,No,Low,500000
88,15,0,4,EdTech,Delhi,1769824,727876,No,Low,500000
89,12,4,4,AI,Kolkata,1414660,1441119,Yes,High,5000000
90,17,7,10,AI,Delhi,899031,1331306,Yes,High,5000000
91,12,8,7,FinTech,Bangalore,1592456,1229261,No,Low,500000
92,11,6,8,AI,Pune,1016220,962950,No,Low,500000
93,19,10,9,FinTech,Bangalore,1592356,449527,No,Low,500000
94,6,10,4,FinTech,Mumbai,1680188,1697655,Yes,High,5000000
95,12,7,5,E-Commerce,Pune,400739,1518566,Yes,High,5000000
96,16,4,3,CleanTech,Hyderabad,484723,1846762,Yes,High,5000000
97,7,7,3,E-Commerce,Pune,1620057,1323220,No,Low,500000
98,18,4,6,CleanTech,Bangalore,1064421,1707894,Yes,High,5000000
99,15,15,7,FinTech,Mumbai,1339199,2061592,Yes,High,5000000
100,15,8,8,EdTech,Kolkata,400161,2148017,Yes,High,5000000
101,5,2,3,E-Commerce,Hyderabad,469049,1689666,Yes,High,5000000
102,8,15,8,FinTech,Kolkata,1063031,79570,No,Low,500000
103,12,12,2,FinTech,Delhi,440495,743574,Yes,High,5000000
104,2,7,2,FinTech,Mumbai,824741,1521118,Yes,High,5000000
105,16,5,3,E-Commerce,Pune,1931367,322809,No,Low,500000
106,10,3,5,CleanTech,Chennai,1216565,2432993,Yes,High,5000000
107,17,2,7,FinTech,Chennai,1405162,1414434,Yes,High,5000000
108,7,7,5,CleanTech,Delhi,1357330,2040795,Yes,High,5000000
109,11,7,1,E-Commerce,Hyderabad,109280,1535186,Yes,High,5000000
110,17,8,6,AgriTech,Hyderabad,593014,1964506,Yes,High,5000000
111,19,1,4,FinTech,Delhi,678637,239902,No,Low,500000
112,16,15,9,HealthTech,Delhi,540340,2081094,Yes,High,5000000
113,5,1,10,AI,Chennai,216534,1620337,Yes,High,5000000
114,13,3,9,AgriTech,Pune,1431842,145582,No,Low,500000
115,10,0,6,HealthTech,Pune,1828177,1291480,No,Low,500000
116,10,12,6,AgriTech,Delhi,1899880,1708823,No,Low,500000
117,16,6,3,EdTech,Pune,1372945,2435235,Yes,High,5000000
118,13,11,10,CleanTech,Hyderabad,294863,2442518,Yes,High,5000000
119,16,4,8,E-Commerce,Mumbai,908300,2282357,Yes,High,5000000
120,11,4,2,HealthTech,Mumbai,1161805,1995684,Yes,High,5000000
121,15,11,2,FinTech,Hyderabad,217438,1293208,Yes,High,5000000
122,16,14,2,HealthTech,Kolkata,1378251,1267686,No,Low,500000
123,13,7,10,EdTech,Chennai,91579,535358,Yes,High,5000000
124,7,6,8,AI,Delhi,757343,1409148,Yes,High,5000000
125,3,10,7,AgriTech,Hyderabad,293886,1063052,Yes,High,5000000
126,9,5,1,AI,Bangalore,724047,1725413,Yes,High,5000000
127,4,7,4,HealthTech,Bangalore,1608116,768156,No,Low,500000
128,18,0,2,EdTech,Bangalore,1586624,2185138,Yes,High,5000000
129,6,0,5,AgriTech,Hyderabad,1091356,284939,No,Low,500000
130,15,2,6,E-Commerce,Delhi,1401672,2337120,Yes,High,5000000
131,11,6,6,HealthTech,Hyderabad,1284929,110797,No,Low,500000
132,13,14,2,CleanTech,Chennai,673329,1993442,Yes,High,5000000
133,6,6,1,HealthTech,Bangalore,586997,126401,No,Low,500000
134,9,5,2,AI,Chennai,198143,2494725,Yes,High,5000000
135,17,15,1,E-Commerce,Mumbai,1850046,1703701,No,Low,500000
136,3,4,10,AI,Mumbai,1025280,1046989,Yes,High,5000000
137,16,6,5,AgriTech,Kolkata,1190827,1714942,Yes,High,5000000
138,6,2,4,AI,Chennai,1428615,1666829,Yes,High,5000000
139,20,7,3,FinTech,Hyderabad,1791592,287208,No,Low,500000
140,9,8,8,AgriTech,Hyderabad,1690429,976415,No,Low,500000
141,5,8,7,AI,Chennai,1247074,1988333,Yes,High,5000000
142,7,9,8,AgriTech,Delhi,156900,956104,Yes,High,5000000
143,7,3,5,E-Commerce,Delhi,1498758,911108,No,Low,500000
144,18,1,4,E-Commerce,Bangalore,696990,2189838,Yes,High,5000000
145,12,10,8,AI,Mumbai,109586,638465,Yes,High,5000000
146,6,3,1,EdTech,Hyderabad,169054,1380611,Yes,High,5000000
147,18,5,7,AI,Kolkata,118295,2189588,Yes,High,5000000
148,10,12,6,AgriTech,Delhi,1840483,463647,No,Low,500000
149,20,11,8,EdTech,Hyderabad,1672005,1590776,No,Low,500000
150,19,5,5,FinTech,Bangalore,1691964,2303231,Yes,High,5000000
151,4,9,8,AI,Bangalore,1314590,277839,No,Low,500000
152,14,1,2,EdTech,Hyderabad,1903310,1087379,No,Low,500000
153,2,12,4,CleanTech,Pune,1623853,31620,No,Low,500000
154,6,3,3,FinTech,Mumbai,1352718,58732,No,Low,500000
155,20,2,4,HealthTech,Mumbai,293431,2453531,Yes,High,5000000
156,15,1,1,HealthTech,Chennai,911435,114986,No,Low,500000
157,5,0,6,HealthTech,Delhi,465049,971741,Yes,High,5000000
158,10,4,10,EdTech,Kolkata,1429123,1269232,No,Low,500000
159,6,7,5,FinTech,Delhi,1965620,1234309,No,Low,500000
160,10,4,6,EdTech,Hyderabad,1192623,2264131,Yes,High,5000000
161,9,1,1,EdTech,Delhi,840803,1095180,Yes,High,5000000
162,18,0,8,AgriTech,Pune,185936,2208335,Yes,High,5000000
163,18,1,7,AgriTech,Hyderabad,1649562,1445744,No,Low,500000
164,8,6,7,AgriTech,Mumbai,1151915,2274617,Yes,High,5000000
165,5,7,2,HealthTech,Kolkata,1454554,136164,No,Low,500000
166,2,6,9,HealthTech,Delhi,613873,1654239,Yes,High,5000000
167,14,2,3,CleanTech,Hyderabad,1080885,1891020,Yes,High,5000000
168,11,12,2,CleanTech,Hyderabad,1632717,2170500,Yes,High,5000000
169,18,5,4,HealthTech,Delhi,359253,942560,Yes,High,5000000
170,8,3,1,AgriTech,Bangalore,1627821,490887,No,Low,500000
171,18,5,7,E-Commerce,Mumbai,308064,2402984,Yes,High,5000000
172,10,0,4,FinTech,Kolkata,782126,808839,Yes,High,5000000
173,9,1,2,HealthTech,Chennai,1779720,1830387,Yes,High,5000000
174,10,7,1,AgriTech,Chennai,378196,1496755,Yes,High,5000000
175,6,1,10,EdTech,Pune,414334,1766939,Yes,High,5000000
176,9,11,10,FinTech,Chennai,1731574,879683,No,Low,500000
177,16,9,1,AgriTech,Mumbai,987663,568300,No,Low,500000
178,3,2,8,HealthTech,Pune,1883315,1265754,No,Low,500000
179,18,7,6,EdTech,Hyderabad,1639862,2314998,Yes,High,5000000
180,12,14,5,HealthTech,Hyderabad,525838,835845,Yes,High,5000000
181,5,12,6,E-Commerce,Pune,100693,984714,Yes,High,5000000
182,8,13,4,CleanTech,Kolkata,1023283,1710233,Yes,High,5000000
183,11,14,4,HealthTech,Mumbai,414732,1755037,Yes,High,5000000
184,14,15,9,EdTech,Hyderabad,790615,1170745,Yes,High,5000000
185,18,3,9,EdTech,Pune,744481,1933609,Yes,High,5000000
186,19,9,2,CleanTech,Mumbai,407747,2049416,Yes,High,5000000
187,17,4,1,AgriTech,Delhi,1660301,1872219,Yes,High,5000000
188,9,4,2,FinTech,Hyderabad,1730214,1196554,No,Low,500000
189,11,10,2,E-Commerce,Chennai,663538,852239,Yes,High,5000000
190,12,9,2,AI,Pune,1789599,1027099,No,Low,500000
191,4,11,3,E-Commerce,Chennai,1153972,1946962,Yes,High,5000000
192,14,9,8,AgriTech,Mumbai,649011,1356830,Yes,High,5000000
193,19,13,10,AI,Mumbai,907493,1448999,Yes,High,5000000
194,9,10,2,FinTech,Chennai,528698,1973517,Yes,High,5000000
195,12,11,4,FinTech,Mumbai,1840690,1138588,No,Low,500000
196,15,13,5,HealthTech,Bangalore,1864838,293677,No,Low,500000
197,19,12,3,AI,Chennai,1437415,1227597,No,Low,500000
198,20,15,9,EdTech,Kolkata,606347,749287,Yes,High,5000000
199,4,2,3,AgriTech,Bangalore,177102,2299573,Yes,High,5000000
200,12,0,10,CleanTech,Kolkata,1733798,1835471,Yes,High,5000000
201,19,12,9,HealthTech,Pune,1605259,840160,No,Low,500000
202,20,2,3,AI,Mumbai,1289691,488911,No,Low,500000
203,7,11,9,HealthTech,Chennai,1305383,740160,No,Low,500000
204,15,4,1,EdTech,Delhi,808260,343453,No,Low,500000
205,16,11,8,AI,Chennai,659934,1094273,Yes,High,5000000
206,13,7,9,HealthTech,Hyderabad,1713344,894865,No,Low,500000
207,15,9,2,EdTech,Chennai,63556,1501292,Yes,High,5000000
208,14,12,1,HealthTech,Kolkata,287597,1433753,Yes,High,5000000
209,3,13,5,E-Commerce,Hyderabad,57550,1107344,Yes,High,5000000
210,8,2,2,AgriTech,Mumbai,787424,631777,No,Low,500000
211,16,12,5,AgriTech,Kolkata,1988037,829802,No,Low,500000
212,17,3,4,E-Commerce,Bangalore,99669,157050,Yes,High,5000000
213,14,14,8,CleanTech,Kolkata,652069,2336022,Yes,High,5000000
214,13,11,10,FinTech,Kolkata,500806,1568957,Yes,High,5000000
215,18,9,10,FinTech,Hyderabad,776375,1396371,Yes,High,5000000
216,8,8,2,AgriTech,Hyderabad,286900,1725085,Yes,High,5000000
217,4,12,5,EdTech,Chennai,1510505,2259823,Yes,High,5000000
218,16,12,5,HealthTech,Kolkata,1287547,1397601,Yes,High,5000000
219,12,14,1,EdTech,Mumbai,1135955,109927,No,Low,500000
220,16,7,10,EdTech,Pune,1384357,1647317,Yes,High,5000000
221,12,6,3,AgriTech,Bangalore,1488720,439865,No,Low,500000
222,8,4,7,E-Commerce,Bangalore,109068,2133119,Yes,High,5000000
223,13,5,4,AgriTech,Pune,1637843,1231955,No,Low,500000
224,4,3,7,HealthTech,Bangalore,1021934,1712607,Yes,High,5000000
225,11,10,4,AI,Hyderabad,797756,1506204,Yes,High,5000000
226,7,4,7,HealthTech,Kolkata,135166,2361052,Yes,High,5000000
227,3,2,6,CleanTech,Hyderabad,77622,2366293,Yes,High,5000000
228,8,5,8,HealthTech,Hyderabad,597502,2049273,Yes,High,5000000
229,9,9,3,HealthTech,Kolkata,1755445,833649,No,Low,500000
230,4,9,8,FinTech,Bangalore,710766,985239,Yes,High,5000000
231,10,13,1,HealthTech,Mumbai,974526,2331291,Yes,High,5000000
232,20,6,3,AgriTech,Bangalore,445545,177915,No,Low,500000
233,8,13,9,FinTech,Kolkata,1234481,167712,No,Low,500000
234,17,8,3,AgriTech,Bangalore,1526379,781350,No,Low,500000
235,9,14,7,AI,Chennai,617537,1903746,Yes,High,5000000
236,20,0,9,E-Commerce,Kolkata,1873371,2224239,Yes,High,5000000
237,17,13,10,HealthTech,Bangalore,1825384,1965068,Yes,High,5000000
238,17,6,5,CleanTech,Delhi,1555918,2480376,Yes,High,5000000
239,7,0,10,E-Commerce,Kolkata,1577679,2088882,Yes,High,5000000
240,19,7,7,CleanTech,Mumbai,777928,1760609,Yes,High,5000000
241,5,10,10,HealthTech,Hyderabad,1283579,1251554,No,Low,500000
242,3,11,8,FinTech,Pune,530925,1333238,Yes,High,5000000
243,5,8,9,CleanTech,Pune,1450006,742859,No,Low,500000
244,2,8,9,FinTech,Hyderabad,1076052,1864577,Yes,High,5000000
245,2,2,4,AgriTech,Hyderabad,224796,339533,Yes,High,5000000
246,5,9,9,CleanTech,Pune,861710,277531,No,Low,500000
247,5,12,5,EdTech,Hyderabad,1179106,796406,No,Low,500000
248,12,3,8,HealthTech,Pune,1805682,608927,No,Low,500000
249,18,5,8,AgriTech,Kolkata,1071469,409446,No,Low,500000
250,18,10,3,AI,Hyderabad,1644814,1012376,No,Low,500000
251,12,8,9,AgriTech,Pune,916131,1444625,Yes,High,5000000
252,20,0,10,AI,Delhi,571767,1360590,Yes,High,5000000
253,15,9,10,AgriTech,Kolkata,202005,2078445,Yes,High,5000000
254,19,11,5,HealthTech,Kolkata,779282,60996,No,Low,500000
255,5,4,2,HealthTech,Pune,678138,2488048,Yes,High,5000000
256,12,9,7,AgriTech,Bangalore,233378,2215333,Yes,High,5000000
257,8,4,3,AI,Pune,82484,1269839,Yes,High,5000000
258,2,6,10,AI,Delhi,1274495,408921,No,Low,500000
259,9,9,6,CleanTech,Bangalore,1769793,1645554,No,Low,500000
260,15,7,10,AI,Kolkata,935823,2047664,Yes,High,5000000
261,5,11,9,AI,Pune,722390,594837,No,Low,500000
262,19,6,10,AI,Mumbai,1175387,2272629,Yes,High,5000000
263,10,14,3,CleanTech,Chennai,560784,1722685,Yes,High,5000000
264,6,9,9,AI,Pune,1360980,1107915,No,Low,500000
265,19,13,7,AI,Chennai,1643346,228480,No,Low,500000
266,3,5,5,HealthTech,Pune,1608473,389399,No,Low,500000
267,5,6,2,EdTech,Bangalore,218234,228520,Yes,High,5000000
268,17,14,6,AgriTech,Chennai,1741733,572867,No,Low,500000
269,9,7,10,EdTech,Mumbai,744991,1719798,Yes,High,5000000
270,8,2,1,CleanTech,Hyderabad,1844728,2267578,Yes,High,5000000
271,15,14,6,FinTech,Pune,1635940,1927594,Yes,High,5000000
272,11,9,9,FinTech,Chennai,1447833,786829,No,Low,500000
273,2,12,8,E-Commerce,Hyderabad,970319,2140168,Yes,High,5000000
274,19,12,10,CleanTech,Hyderabad,842781,1460347,Yes,High,5000000
275,19,2,9,AI,Chennai,488207,776737,Yes,High,5000000
276,16,11,5,E-Commerce,Chennai,1182747,2152016,Yes,High,5000000
277,14,3,4,E-Commerce,Kolkata,1007110,2226021,Yes,High,5000000
278,7,7,9,HealthTech,Hyderabad,1160581,1884641,Yes,High,5000000
279,18,5,8,EdTech,Hyderabad,67276,431528,Yes,High,5000000
280,3,4,3,CleanTech,Delhi,1094359,304614,No,Low,500000
281,10,8,4,EdTech,Pune,109668,539586,Yes,High,5000000
282,7,11,6,E-Commerce,Chennai,708152,2447018,Yes,High,5000000
283,6,7,2,FinTech,Bangalore,1257446,773647,No,Low,500000
284,8,14,5,EdTech,Delhi,849918,268679,No,Low,500000
285,9,2,9,EdTech,Bangalore,1116201,1005514,No,Low,500000
286,19,15,2,HealthTech,Mumbai,1997710,2111369,Yes,High,5000000
287,5,8,10,HealthTech,Mumbai,1037333,942998,No,Low,500000
288,6,9,4,EdTech,Mumbai,706558,2489891,Yes,High,5000000
289,19,1,4,CleanTech,Mumbai,1363680,2451665,Yes,High,5000000
290,9,7,2,CleanTech,Chennai,1706614,1167264,No,Low,500000
291,2,15,1,AgriTech,Delhi,248702,842281,Yes,High,5000000
292,9,1,3,AI,Pune,1703704,1001225,No,Low,500000
293,16,1,5,FinTech,Delhi,1100595,1090070,No,Low,500000
294,18,3,1,EdTech,Bangalore,361236,1473009,Yes,High,5000000
295,18,7,6,AgriTech,Hyderabad,1565308,639130,No,Low,500000
296,18,15,8,HealthTech,Bangalore,1437576,2089381,Yes,High,5000000
297,17,5,2,HealthTech,Delhi,888169,1531131,Yes,High,5000000
298,3,3,3,CleanTech,Delhi,1886686,906126,No,Low,500000
299,13,8,1,E-Commerce,Delhi,816885,2365222,Yes,High,5000000
300,19,1,10,CleanTech,Hyderabad,638559,2117721,Yes,High,5000000
301,7,12,4,FinTech,Delhi,904356,1999449,Yes,High,5000000
302,16,3,3,HealthTech,Hyderabad,1639769,1172536,No,Low,500000
303,11,2,8,AI,Delhi,1266516,1461491,Yes,High,5000000
304,20,15,9,FinTech,Bangalore,542698,903386,Yes,High,5000000
305,3,10,8,CleanTech,Chennai,1837043,540452,No,Low,500000
306,3,12,1,CleanTech,Delhi,1729797,468878,No,Low,500000
307,7,8,9,FinTech,Kolkata,1273382,2060801,Yes,High,5000000
308,17,8,3,AgriTech,Mumbai,1983827,1821594,No,Low,500000
309,14,10,1,AgriTech,Delhi,1128250,1912769,Yes,High,5000000
310,19,2,9,HealthTech,Bangalore,1237167,1998658,Yes,High,5000000
311,3,0,1,CleanTech,Kolkata,999307,2329727,Yes,High,5000000
312,11,4,4,AI,Pune,436497,1625832,Yes,High,5000000
313,11,3,9,HealthTech,Chennai,361405,169502,No,Low,500000
314,18,2,2,E-Commerce,Mumbai,894503,1465369,Yes,High,5000000
315,7,8,5,E-Commerce,Chennai,1619350,1196936,No,Low,500000
316,5,10,5,AgriTech,Kolkata,228404,1218569,Yes,High,5000000
317,3,1,2,AI,Mumbai,1820958,1445236,No,Low,500000
318,16,0,5,HealthTech,Pune,1590549,2374197,Yes,High,5000000
319,13,2,8,AgriTech,Kolkata,850279,2179090,Yes,High,5000000
320,17,14,7,EdTech,Kolkata,831814,2105414,Yes,High,5000000
321,3,2,1,HealthTech,Delhi,1327482,1180450,No,Low,500000
322,15,1,7,FinTech,Chennai,1193741,1297032,Yes,High,5000000
323,17,5,9,E-Commerce,Delhi,1085380,821779,No,Low,500000
324,10,3,10,CleanTech,Delhi,375249,167966,No,Low,500000
325,4,12,3,EdTech,Chennai,955940,1100271,Yes,High,5000000
326,16,1,5,HealthTech,Chennai,882964,2475932,Yes,High,5000000
327,9,6,7,CleanTech,Pune,1512300,1624175,Yes,High,5000000
328,2,9,10,AI,Delhi,1586324,825686,No,Low,500000
329,7,3,7,EdTech,Kolkata,1880418,1542662,No,Low,500000
330,19,4,8,FinTech,Hyderabad,1973881,747026,No,Low,500000
331,4,5,9,HealthTech,Chennai,1868095,1303480,No,Low,500000
332,18,12,5,CleanTech,Kolkata,589726,882214,Yes,High,5000000
333,6,0,7,FinTech,Kolkata,552322,1837135,Yes,High,5000000
334,7,3,1,AI,Delhi,708156,1668892,Yes,High,5000000
335,9,7,5,AgriTech,Pune,385110,723337,Yes,High,5000000
336,5,12,9,HealthTech,Chennai,1634517,1928166,Yes,High,5000000
337,14,13,2,FinTech,Delhi,1722307,2443938,Yes,High,5000000
338,18,1,9,FinTech,Bangalore,100941,1073966,Yes,High,5000000
339,6,4,5,AI,Chennai,393247,1933914,Yes,High,5000000
340,9,6,1,AgriTech,Delhi,1683651,520679,No,Low,500000
341,4,15,6,HealthTech,Pune,1896219,1244085,No,Low,500000
342,9,3,7,AI,Bangalore,443029,1550431,Yes,High,5000000
343,7,11,7,EdTech,Mumbai,501596,1002746,Yes,High,5000000
344,16,13,5,EdTech,Mumbai,1046427,328323,No,Low,500000
345,16,0,4,CleanTech,Mumbai,1123028,2252189,Yes,High,5000000
346,8,7,9,AI,Delhi,85959,816100,Yes,High,5000000
347,16,4,2,FinTech,Hyderabad,1782798,2352811,Yes,High,5000000
348,9,3,10,FinTech,Hyderabad,1747885,1227616,No,Low,500000
349,5,7,4,EdTech,Delhi,1494615,1529270,Yes,High,5000000
350,2,5,3,AgriTech,Delhi,1435617,592690,No,Low,500000
351,6,15,10,AgriTech,Mumbai,1374363,106622,No,Low,500000
352,3,3,8,AgriTech,Kolkata,1880285,176770,No,Low,500000
353,12,15,3,E-Commerce,Chennai,533566,1852552,Yes,High,5000000
354,2,9,5,HealthTech,Chennai,335041,1272595,Yes,High,5000000
355,15,10,5,EdTech,Kolkata,1025955,1543040,Yes,High,5000000
356,2,3,9,AgriTech,Pune,1563461,1750587,Yes,High,5000000
357,4,10,5,HealthTech,Chennai,1347903,423528,No,Low,500000
358,18,5,10,AI,Mumbai,1120089,2092463,Yes,High,5000000
359,11,3,4,CleanTech,Bangalore,1365464,213254,No,Low,500000
360,8,9,1,EdTech,Pune,530875,1987627,Yes,High,5000000
361,19,5,3,EdTech,Bangalore,249065,1569027,Yes,High,5000000
362,12,1,10,EdTech,Mumbai,971669,2350550,Yes,High,5000000
363,4,12,1,AI,Pune,1864913,750153,No,Low,500000
364,19,12,1,EdTech,Chennai,1093134,213502,No,Low,500000
365,13,4,2,HealthTech,Kolkata,1850657,932084,No,Low,500000
366,6,6,1,E-Commerce,Kolkata,60924,728763,Yes,High,5000000
367,18,0,10,HealthTech,Hyderabad,621399,1013053,Yes,High,5000000
368,7,6,1,HealthTech,Delhi,1661833,1751922,Yes,High,5000000
369,13,8,9,AI,Mumbai,1876757,2304916,Yes,High,5000000
370,10,8,4,CleanTech,Delhi,346452,80728,No,Low,500000
371,13,3,3,E-Commerce,Pune,279740,2152075,Yes,High,5000000
372,18,2,5,CleanTech,Pune,1835017,1339336,No,Low,500000
373,18,3,9,CleanTech,Kolkata,970342,2079747,Yes,High,5000000
374,15,6,9,EdTech,Hyderabad,1601165,1973402,Yes,High,5000000
375,8,3,9,AI,Pune,441535,1754281,Yes,High,5000000
376,5,15,4,EdTech,Mumbai,672746,338874,No,Low,500000
377,10,7,5,CleanTech,Delhi,1524913,2216148,Yes,High,5000000
378,9,12,2,HealthTech,Mumbai,371833,1870041,Yes,High,5000000
379,3,0,9,HealthTech,Delhi,411458,1363266,Yes,High,5000000
380,8,7,1,HealthTech,Delhi,345575,789768,Yes,High,5000000
381,15,11,5,AI,Hyderabad,1463029,579997,No,Low,500000
382,15,4,9,HealthTech,Chennai,1859456,2097327,Yes,High,5000000
383,8,10,3,CleanTech,Mumbai,427169,1639488,Yes,High,5000000
384,12,12,8,HealthTech,Pune,841235,411891,No,Low,500000
385,18,9,3,CleanTech,Bangalore,1074746,2411432,Yes,High,5000000
386,16,11,2,AgriTech,Hyderabad,652564,1033077,Yes,High,5000000
387,16,7,5,AI,Kolkata,468009,1515016,Yes,High,5000000
388,10,5,3,FinTech,Hyderabad,1173921,341497,No,Low,500000
389,15,14,5,FinTech,Bangalore,1027065,397641,No,Low,500000
390,10,15,3,AI,Bangalore,876327,1819704,Yes,High,5000000
391,14,6,10,FinTech,Chennai,1588790,2493092,Yes,High,5000000
392,20,15,1,FinTech,Delhi,751711,381395,No,Low,500000
393,3,9,1,AI,Bangalore,392227,1951818,Yes,High,5000000
394,17,11,4,E-Commerce,Hyderabad,1237827,1827602,Yes,High,5000000
395,5,0,8,AgriTech,Hyderabad,1260079,1837504,Yes,High,5000000
396,8,15,4,E-Commerce,Hyderabad,1383323,801492,No,Low,500000
397,20,13,1,HealthTech,Delhi,1807780,1408995,No,Low,500000
398,12,15,2,CleanTech,Hyderabad,1371376,1249474,No,Low,500000
399,3,11,9,FinTech,Pune,1872845,1904087,Yes,High,5000000
400,14,10,7,HealthTech,Bangalore,1066427,945980,No,Low,500000
401,10,11,9,CleanTech,Chennai,719908,931543,Yes,High,5000000
402,10,0,5,AgriTech,Mumbai,395678,2306738,Yes,High,5000000
403,10,10,3,EdTech,Pune,489610,26550,No,Low,500000
404,3,1,9,AgriTech,Delhi,84828,397418,Yes,High,5000000
405,20,3,1,HealthTech,Hyderabad,1232427,1952921,Yes,High,5000000
406,11,12,3,CleanTech,Delhi,1061322,98796,No,Low,500000
407,10,11,1,AI,Delhi,1936992,994734,No,Low,500000
408,18,10,1,AgriTech,Chennai,1964892,2167774,Yes,High,5000000
409,4,9,10,AI,Delhi,867201,645213,No,Low,500000
410,16,0,9,AgriTech,Pune,1424668,838601,No,Low,500000
411,14,6,2,CleanTech,Mumbai,398032,2125011,Yes,High,5000000
412,19,0,2,FinTech,Bangalore,1546020,264371,No,Low,500000
413,7,2,9,EdTech,Mumbai,1332007,2479580,Yes,High,5000000
414,7,0,7,HealthTech,Bangalore,1450346,887497,No,Low,500000
415,5,11,1,CleanTech,Delhi,319336,942152,Yes,High,5000000
416,6,1,7,AI,Delhi,1841287,208266,No,Low,500000
417,11,0,3,E-Commerce,Mumbai,429397,2007364,Yes,High,5000000
418,20,13,3,CleanTech,Mumbai,1354391,860255,No,Low,500000
419,7,0,4,FinTech,Delhi,266986,2131922,Yes,High,5000000
420,16,7,3,E-Commerce,Pune,1954341,296520,No,Low,500000
421,19,4,3,CleanTech,Bangalore,1314486,484516,No,Low,500000
422,9,14,1,E-Commerce,Chennai,614209,41562,No,Low,500000
423,8,9,4,AgriTech,Kolkata,358427,1324749,Yes,High,5000000
424,7,0,7,AgriTech,Chennai,636306,785466,Yes,High,5000000
425,9,4,2,FinTech,Kolkata,76373,901065,Yes,High,5000000
426,14,11,3,CleanTech,Mumbai,1840177,644977,No,Low,500000
427,17,14,6,CleanTech,Kolkata,1053144,1845485,Yes,High,5000000
428,4,6,10,E-Commerce,Hyderabad,1096975,1275553,Yes,High,5000000
429,3,1,8,CleanTech,Chennai,1002674,2496340,Yes,High,5000000
430,15,4,1,EdTech,Kolkata,228993,1652896,Yes,High,5000000
431,10,8,7,E-Commerce,Kolkata,1517215,1910780,Yes,High,5000000
432,9,3,6,AI,Chennai,1492904,330116,No,Low,500000
433,3,5,4,FinTech,Pune,160982,1100952,Yes,High,5000000
434,12,14,9,EdTech,Delhi,761772,321224,No,Low,500000
435,18,15,7,AgriTech,Mumbai,1756746,1346069,No,Low,500000
436,4,14,10,HealthTech,Delhi,1336072,726889,No,Low,500000
437,18,10,5,E-Commerce,Pune,1894732,2480893,Yes,High,5000000
438,16,5,5,AI,Hyderabad,370834,693814,Yes,High,5000000
439,6,9,3,FinTech,Hyderabad,206074,517049,Yes,High,5000000
440,17,13,10,AgriTech,Hyderabad,290901,1031851,Yes,High,5000000
441,9,3,2,AgriTech,Pune,1554213,2215273,Yes,High,5000000
442,5,0,7,FinTech,Pune,1440724,966838,No,Low,500000
443,10,11,2,HealthTech,Mumbai,703905,261381,No,Low,500000
444,9,15,7,CleanTech,Pune,1709559,373641,No,Low,500000
445,17,7,7,FinTech,Delhi,88887,2118113,Yes,High,5000000
446,14,13,6,EdTech,Pune,1091259,1944045,Yes,High,5000000
447,12,8,2,FinTech,Mumbai,1902843,1265127,No,Low,500000
448,5,11,3,FinTech,Mumbai,1823270,27924,No,Low,500000
449,9,7,4,EdTech,Chennai,234678,2261878,Yes,High,5000000
450,4,10,1,AgriTech,Hyderabad,815613,2192706,Yes,High,5000000
451,5,2,5,EdTech,Bangalore,1611850,1916424,Yes,High,5000000
452,17,13,6,EdTech,Kolkata,673052,108150,No,Low,500000
453,13,8,6,EdTech,Mumbai,1727921,1942076,Yes,High,5000000
454,2,9,1,E-Commerce,Chennai,1005540,2452034,Yes,High,5000000
455,7,0,7,E-Commerce,Bangalore,51692,187187,Yes,High,5000000
456,20,8,4,CleanTech,Delhi,964976,2024153,Yes,High,5000000
457,3,15,5,HealthTech,Delhi,168164,1905754,Yes,High,5000000
458,4,3,9,E-Commerce,Hyderabad,1074315,2071017,Yes,High,5000000
459,16,10,4,AI,Delhi,473411,1569095,Yes,High,5000000
460,18,0,1,FinTech,Pune,693048,2228052,Yes,High,5000000
461,17,0,7,FinTech,Pune,653799,1932137,Yes,High,5000000
462,6,13,6,AI,Pune,647842,1760930,Yes,High,5000000
463,7,10,6,AI,Delhi,1555286,1168862,No,Low,500000
464,15,6,2,HealthTech,Pune,1404177,1322968,No,Low,500000
465,13,4,5,HealthTech,Hyderabad,133907,700517,Yes,High,5000000
466,16,3,1,EdTech,Kolkata,1181157,789222,No,Low,500000
467,9,12,3,AgriTech,Chennai,1678999,1696159,Yes,High,5000000
468,15,1,7,EdTech,Pune,1683035,1394588,No,Low,500000
469,3,6,6,EdTech,Bangalore,592788,265305,No,Low,500000
470,2,7,3,FinTech,Mumbai,838013,2394325,Yes,High,5000000
471,13,13,6,E-Commerce,Chennai,1970289,1119765,No,Low,500000
472,14,3,9,AgriTech,Bangalore,1802115,564632,No,Low,500000
473,6,8,5,CleanTech,Bangalore,352608,2286216,Yes,High,5000000
474,7,14,8,HealthTech,Mumbai,428198,60410,No,Low,500000
475,11,15,6,CleanTech,Pune,391876,1142314,Yes,High,5000000
476,3,9,6,AgriTech,Hyderabad,1838302,2127322,Yes,High,5000000
477,17,3,9,AI,Bangalore,543242,2351698,Yes,High,5000000
478,6,10,3,E-Commerce,Hyderabad,1354850,888522,No,Low,500000
479,16,15,1,HealthTech,Pune,778787,2443847,Yes,High,5000000
480,16,10,1,CleanTech,Mumbai,518345,823598,Yes,High,5000000
481,14,13,5,CleanTech,Kolkata,817348,82666,No,Low,500000
482,3,3,9,E-Commerce,Chennai,541987,1571849,Yes,High,5000000
483,12,12,7,AI,Kolkata,427224,428832,Yes,High,5000000
484,15,14,5,CleanTech,Bangalore,282153,2328705,Yes,High,5000000
485,5,14,3,E-Commerce,Pune,97781,1449292,Yes,High,5000000
486,8,7,3,EdTech,Kolkata,1751986,1246635,No,Low,500000
487,12,3,7,HealthTech,Hyderabad,418259,2186173,Yes,High,5000000
488,20,6,8,EdTech,Hyderabad,1873404,31370,No,Low,500000
489,19,7,7,EdTech,Hyderabad,567670,852038,Yes,High,5000000
490,17,14,5,E-Commerce,Delhi,177534,971412,Yes,High,5000000
491,9,2,1,EdTech,Pune,187026,1002593,Yes,High,5000000
492,7,15,9,HealthTech,Mumbai,84513,876560,Yes,High,5000000
493,16,6,9,FinTech,Bangalore,1040913,2007743,Yes,High,5000000
494,2,0,2,AgriTech,Kolkata,725111,2131794,Yes,High,5000000
495,12,11,6,AgriTech,Kolkata,429703,1798127,Yes,High,5000000
496,13,6,8,FinTech,Bangalore,597026,1489959,Yes,High,5000000
497,8,0,2,E-Commerce,Pune,1828757,336890,No,Low,500000
498,8,7,4,HealthTech,Mumbai,1493106,528230,No,Low,500000
499,4,5,10,AgriTech,Delhi,1984762,2447247,Yes,High,5000000
500,15,2,7,AgriTech,Kolkata,913169,2013125,Yes,High,5000000
501,11,14,7,EdTech,Pune,837827,1836112,Yes,High,5000000
502,12,3,4,AI,Hyderabad,1329343,560796,No,Low,500000
503,13,0,7,FinTech,Bangalore,889808,847473,No,Low,500000
504,19,10,4,EdTech,Chennai,1530508,477649,No,Low,500000
505,18,6,10,FinTech,Mumbai,59855,269238,Yes,High,5000000
506,15,8,4,HealthTech,Pune,626996,2103690,Yes,High,5000000
507,16,1,10,FinTech,Hyderabad,1130683,2093782,Yes,High,5000000
508,14,13,10,EdTech,Bangalore,1960364,495466,No,Low,500000
509,11,9,8,HealthTech,Hyderabad,71263,107190,Yes,High,5000000
510,2,14,8,E-Commerce,Kolkata,954006,107464,No,Low,500000
511,5,12,1,E-Commerce,Bangalore,1719275,640447,No,Low,500000
512,13,4,1,EdTech,Bangalore,1924720,1700426,No,Low,500000
513,10,7,8,HealthTech,Bangalore,115895,2363142,Yes,High,5000000
514,9,11,2,EdTech,Delhi,1404395,700959,No,Low,500000
515,13,1,2,HealthTech,Kolkata,1640843,2053149,Yes,High,5000000
516,7,5,1,CleanTech,Hyderabad,1307835,1418619,Yes,High,5000000
517,15,15,3,AgriTech,Kolkata,638178,473035,No,Low,500000
518,7,10,6,FinTech,Chennai,1989888,406458,No,Low,500000
519,17,2,10,HealthTech,Bangalore,1803657,859320,No,Low,500000
520,6,4,8,CleanTech,Hyderabad,1949199,687056,No,Low,500000
521,18,5,1,E-Commerce,Bangalore,1836578,417116,No,Low,500000
522,6,11,8,AI,Delhi,1958356,1514289,No,Low,500000
523,16,1,4,HealthTech,Mumbai,1119649,2445152,Yes,High,5000000
524,12,12,8,FinTech,Kolkata,601909,1549391,Yes,High,5000000
525,5,14,5,E-Commerce,Chennai,1066477,71022,No,Low,500000
526,13,3,8,E-Commerce,Chennai,772615,774392,Yes,High,5000000
527,16,13,8,CleanTech,Delhi,1562527,474721,No,Low,500000
528,17,8,10,EdTech,Kolkata,1535276,1446465,No,Low,500000
529,10,15,10,AgriTech,Chennai,1863132,488189,No,Low,500000
530,20,15,9,AgriTech,Chennai,1712123,724202,No,Low,500000
531,9,5,7,AgriTech,Hyderabad,1071460,206000,No,Low,500000
532,17,5,7,FinTech,Kolkata,1286329,1350359,Yes,High,5000000
533,6,6,9,E-Commerce,Hyderabad,653015,1261320,Yes,High,5000000
534,19,9,2,HealthTech,Mumbai,1171861,1970747,Yes,High,5000000
535,11,8,7,FinTech,Chennai,1486814,546491,No,Low,500000
536,9,4,7,AgriTech,Mumbai,1656158,1969183,Yes,High,5000000
537,6,2,9,EdTech,Mumbai,836291,139077,No,Low,500000
538,20,13,7,HealthTech,Mumbai,693790,2145909,Yes,High,5000000
539,20,14,1,AI,Chennai,436825,381361,No,Low,500000
540,13,7,2,E-Commerce,Chennai,368575,388110,Yes,High,5000000
541,15,7,8,E-Commerce,Chennai,702313,1123609,Yes,High,5000000
542,16,5,1,FinTech,Hyderabad,785828,1538857,Yes,High,5000000
543,9,15,4,AgriTech,Chennai,517803,743456,Yes,High,5000000
544,17,3,6,E-Commerce,Mumbai,1004562,761379,No,Low,500000
545,11,7,9,AgriTech,Kolkata,1409149,2204505,Yes,High,5000000
546,15,0,6,E-Commerce,Mumbai,446573,2412421,Yes,High,5000000
547,18,7,3,AgriTech,Hyderabad,1547930,546779,No,Low,500000
548,18,12,7,FinTech,Kolkata,1544028,1758827,Yes,High,5000000
549,19,11,5,AgriTech,Bangalore,1746576,794728,No,Low,500000
550,4,6,3,CleanTech,Hyderabad,417448,56383,No,Low,500000
551,17,3,4,E-Commerce,Bangalore,914730,718492,No,Low,500000
552,11,13,9,CleanTech,Chennai,896088,775984,No,Low,500000
553,17,14,4,E-Commerce,Hyderabad,1377243,2219067,Yes,High,5000000
554,5,2,4,HealthTech,Kolkata,641750,1217820,Yes,High,5000000
555,11,2,5,E-Commerce,Kolkata,1308511,2480302,Yes,High,5000000
556,4,2,5,E-Commerce,Hyderabad,303503,1754275,Yes,High,5000000
557,12,5,6,CleanTech,Delhi,912639,1654698,Yes,High,5000000
558,17,12,4,AgriTech,Hyderabad,1933246,2051399,Yes,High,5000000
559,6,15,3,E-Commerce,Pune,263386,367163,Yes,High,5000000
560,20,3,9,AgriTech,Pune,379090,1823466,Yes,High,5000000
561,2,11,1,AgriTech,Pune,149752,1550256,Yes,High,5000000
562,13,13,5,E-Commerce,Delhi,696123,308677,No,Low,500000
563,19,11,1,E-Commerce,Kolkata,903405,903277,No,Low,500000
564,6,0,7,FinTech,Bangalore,1510618,690104,No,Low,500000
565,8,3,2,AgriTech,Bangalore,1660361,1548130,No,Low,500000
566,14,14,6,FinTech,Delhi,881595,2330646,Yes,High,5000000
567,20,10,2,AI,Pune,1651099,277241,No,Low,500000
568,18,2,4,AI,Chennai,1706260,1208933,No,Low,500000
569,9,6,7,E-Commerce,Bangalore,175115,1518093,Yes,High,5000000
570,17,2,7,HealthTech,Mumbai,1891754,810029,No,Low,500000
571,3,7,1,AgriTech,Hyderabad,1737664,935122,No,Low,500000
572,15,12,8,HealthTech,Pune,1263900,2341244,Yes,High,5000000
573,2,14,8,E-Commerce,Hyderabad,1056844,1270857,Yes,High,5000000
574,19,5,2,E-Commerce,Mumbai,673305,1988550,Yes,High,5000000
575,19,14,2,E-Commerce,Delhi,672572,2354277,Yes,High,5000000
576,2,5,8,EdTech,Hyderabad,1728146,2290295,Yes,High,5000000
577,6,13,3,EdTech,Mumbai,1040130,807381,No,Low,500000
578,14,13,1,HealthTech,Kolkata,664908,1791060,Yes,High,5000000
579,19,5,2,AI,Chennai,733008,1099523,Yes,High,5000000
580,12,8,9,HealthTech,Chennai,798444,1590574,Yes,High,5000000
581,14,15,10,E-Commerce,Kolkata,465443,52474,No,Low,500000
582,12,11,5,EdTech,Pune,847379,380575,No,Low,500000
583,16,15,3,AI,Pune,719379,1764397,Yes,High,5000000
584,7,7,3,E-Commerce,Chennai,1335823,263917,No,Low,500000
585,13,7,8,EdTech,Delhi,1641077,2064307,Yes,High,5000000
586,19,15,9,EdTech,Delhi,936115,205649,No,Low,500000
587,10,7,5,EdTech,Pune,1340902,278845,No,Low,500000
588,19,12,7,AgriTech,Bangalore,1767928,1930515,Yes,High,5000000
589,8,9,7,HealthTech,Delhi,163173,425816,Yes,High,5000000
590,12,8,8,FinTech,Mumbai,1999903,1321371,No,Low,500000
591,16,1,8,HealthTech,Mumbai,59402,2221761,Yes,High,5000000
592,10,2,2,CleanTech,Kolkata,266449,530553,Yes,High,5000000
593,3,0,9,HealthTech,Mumbai,830769,2013925,Yes,High,5000000
594,10,13,1,AI,Bangalore,1292781,667179,No,Low,500000
595,17,13,3,E-Commerce,Bangalore,1908525,1606445,No,Low,500000
596,10,12,9,CleanTech,Pune,1416160,1977626,Yes,High,5000000
597,16,13,3,AgriTech,Bangalore,1899509,1540997,No,Low,500000
598,4,5,6,AI,Pune,1709234,1596800,No,Low,500000
599,9,13,8,HealthTech,Kolkata,1788815,87950,No,Low,500000
600,9,4,7,FinTech,Bangalore,1528838,1791864,Yes,High,5000000
601,5,5,4,FinTech,Bangalore,887446,211426,No,Low,500000
602,12,7,10,FinTech,Pune,1081849,1434049,Yes,High,5000000
603,18,10,2,FinTech,Delhi,749487,1442617,Yes,High,5000000
604,14,2,4,AI,Delhi,1750390,494438,No,Low,500000
605,18,12,4,AI,Pune,983218,709893,No,Low,500000
606,2,5,6,HealthTech,Hyderabad,1563894,210508,No,Low,500000
607,11,4,9,AI,Hyderabad,1150376,1597379,Yes,High,5000000
608,15,4,5,CleanTech,Pune,541931,583300,Yes,High,5000000
609,10,10,5,HealthTech,Bangalore,577448,1612579,Yes,High,5000000
610,3,13,5,EdTech,Chennai,573505,1364062,Yes,High,5000000
611,9,11,5,AgriTech,Mumbai,588467,231965,No,Low,500000
612,17,15,1,AgriTech,Mumbai,398967,2491133,Yes,High,5000000
613,5,15,2,E-Commerce,Kolkata,584705,2197879,Yes,High,5000000
614,16,0,7,EdTech,Delhi,1384228,1989112,Yes,High,5000000
615,13,4,7,HealthTech,Delhi,935152,821710,No,Low,500000
616,19,0,4,AgriTech,Kolkata,646805,195045,No,Low,500000
617,8,15,9,FinTech,Mumbai,296210,609880,Yes,High,5000000
618,5,10,3,CleanTech,Kolkata,1502669,2418466,Yes,High,5000000
619,11,8,6,HealthTech,Chennai,114864,789175,Yes,High,5000000
620,11,10,5,FinTech,Delhi,1100753,1948314,Yes,High,5000000
621,16,3,3,HealthTech,Kolkata,904713,664491,No,Low,500000
622,4,15,3,FinTech,Pune,1664091,1609389,No,Low,500000
623,15,10,8,HealthTech,Bangalore,787805,929743,Yes,High,5000000
624,13,9,7,HealthTech,Mumbai,1046012,1039093,No,Low,500000
625,8,2,7,HealthTech,Bangalore,291526,1820496,Yes,High,5000000
626,9,13,5,CleanTech,Bangalore,726064,2163797,Yes,High,5000000
627,5,2,1,AI,Bangalore,867763,377629,No,Low,500000
628,17,3,1,HealthTech,Pune,1847261,2275494,Yes,High,5000000
629,3,5,6,HealthTech,Hyderabad,1742662,515950,No,Low,500000
630,4,10,8,EdTech,Pune,1806519,792576,No,Low,500000
631,12,2,9,E-Commerce,Hyderabad,986911,1164674,Yes,High,5000000
632,10,13,10,AI,Pune,1882622,2047748,Yes,High,5000000
633,12,0,6,AgriTech,Mumbai,872902,1318256,Yes,High,5000000
634,19,15,5,FinTech,Mumbai,695155,1845380,Yes,High,5000000
635,10,14,2,E-Commerce,Bangalore,1107947,1302200,Yes,High,5000000
636,19,12,5,AgriTech,Pune,1278113,488937,No,Low,500000
637,16,5,10,CleanTech,Chennai,1961156,2235757,Yes,High,5000000
638,3,9,1,CleanTech,Kolkata,1196543,1296695,Yes,High,5000000
639,19,9,1,FinTech,Delhi,792502,2325109,Yes,High,5000000
640,3,10,1,HealthTech,Mumbai,1946056,1873008,No,Low,500000
641,14,8,8,HealthTech,Chennai,987032,46838,No,Low,500000
642,8,12,8,AI,Mumbai,1365080,2200726,Yes,High,5000000
643,7,8,1,FinTech,Kolkata,133692,1717412,Yes,High,5000000
644,3,1,9,HealthTech,Mumbai,1548816,548841,No,Low,500000
645,4,5,3,CleanTech,Hyderabad,793758,282255,No,Low,500000
646,6,8,1,FinTech,Pune,288646,572786,Yes,High,5000000
647,19,6,6,CleanTech,Bangalore,759803,1772758,Yes,High,5000000
648,10,7,4,HealthTech,Pune,751405,1599280,Yes,High,5000000
649,10,13,4,CleanTech,Pune,511418,277811,No,Low,500000
650,20,4,4,AI,Hyderabad,880314,1426144,Yes,High,5000000
651,14,1,2,AI,Hyderabad,1997095,1532909,No,Low,500000
652,4,14,7,AI,Mumbai,705960,1311313,Yes,High,5000000
653,2,15,9,AI,Pune,728484,1010742,Yes,High,5000000
654,8,4,1,EdTech,Chennai,1945092,1488872,No,Low,500000
655,11,5,1,AgriTech,Kolkata,346017,133515,No,Low,500000
656,13,3,9,AgriTech,Bangalore,1109516,1450266,Yes,High,5000000
657,18,10,4,HealthTech,Mumbai,1714254,843241,No,Low,500000
658,10,14,5,CleanTech,Mumbai,1399119,1290167,No,Low,500000
659,6,3,2,AI,Hyderabad,981980,773657,No,Low,500000
660,5,8,3,E-Commerce,Mumbai,196099,862988,Yes,High,5000000
661,19,11,9,AI,Chennai,697753,2462578,Yes,High,5000000
662,14,7,5,EdTech,Pune,1943397,1277383,No,Low,500000
663,2,4,2,AI,Pune,1069507,780522,No,Low,500000
664,2,8,2,AI,Bangalore,828307,2135485,Yes,High,5000000
665,4,3,7,CleanTech,Mumbai,1662554,1848227,Yes,High,5000000
666,17,10,2,HealthTech,Delhi,812248,1267921,Yes,High,5000000
667,20,7,5,EdTech,Hyderabad,1215490,1318328,Yes,High,5000000
668,18,4,2,AI,Delhi,1524931,177393,No,Low,500000
669,11,4,10,HealthTech,Pune,718280,1215113,Yes,High,5000000
670,18,6,7,HealthTech,Pune,572822,1124161,Yes,High,5000000
671,11,12,7,AI,Bangalore,1099241,1969786,Yes,High,5000000
672,11,10,1,AgriTech,Kolkata,806137,2252977,Yes,High,5000000
673,20,15,6,CleanTech,Mumbai,616668,2050608,Yes,High,5000000
674,18,0,8,HealthTech,Bangalore,1831708,669255,No,Low,500000
675,6,1,5,CleanTech,Delhi,689273,2258746,Yes,High,5000000
676,11,4,1,HealthTech,Delhi,1320274,2400444,Yes,High,5000000
677,3,10,4,AgriTech,Mumbai,1859625,76585,No,Low,500000
678,11,11,9,CleanTech,Pune,1716802,1904230,Yes,High,5000000
679,17,13,7,HealthTech,Bangalore,760992,483048,No,Low,500000
680,7,7,1,CleanTech,Mumbai,1834706,758962,No,Low,500000
681,4,13,2,EdTech,Mumbai,604603,1817363,Yes,High,5000000
682,12,9,5,AgriTech,Mumbai,77573,2135845,Yes,High,5000000
683,15,0,6,HealthTech,Bangalore,170545,2318829,Yes,High,5000000
684,7,8,2,CleanTech,Kolkata,686071,1987205,Yes,High,5000000
685,18,8,7,AI,Mumbai,70930,1411512,Yes,High,5000000
686,20,0,10,FinTech,Kolkata,1757088,264004,No,Low,500000
687,18,8,3,E-Commerce,Chennai,1634038,441288,No,Low,500000
688,6,7,6,FinTech,Delhi,188662,596008,Yes,High,5000000
689,11,0,9,E-Commerce,Chennai,1412395,131990,No,Low,500000
690,8,4,1,FinTech,Chennai,1367650,1521049,Yes,High,5000000
691,16,14,3,E-Commerce,Hyderabad,1896037,582440,No,Low,500000
692,16,12,1,EdTech,Kolkata,1422188,1287346,No,Low,500000
693,9,10,7,AI,Chennai,1092755,1374660,Yes,High,5000000
694,6,5,6,E-Commerce,Bangalore,1113861,531665,No,Low,500000
695,20,1,3,AI,Chennai,1905078,2026951,Yes,High,5000000
696,16,3,6,AI,Pune,1566426,1940501,Yes,High,5000000
697,19,10,5,FinTech,Kolkata,1969671,970870,No,Low,500000
698,2,3,10,CleanTech,Mumbai,1827213,1197207,No,Low,500000
699,5,7,6,EdTech,Chennai,164111,1674348,Yes,High,5000000
700,20,9,1,E-Commerce,Hyderabad,1105591,1479598,Yes,High,5000000
701,20,8,4,AI,Hyderabad,460869,934069,Yes,High,5000000
702,18,11,1,CleanTech,Pune,1634521,860729,No,Low,500000
703,7,8,7,FinTech,Bangalore,1893003,1539945,No,Low,500000
704,18,13,10,FinTech,Mumbai,380170,880720,Yes,High,5000000
705,12,14,6,EdTech,Mumbai,1834535,1702235,No,Low,500000
706,16,6,8,HealthTech,Bangalore,1388124,1129095,No,Low,500000
707,10,3,3,FinTech,Kolkata,1724236,188129,No,Low,500000
708,16,11,7,AI,Kolkata,727062,158398,No,Low,500000
709,4,1,5,E-Commerce,Bangalore,1660926,192588,No,Low,500000
710,6,12,5,FinTech,Hyderabad,355645,1764292,Yes,High,5000000
711,13,0,4,EdTech,Hyderabad,486634,2280948,Yes,High,5000000
712,19,2,9,CleanTech,Bangalore,1425624,1948099,Yes,High,5000000
713,13,0,7,FinTech,Bangalore,280082,2316274,Yes,High,5000000
714,6,5,3,CleanTech,Hyderabad,1135793,2167671,Yes,High,5000000
715,8,5,3,CleanTech,Delhi,134494,154282,Yes,High,5000000
716,2,1,4,AI,Delhi,1058331,884151,No,Low,500000
717,13,9,4,CleanTech,Pune,1775964,1425989,No,Low,500000
718,4,12,4,AI,Bangalore,1297353,1342919,Yes,High,5000000
719,18,8,1,CleanTech,Bangalore,1770392,1469821,No,Low,500000
720,8,3,3,FinTech,Bangalore,1387500,967025,No,Low,500000
721,12,11,10,HealthTech,Chennai,1530292,1903493,Yes,High,5000000
722,20,4,10,HealthTech,Mumbai,501555,1814038,Yes,High,5000000
723,8,9,7,FinTech,Chennai,1702061,1269486,No,Low,500000
724,18,5,6,EdTech,Hyderabad,245331,1796107,Yes,High,5000000
725,7,4,3,CleanTech,Delhi,1968810,875188,No,Low,500000
726,3,8,5,E-Commerce,Bangalore,1773369,636447,No,Low,500000
727,9,13,7,AgriTech,Chennai,849601,456296,No,Low,500000
728,6,11,6,HealthTech,Delhi,242143,1658138,Yes,High,5000000
729,15,11,9,FinTech,Bangalore,1927862,1935514,Yes,High,5000000
730,4,4,4,CleanTech,Bangalore,645209,71353,No,Low,500000
731,14,9,5,CleanTech,Hyderabad,1598301,2180593,Yes,High,5000000
732,10,13,6,FinTech,Mumbai,526986,1900819,Yes,High,5000000
733,6,7,7,FinTech,Hyderabad,1979294,1167379,No,Low,500000
734,19,5,6,E-Commerce,Delhi,354467,2402483,Yes,High,5000000
735,11,9,2,AgriTech,Kolkata,392381,2047598,Yes,High,5000000
736,12,6,4,FinTech,Hyderabad,956804,1466236,Yes,High,5000000
737,10,3,5,E-Commerce,Kolkata,1831854,457051,No,Low,500000
738,19,6,1,CleanTech,Hyderabad,1180426,460206,No,Low,500000
739,6,14,8,HealthTech,Pune,1714937,197683,No,Low,500000
740,11,4,6,AgriTech,Bangalore,906663,129527,No,Low,500000
741,15,3,9,AgriTech,Bangalore,1874972,347993,No,Low,500000
742,13,11,9,FinTech,Delhi,329178,1966681,Yes,High,5000000
743,14,12,2,CleanTech,Kolkata,1851616,977121,No,Low,500000
744,2,6,4,AI,Mumbai,1968744,2250848,Yes,High,5000000
745,2,4,6,E-Commerce,Pune,1190542,812099,No,Low,500000
746,2,2,5,CleanTech,Kolkata,175655,953275,Yes,High,5000000
747,16,8,1,HealthTech,Mumbai,715463,1114564,Yes,High,5000000
748,17,10,3,AI,Mumbai,1441157,181646,No,Low,500000
749,4,13,9,AgriTech,Mumbai,733738,543801,No,Low,500000
750,9,14,3,FinTech,Pune,1196663,752461,No,Low,500000
751,5,4,10,EdTech,Pune,363787,1835553,Yes,High,5000000
752,18,5,7,CleanTech,Pune,784430,1535615,Yes,High,5000000
753,11,13,4,AgriTech,Kolkata,105389,694781,Yes,High,5000000
754,2,5,4,E-Commerce,Kolkata,1196316,539185,No,Low,500000
755,9,9,9,HealthTech,Chennai,211114,2451350,Yes,High,5000000
756,8,9,5,AgriTech,Bangalore,1801798,967461,No,Low,500000
757,19,12,7,AgriTech,Delhi,1539868,173029,No,Low,500000
758,10,11,1,EdTech,Pune,207381,1822933,Yes,High,5000000
759,10,10,6,AI,Bangalore,394115,1789393,Yes,High,5000000
760,20,0,3,AgriTech,Chennai,1427864,647358,No,Low,500000
761,2,1,7,AgriTech,Pune,1013756,1652057,Yes,High,5000000
762,14,1,3,HealthTech,Bangalore,1771036,1803301,Yes,High,5000000
763,11,13,4,AgriTech,Kolkata,414366,1506870,Yes,High,5000000
764,17,11,9,CleanTech,Mumbai,92690,673823,Yes,High,5000000
765,10,10,8,AI,Delhi,277478,1062325,Yes,High,5000000
766,4,9,10,HealthTech,Bangalore,939592,637301,No,Low,500000
767,17,1,8,EdTech,Bangalore,183179,2265110,Yes,High,5000000
768,10,15,9,HealthTech,Chennai,739868,1082050,Yes,High,5000000
769,4,6,1,CleanTech,Chennai,286703,1594933,Yes,High,5000000
770,11,10,6,CleanTech,Pune,523090,2272438,Yes,High,5000000
771,20,10,8,AgriTech,Delhi,731092,2255079,Yes,High,5000000
772,6,0,8,E-Commerce,Mumbai,319324,569767,Yes,High,5000000
773,2,15,1,HealthTech,Chennai,636387,2025733,Yes,High,5000000
774,4,12,9,E-Commerce,Bangalore,197688,264293,Yes,High,5000000
775,3,7,8,CleanTech,Hyderabad,1396706,2120684,Yes,High,5000000
776,3,10,5,FinTech,Hyderabad,1081715,1928680,Yes,High,5000000
777,2,13,8,AgriTech,Pune,171602,196663,Yes,High,5000000
778,15,3,8,AI,Bangalore,1631952,1746992,Yes,High,5000000
779,6,0,10,HealthTech,Hyderabad,409578,2471960,Yes,High,5000000
780,2,15,7,AI,Bangalore,240385,504517,Yes,High,5000000
781,5,12,8,FinTech,Bangalore,842628,1790212,Yes,High,5000000
782,15,14,1,AI,Mumbai,1973643,433302,No,Low,500000
783,18,12,8,EdTech,Kolkata,1502099,1951825,Yes,High,5000000
784,7,15,8,AgriTech,Pune,841818,1917103,Yes,High,5000000
785,2,4,4,AI,Bangalore,199708,2016036,Yes,High,5000000
786,14,4,5,CleanTech,Mumbai,147100,1229024,Yes,High,5000000
787,15,11,7,HealthTech,Mumbai,1120448,83968,No,Low,500000
788,17,1,6,CleanTech,Chennai,174958,1463635,Yes,High,5000000
789,15,8,9,AgriTech,Bangalore,651840,1075742,Yes,High,5000000
790,15,4,10,AgriTech,Delhi,421473,1590091,Yes,High,5000000
791,15,4,7,FinTech,Bangalore,1179403,312378,No,Low,500000
792,19,11,4,E-Commerce,Bangalore,1648863,543784,No,Low,500000
793,20,6,1,E-Commerce,Kolkata,1724830,406336,No,Low,500000
794,14,4,3,FinTech,Delhi,1637397,360661,No,Low,500000
795,8,15,4,AgriTech,Delhi,106067,993675,Yes,High,5000000
796,3,7,6,HealthTech,Kolkata,542271,31157,No,Low,500000
797,6,6,7,CleanTech,Chennai,494858,1384037,Yes,High,5000000
798,11,5,6,HealthTech,Hyderabad,218908,1698044,Yes,High,5000000
799,9,10,2,EdTech,Hyderabad,1943492,209974,No,Low,500000
800,20,2,10,EdTech,Pune,860564,2462987,Yes,High,5000000
801,2,10,4,HealthTech,Chennai,900970,1852212,Yes,High,5000000
802,20,1,5,FinTech,Pune,134716,332547,Yes,High,5000000
803,7,5,1,HealthTech,Bangalore,776295,2167330,Yes,High,5000000
804,14,13,10,FinTech,Chennai,1000183,937577,No,Low,500000
805,11,3,1,AI,Pune,1262525,1022086,No,Low,500000
806,10,7,10,AI,Hyderabad,1243679,2332452,Yes,High,5000000
807,5,11,6,FinTech,Bangalore,1651936,2443765,Yes,High,5000000
808,17,11,1,AI,Chennai,955651,810441,No,Low,500000
809,4,4,5,E-Commerce,Mumbai,939891,1851858,Yes,High,5000000
810,12,1,7,AgriTech,Hyderabad,1177306,2079791,Yes,High,5000000
811,4,2,6,AI,Pune,1072179,2262942,Yes,High,5000000
812,15,3,8,FinTech,Hyderabad,892417,1140492,Yes,High,5000000
813,20,5,10,E-Commerce,Mumbai,64795,1243591,Yes,High,5000000
814,10,9,6,AgriTech,Chennai,123254,1076786,Yes,High,5000000
815,17,3,7,AgriTech,Chennai,1528985,1568422,Yes,High,5000000
816,9,7,10,E-Commerce,Kolkata,1297284,2272609,Yes,High,5000000
817,16,9,7,AgriTech,Pune,465960,2492191,Yes,High,5000000
818,6,2,6,HealthTech,Bangalore,667072,1237048,Yes,High,5000000
819,20,15,9,AgriTech,Kolkata,1880949,1280826,No,Low,500000
820,17,0,9,AgriTech,Bangalore,1419807,1185664,No,Low,500000
821,11,11,8,FinTech,Chennai,697442,1694238,Yes,High,5000000
822,18,8,5,AgriTech,Bangalore,194264,2223889,Yes,High,5000000
823,12,12,9,AgriTech,Hyderabad,1665587,1510102,No,Low,500000
824,11,10,5,EdTech,Chennai,283708,1210612,Yes,High,5000000
825,5,4,4,CleanTech,Bangalore,715274,237670,No,Low,500000
826,14,5,3,AgriTech,Bangalore,519740,1872415,Yes,High,5000000
827,17,10,6,AgriTech,Pune,222010,1185616,Yes,High,5000000
828,9,6,4,AgriTech,Chennai,208998,1179406,Yes,High,5000000
829,18,14,2,HealthTech,Hyderabad,81151,1838041,Yes,High,5000000
830,9,2,8,CleanTech,Chennai,1383945,455261,No,Low,500000
831,18,9,10,EdTech,Hyderabad,1546818,1945644,Yes,High,5000000
832,9,4,4,HealthTech,Kolkata,179749,528753,Yes,High,5000000
833,16,11,3,HealthTech,Delhi,486700,1808319,Yes,High,5000000
834,3,4,4,CleanTech,Kolkata,636805,350966,No,Low,500000
835,7,9,10,AgriTech,Kolkata,1887552,2116655,Yes,High,5000000
836,6,9,10,E-Commerce,Hyderabad,1399522,49044,No,Low,500000
837,11,5,1,CleanTech,Delhi,522303,1005876,Yes,High,5000000
838,15,11,5,AI,Chennai,1996039,1653722,No,Low,500000
839,10,6,4,AI,Hyderabad,1533490,1244058,No,Low,500000
840,9,12,5,HealthTech,Chennai,240879,1783999,Yes,High,5000000
841,20,0,6,CleanTech,Bangalore,1550461,1018419,No,Low,500000
842,7,4,7,AgriTech,Kolkata,1146442,1955010,Yes,High,5000000
843,2,15,5,FinTech,Delhi,1815240,1733464,No,Low,500000
844,18,7,10,AgriTech,Kolkata,150934,1679017,Yes,High,5000000
845,18,15,3,AI,Bangalore,292343,2077115,Yes,High,5000000
846,6,7,4,AgriTech,Mumbai,1294761,2299681,Yes,High,5000000
847,17,0,7,HealthTech,Chennai,1433728,463414,No,Low,500000
848,9,4,4,E-Commerce,Mumbai,662791,2147330,Yes,High,5000000
849,3,9,1,AI,Pune,139283,798647,Yes,High,5000000
850,4,4,6,FinTech,Delhi,1109041,782923,No,Low,500000
851,6,3,2,FinTech,Hyderabad,1306720,992691,No,Low,500000
852,15,5,1,EdTech,Kolkata,1181454,232436,No,Low,500000
853,14,3,1,AgriTech,Chennai,248655,883290,Yes,High,5000000
854,15,0,7,E-Commerce,Mumbai,1412595,431630,No,Low,500000
855,3,4,5,AI,Hyderabad,206938,2037137,Yes,High,5000000
856,8,2,3,FinTech,Delhi,786514,143567,No,Low,500000
857,16,4,7,E-Commerce,Kolkata,1985623,524434,No,Low,500000
858,7,5,2,E-Commerce,Kolkata,1839435,980044,No,Low,500000
859,10,12,7,EdTech,Kolkata,1215178,1579150,Yes,High,5000000
860,8,3,3,HealthTech,Mumbai,175806,2247514,Yes,High,5000000
861,8,5,10,FinTech,Pune,468702,2026782,Yes,High,5000000
862,2,5,10,FinTech,Kolkata,1899202,1700609,No,Low,500000
863,3,12,2,EdTech,Hyderabad,1253091,1384819,Yes,High,5000000
864,15,1,3,AI,Pune,115529,112657,No,Low,500000
865,15,12,7,AgriTech,Chennai,619943,109429,No,Low,500000
866,9,14,1,HealthTech,Mumbai,1260832,1795924,Yes,High,5000000
867,18,5,7,FinTech,Bangalore,1545815,323024,No,Low,500000
868,13,15,2,EdTech,Mumbai,221011,910607,Yes,High,5000000
869,11,0,4,AI,Bangalore,1385292,1043940,No,Low,500000
870,14,7,6,HealthTech,Hyderabad,254899,2111273,Yes,High,5000000
871,3,4,9,E-Commerce,Bangalore,912385,2332203,Yes,High,5000000
872,11,6,3,EdTech,Chennai,225175,1854303,Yes,High,5000000
873,15,3,5,EdTech,Mumbai,1721301,2378138,Yes,High,5000000
874,18,12,6,HealthTech,Bangalore,1812857,1812530,No,Low,500000
875,4,7,5,FinTech,Delhi,1754830,897189,No,Low,500000
876,6,0,8,CleanTech,Pune,1288228,1894197,Yes,High,5000000
877,15,9,6,E-Commerce,Delhi,460019,725004,Yes,High,5000000
878,2,4,1,AgriTech,Pune,1282867,1384586,Yes,High,5000000
879,9,7,1,EdTech,Mumbai,780949,1380496,Yes,High,5000000
880,2,5,2,E-Commerce,Hyderabad,1429276,1277211,No,Low,500000
881,16,7,1,E-Commerce,Chennai,680665,388323,No,Low,500000
882,13,6,9,FinTech,Kolkata,1123579,1665079,Yes,High,5000000
883,19,11,2,EdTech,Delhi,933329,1881299,Yes,High,5000000
884,20,2,2,HealthTech,Delhi,964737,294644,No,Low,500000
885,11,12,7,AI,Delhi,1925147,2145119,Yes,High,5000000
886,9,0,1,E-Commerce,Mumbai,1575008,1905323,Yes,High,5000000
887,9,7,6,E-Commerce,Kolkata,1647067,2409584,Yes,High,5000000
888,9,13,6,CleanTech,Kolkata,531763,1376830,Yes,High,5000000
889,19,11,4,HealthTech,Mumbai,607992,1157808,Yes,High,5000000
890,9,11,1,AI,Kolkata,598616,154450,No,Low,500000
891,19,15,3,HealthTech,Hyderabad,666865,1265909,Yes,High,5000000
892,2,7,9,FinTech,Mumbai,1506234,532098,No,Low,500000
893,8,3,3,HealthTech,Mumbai,234307,1929288,Yes,High,5000000
894,14,1,9,EdTech,Chennai,342688,1076219,Yes,High,5000000
895,20,12,8,EdTech,Chennai,764958,325059,No,Low,500000
896,15,10,6,AgriTech,Mumbai,1615142,582041,No,Low,500000
897,6,4,4,EdTech,Hyderabad,481927,1550310,Yes,High,5000000
898,2,0,7,E-Commerce,Kolkata,929626,1285714,Yes,High,5000000
899,5,8,10,AI,Hyderabad,728825,1748396,Yes,High,5000000
900,10,4,1,E-Commerce,Mumbai,973523,1644064,Yes,High,5000000
901,16,12,10,E-Commerce,Hyderabad,1619421,54056,No,Low,500000
902,11,4,8,E-Commerce,Hyderabad,547654,786097,Yes,High,5000000
903,4,0,2,CleanTech,Pune,988670,49736,No,Low,500000
904,3,2,1,FinTech,Kolkata,259713,2204734,Yes,High,5000000
905,14,14,2,CleanTech,Pune,1502761,1436434,No,Low,500000
906,6,3,3,AI,Chennai,1544620,98476,No,Low,500000
907,7,3,6,HealthTech,Kolkata,1296179,2123878,Yes,High,5000000
908,3,11,9,FinTech,Delhi,963280,2499392,Yes,High,5000000
909,2,7,3,E-Commerce,Chennai,1486828,1257398,No,Low,500000
910,16,4,2,AI,Pune,947561,2344770,Yes,High,5000000
911,4,10,4,E-Commerce,Kolkata,419727,177148,No,Low,500000
912,16,15,9,HealthTech,Hyderabad,416225,1208444,Yes,High,5000000
913,20,1,3,FinTech,Bangalore,832240,2049203,Yes,High,5000000
914,10,9,4,E-Commerce,Pune,1928490,1624151,No,Low,500000
915,11,8,7,FinTech,Chennai,361338,834128,Yes,High,5000000
916,10,5,2,EdTech,Kolkata,889688,2322666,Yes,High,5000000
917,11,13,2,HealthTech,Bangalore,1666291,1692531,Yes,High,5000000
918,19,12,2,FinTech,Hyderabad,1572470,1831744,Yes,High,5000000
919,8,6,1,AI,Kolkata,344052,1887156,Yes,High,5000000
920,7,0,10,AgriTech,Kolkata,308469,2313176,Yes,High,5000000
921,3,8,3,CleanTech,Chennai,525768,1384362,Yes,High,5000000
922,10,8,2,AI,Chennai,613600,2367300,Yes,High,5000000
923,16,4,5,CleanTech,Kolkata,1694471,1044967,No,Low,500000
924,2,2,5,AI,Pune,988686,2475611,Yes,High,5000000
925,8,9,4,E-Commerce,Hyderabad,1568798,1223801,No,Low,500000
926,10,6,8,FinTech,Hyderabad,1467800,1695957,Yes,High,5000000
927,7,9,6,AgriTech,Hyderabad,1070940,205688,No,Low,500000
928,17,2,1,HealthTech,Pune,950802,1562300,Yes,High,5000000
929,10,11,10,E-Commerce,Delhi,967492,315504,No,Low,500000
930,17,1,4,EdTech,Pune,1680198,747264,No,Low,500000
931,2,1,10,CleanTech,Delhi,946158,2220416,Yes,High,5000000
932,17,0,1,E-Commerce,Delhi,750637,477466,No,Low,500000
933,10,13,8,CleanTech,Hyderabad,1340892,2427554,Yes,High,5000000
934,9,4,5,EdTech,Delhi,71097,244658,Yes,High,5000000
935,4,12,10,FinTech,Pune,1705597,1291256,No,Low,500000
936,3,15,9,CleanTech,Bangalore,1747325,404404,No,Low,500000
937,10,6,10,CleanTech,Hyderabad,55695,620503,Yes,High,5000000
938,2,0,9,CleanTech,Hyderabad,831299,541857,No,Low,500000
939,18,1,4,AI,Delhi,1099994,1374239,Yes,High,5000000
940,16,7,2,AI,Pune,729924,1556042,Yes,High,5000000
941,7,8,4,EdTech,Mumbai,704295,345602,No,Low,500000
942,16,13,1,AgriTech,Chennai,378400,341215,No,Low,500000
943,9,5,9,HealthTech,Pune,347776,1259928,Yes,High,5000000
944,13,0,4,HealthTech,Kolkata,1671556,1653965,No,Low,500000
945,13,6,4,AgriTech,Delhi,1355507,116943,No,Low,500000
946,13,2,3,FinTech,Chennai,1714012,1520750,No,Low,500000
947,13,5,8,HealthTech,Pune,1705537,1682555,No,Low,500000
948,3,6,2,FinTech,Delhi,152272,1761786,Yes,High,5000000
949,14,5,9,HealthTech,Pune,481320,1891175,Yes,High,5000000
950,15,9,5,EdTech,Hyderabad,715670,2453197,Yes,High,5000000
951,20,8,1,E-Commerce,Mumbai,179253,1963862,Yes,High,5000000
952,11,2,4,EdTech,Delhi,1186997,454685,No,Low,500000
953,16,11,3,CleanTech,Bangalore,172388,1286327,Yes,High,5000000
954,14,11,6,HealthTech,Pune,92881,730684,Yes,High,5000000
955,12,7,10,AI,Delhi,941377,1112864,Yes,High,5000000
956,18,10,3,AgriTech,Hyderabad,1024668,2220803,Yes,High,5000000
957,20,5,2,CleanTech,Mumbai,545134,970630,Yes,High,5000000
958,11,15,7,CleanTech,Pune,1323333,2394421,Yes,High,5000000
959,13,0,3,E-Commerce,Pune,1018366,817464,No,Low,500000
960,19,2,9,E-Commerce,Pune,1434267,189449,No,Low,500000
961,14,15,3,AI,Chennai,939746,1899796,Yes,High,5000000
962,15,8,5,EdTech,Mumbai,826489,1518985,Yes,High,5000000
963,4,13,5,FinTech,Hyderabad,481543,842185,Yes,High,5000000
964,15,14,7,CleanTech,Pune,487708,835434,Yes,High,5000000
965,9,6,6,FinTech,Delhi,1052358,1045650,No,Low,500000
966,18,4,2,E-Commerce,Hyderabad,1643025,2043350,Yes,High,5000000
967,6,1,1,E-Commerce,Pune,1427687,1340339,No,Low,500000
968,19,8,8,E-Commerce,Mumbai,522826,1679373,Yes,High,5000000
969,4,13,5,EdTech,Bangalore,543576,468011,No,Low,500000
970,2,1,7,E-Commerce,Mumbai,658759,65872,No,Low,500000
971,11,10,7,E-Commerce,Pune,955924,918312,No,Low,500000
972,14,6,3,HealthTech,Chennai,1018539,172542,No,Low,500000
973,2,12,7,HealthTech,Hyderabad,772583,1072142,Yes,High,5000000
974,12,15,10,CleanTech,Bangalore,1253238,2155834,Yes,High,5000000
975,2,1,1,EdTech,Bangalore,1045027,1456919,Yes,High,5000000
976,5,6,4,HealthTech,Pune,415520,1993269,Yes,High,5000000
977,18,5,7,EdTech,Pune,1809572,949036,No,Low,500000
978,20,12,7,AI,Kolkata,444827,1703572,Yes,High,5000000
979,16,10,2,HealthTech,Pune,921378,1289837,Yes,High,5000000
980,4,5,6,FinTech,Kolkata,1545789,68988,No,Low,500000
981,16,14,8,FinTech,Chennai,1842613,2354256,Yes,High,5000000
982,11,9,5,AI,Mumbai,330212,906418,Yes,High,5000000
983,17,11,7,FinTech,Delhi,1667286,871165,No,Low,500000
984,18,9,8,E-Commerce,Mumbai,1974346,2092741,Yes,High,5000000
985,3,7,10,CleanTech,Bangalore,557260,1337339,Yes,High,5000000
986,10,2,10,AI,Chennai,754810,1511830,Yes,High,5000000
987,18,14,8,FinTech,Delhi,350589,475008,Yes,High,5000000
988,3,13,9,E-Commerce,Mumbai,1977698,566956,No,Low,500000
989,18,2,8,FinTech,Mumbai,1358588,474973,No,Low,500000
990,10,2,3,AgriTech,Delhi,1730084,664704,No,Low,500000
991,2,1,6,CleanTech,Chennai,112519,837428,Yes,High,5000000
992,5,6,8,EdTech,Hyderabad,742573,969420,Yes,High,5000000
993,17,5,8,EdTech,Kolkata,1445099,720047,No,Low,500000
994,6,10,1,AI,Kolkata,1624138,2469474,Yes,High,5000000
995,8,4,3,E-Commerce,Delhi,329628,972301,Yes,High,5000000
996,8,9,2,AI,Hyderabad,885528,360548,No,Low,500000
997,5,9,2,FinTech,Mumbai,1876145,2417478,Yes,High,5000000
998,18,15,9,HealthTech,Chennai,750029,1370562,Yes,High,5000000
999,3,9,7,EdTech,Kolkata,1130270,1891473,Yes,High,5000000
1000,19,1,9,CleanTech,Bangalore,679313,2322150,Yes,High,5000000
1001,13,4,2,E-Commerce,Hyderabad,1339370,675544,No,Low,500000
1002,13,13,7,EdTech,Chennai,1241318,664626,No,Low,500000
1003,15,1,5,AI,Delhi,1859885,2050752,Yes,High,5000000
1004,4,0,9,AgriTech,Delhi,1508009,2151486,Yes,High,5000000
1005,8,12,5,EdTech,Pune,919589,1718784,Yes,High,5000000
1006,15,2,9,CleanTech,Hyderabad,1464436,749373,No,Low,500000
1007,18,13,10,CleanTech,Chennai,1632005,883546,No,Low,500000
1008,15,13,4,HealthTech,Mumbai,602259,459189,No,Low,500000
1009,14,2,5,EdTech,Hyderabad,651398,751921,Yes,High,5000000
1010,20,12,2,AgriTech,Mumbai,1583208,2471366,Yes,High,5000000
1011,3,7,7,EdTech,Hyderabad,975215,44324,No,Low,500000
1012,2,10,10,AgriTech,Bangalore,1296889,44364,No,Low,500000
1013,11,8,5,AgriTech,Bangalore,1965313,2387926,Yes,High,5000000
1014,14,2,9,EdTech,Hyderabad,57794,2296886,Yes,High,5000000
1015,7,13,7,E-Commerce,Pune,1918048,1320362,No,Low,500000
1016,20,5,4,HealthTech,Hyderabad,548392,1258266,Yes,High,5000000
1017,3,2,7,FinTech,Pune,760569,982072,Yes,High,5000000
1018,11,14,5,EdTech,Chennai,131587,311542,Yes,High,5000000
1019,9,10,5,CleanTech,Mumbai,1757362,2373289,Yes,High,5000000
1020,3,3,10,E-Commerce,Pune,1394181,2310939,Yes,High,5000000
1021,9,7,1,FinTech,Bangalore,1136553,436398,No,Low,500000
1022,8,7,8,FinTech,Bangalore,1461770,2013780,Yes,High,5000000
1023,19,3,10,HealthTech,Pune,54244,736321,Yes,High,5000000
1024,2,13,4,AgriTech,Pune,838168,2252551,Yes,High,5000000
1025,15,4,4,CleanTech,Bangalore,986614,2123286,Yes,High,5000000
1026,6,2,1,CleanTech,Bangalore,834180,1348775,Yes,High,5000000
1027,2,4,7,E-Commerce,Delhi,665008,1350612,Yes,High,5000000
1028,16,2,5,AI,Bangalore,1735459,1266663,No,Low,500000
1029,12,13,6,CleanTech,Pune,1753122,1341848,No,Low,500000
1030,13,6,4,EdTech,Delhi,525659,1076954,Yes,High,5000000
1031,6,8,7,AI,Kolkata,1212344,1258609,Yes,High,5000000
1032,16,12,2,CleanTech,Kolkata,1617617,670529,No,Low,500000
1033,4,7,4,AI,Kolkata,61879,428441,Yes,High,5000000
1034,2,3,2,AI,Delhi,847471,694476,No,Low,500000
1035,17,14,9,AI,Bangalore,112504,27878,No,Low,500000
1036,2,4,8,AI,Chennai,262931,1437720,Yes,High,5000000
1037,5,6,8,AI,Chennai,387838,117436,No,Low,500000
1038,15,3,1,E-Commerce,Delhi,74101,1133267,Yes,High,5000000
1039,19,14,8,AgriTech,Bangalore,131927,1140550,Yes,High,5000000
1040,18,9,2,AgriTech,Delhi,499409,1315224,Yes,High,5000000
1041,13,6,1,E-Commerce,Bangalore,1667816,1826395,Yes,High,5000000
1042,2,12,1,EdTech,Bangalore,1276268,1959549,Yes,High,5000000
1043,4,11,1,EdTech,Chennai,786761,283334,No,Low,500000
1044,9,1,6,FinTech,Delhi,1475177,1125270,No,Low,500000
1045,8,12,10,AgriTech,Chennai,1196819,699696,No,Low,500000
1046,10,6,7,HealthTech,Kolkata,1951179,2034202,Yes,High,5000000
1047,20,13,6,CleanTech,Hyderabad,1378428,762518,No,Low,500000
1048,18,3,5,E-Commerce,Pune,187446,2456145,Yes,High,5000000
1049,12,3,5,CleanTech,Pune,1468541,1883204,Yes,High,5000000
1050,12,0,10,CleanTech,Kolkata,455982,83511,No,Low,500000
1051,20,5,9,AgriTech,Mumbai,660952,720479,Yes,High,5000000
1052,12,15,1,CleanTech,Chennai,556577,765301,Yes,High,5000000
1053,14,1,10,AI,Pune,1247698,846913,No,Low,500000
1054,13,2,2,AI,Bangalore,89520,900208,Yes,High,5000000
1055,16,4,5,CleanTech,Chennai,1391101,1688447,Yes,High,5000000
1056,14,2,8,AI,Pune,1034930,1354486,Yes,High,5000000
1057,2,7,3,CleanTech,Bangalore,1059714,825958,No,Low,500000
1058,13,10,9,AI,Mumbai,302187,1538005,Yes,High,5000000
1059,17,6,7,EdTech,Hyderabad,113813,683540,Yes,High,5000000
1060,11,15,7,HealthTech,Hyderabad,363872,1288185,Yes,High,5000000
1061,19,15,4,AgriTech,Pune,257461,665315,Yes,High,5000000
1062,18,11,6,AI,Delhi,1200278,437519,No,Low,500000
1063,14,13,4,AgriTech,Mumbai,787455,2055567,Yes,High,5000000
1064,19,4,6,FinTech,Hyderabad,1807185,586725,No,Low,500000
1065,13,7,8,E-Commerce,Pune,1707321,168569,No,Low,500000
1066,6,9,10,HealthTech,Chennai,498844,2181185,Yes,High,5000000
1067,20,6,6,E-Commerce,Kolkata,1637433,1241158,No,Low,500000
1068,3,2,3,E-Commerce,Mumbai,694055,980620,Yes,High,5000000
1069,17,12,1,E-Commerce,Pune,836874,2472287,Yes,High,5000000
1070,19,15,5,HealthTech,Bangalore,54787,1865420,Yes,High,5000000
1071,11,13,1,EdTech,Hyderabad,1217969,531529,No,Low,500000
1072,17,8,7,FinTech,Kolkata,156168,1761653,Yes,High,5000000
1073,12,7,8,AgriTech,Hyderabad,1950110,1344905,No,Low,500000
1074,15,2,4,CleanTech,Pune,1560620,1930907,Yes,High,5000000
1075,5,7,5,CleanTech,Chennai,665452,1653101,Yes,High,5000000
1076,20,1,5,CleanTech,Chennai,1471386,40575,No,Low,500000
1077,16,0,3,AgriTech,Kolkata,138943,2017438,Yes,High,5000000
1078,5,10,2,EdTech,Chennai,794069,679350,No,Low,500000
1079,11,1,5,AgriTech,Mumbai,448431,551356,Yes,High,5000000
1080,7,9,7,HealthTech,Kolkata,569618,2406406,Yes,High,5000000
1081,2,5,1,AgriTech,Bangalore,849984,793641,No,Low,500000
1082,3,14,3,AI,Delhi,415394,1988527,Yes,High,5000000
1083,16,15,9,CleanTech,Bangalore,1348708,886974,No,Low,500000
1084,7,4,5,EdTech,Pune,757622,543399,No,Low,500000
1085,20,3,3,E-Commerce,Pune,1470342,1157836,No,Low,500000
1086,10,5,7,E-Commerce,Delhi,1123126,1026723,No,Low,500000
1087,3,2,4,AI,Hyderabad,714111,166261,No,Low,500000
1088,19,14,8,FinTech,Bangalore,183194,234138,Yes,High,5000000
1089,3,8,9,AI,Hyderabad,904533,1255557,Yes,High,5000000
1090,11,11,5,AgriTech,Bangalore,1928716,2193451,Yes,High,5000000
1091,7,5,9,AI,Kolkata,527379,971537,Yes,High,5000000
1092,15,5,2,EdTech,Bangalore,714825,1970135,Yes,High,5000000
1093,19,8,2,AI,Pune,1646576,1067805,No,Low,500000
1094,20,5,9,FinTech,Hyderabad,1597712,841268,No,Low,500000
1095,11,8,5,FinTech,Delhi,121222,1076243,Yes,High,5000000
1096,12,8,2,FinTech,Delhi,1873112,679620,No,Low,500000
1097,17,9,6,FinTech,Hyderabad,1483452,1012530,No,Low,500000
1098,16,15,5,AI,Delhi,1168391,2237693,Yes,High,5000000
1099,4,5,1,E-Commerce,Bangalore,968076,934680,No,Low,500000
1100,14,8,9,EdTech,Pune,1575731,2217730,Yes,High,5000000
1101,5,11,1,AI,Hyderabad,114349,2405921,Yes,High,5000000
1102,7,15,3,AI,Bangalore,393661,869604,Yes,High,5000000
1103,14,4,1,HealthTech,Kolkata,672102,232742,No,Low,500000
1104,18,0,3,AgriTech,Hyderabad,884800,1367287,Yes,High,5000000
1105,2,6,5,HealthTech,Chennai,1668451,2303520,Yes,High,5000000
1106,12,13,2,HealthTech,Pune,1420591,272854,No,Low,500000
1107,9,0,9,HealthTech,Pune,147884,860821,Yes,High,5000000
1108,7,10,10,AgriTech,Mumbai,497122,2389953,Yes,High,5000000
1109,16,14,9,HealthTech,Mumbai,626273,411453,No,Low,500000
1110,14,9,3,HealthTech,Kolkata,365408,875104,Yes,High,5000000
1111,2,0,10,E-Commerce,Chennai,1675944,1305328,No,Low,500000
1112,11,2,5,E-Commerce,Bangalore,1388367,620115,No,Low,500000
1113,4,13,4,HealthTech,Mumbai,428753,415554,No,Low,500000
1114,16,3,3,CleanTech,Mumbai,1640426,2202765,Yes,High,5000000
1115,9,1,3,FinTech,Pune,353707,381940,Yes,High,5000000
1116,3,12,1,CleanTech,Kolkata,1482854,426898,No,Low,500000
1117,17,11,1,EdTech,Bangalore,419867,1275675,Yes,High,5000000
1118,10,13,5,CleanTech,Bangalore,1024204,1648928,Yes,High,5000000
1119,10,15,2,E-Commerce,Bangalore,1422567,1395052,No,Low,500000
1120,12,0,6,FinTech,Bangalore,1515012,1249605,No,Low,500000
1121,4,6,6,CleanTech,Chennai,60137,508712,Yes,High,5000000
1122,15,11,4,HealthTech,Kolkata,371171,188276,No,Low,500000
1123,2,4,8,AI,Mumbai,1956220,1542516,No,Low,500000
1124,16,5,6,AgriTech,Mumbai,63679,705167,Yes,High,5000000
1125,3,14,5,E-Commerce,Bangalore,1403433,1042720,No,Low,500000
1126,4,12,8,FinTech,Kolkata,65352,1274725,Yes,High,5000000
1127,8,6,5,HealthTech,Delhi,590185,2492576,Yes,High,5000000
1128,16,8,1,AgriTech,Bangalore,1634187,2285735,Yes,High,5000000
1129,20,9,6,HealthTech,Kolkata,1814812,203888,No,Low,500000
1130,16,3,7,E-Commerce,Pune,1881284,896610,No,Low,500000
1131,16,13,6,EdTech,Delhi,960153,1946301,Yes,High,5000000
1132,20,5,9,HealthTech,Bangalore,627313,1664239,Yes,High,5000000
1133,12,15,7,AI,Chennai,51409,2081492,Yes,High,5000000
1134,12,10,8,AgriTech,Kolkata,440998,1978871,Yes,High,5000000
1135,18,11,9,HealthTech,Delhi,514495,47371,No,Low,500000
1136,15,0,6,FinTech,Mumbai,403142,2015881,Yes,High,5000000
1137,5,7,7,E-Commerce,Chennai,1922211,1607874,No,Low,500000
1138,4,1,10,HealthTech,Hyderabad,1510439,1031710,No,Low,500000
1139,11,13,9,EdTech,Hyderabad,793637,2330039,Yes,High,5000000
1140,2,12,8,CleanTech,Kolkata,228650,653258,Yes,High,5000000
1141,2,14,8,AgriTech,Bangalore,1792375,1270571,No,Low,500000
1142,18,13,6,EdTech,Hyderabad,877495,1309841,Yes,High,5000000
1143,10,13,5,FinTech,Hyderabad,346593,729545,Yes,High,5000000
1144,2,1,4,FinTech,Delhi,282469,418730,Yes,High,5000000
1145,5,8,8,E-Commerce,Delhi,1311265,278218,No,Low,500000
1146,9,2,8,HealthTech,Kolkata,1797409,1392470,No,Low,500000
1147,20,8,2,CleanTech,Pune,273702,208513,No,Low,500000
1148,3,12,6,E-Commerce,Pune,1882180,2493779,Yes,High,5000000
1149,9,8,5,E-Commerce,Pune,1028968,483093,No,Low,500000
1150,11,5,9,HealthTech,Pune,1359991,2111621,Yes,High,5000000
1151,15,2,9,HealthTech,Bangalore,322164,85779,No,Low,500000
1152,11,10,4,FinTech,Delhi,1886694,221680,No,Low,500000
1153,10,8,10,CleanTech,Chennai,1772963,1825653,Yes,High,5000000
1154,16,10,1,FinTech,Hyderabad,966138,1003192,Yes,High,5000000
1155,2,1,7,AgriTech,Kolkata,254301,950816,Yes,High,5000000
1156,8,8,4,E-Commerce,Delhi,610910,701797,Yes,High,5000000
1157,8,6,5,HealthTech,Mumbai,1368837,1326409,No,Low,500000
1158,20,15,8,CleanTech,Delhi,197378,1081950,Yes,High,5000000
1159,17,7,9,AI,Bangalore,1443990,228466,No,Low,500000
1160,18,15,3,HealthTech,Hyderabad,205597,2201651,Yes,High,5000000
1161,3,14,3,AgriTech,Chennai,1823094,1090948,No,Low,500000
1162,3,13,3,AI,Bangalore,1894591,2310719,Yes,High,5000000
1163,15,1,4,CleanTech,Delhi,1918271,1468121,No,Low,500000
1164,3,5,9,CleanTech,Chennai,956750,541047,No,Low,500000
1165,10,14,3,HealthTech,Bangalore,807983,1490943,Yes,High,5000000
1166,11,3,4,EdTech,Kolkata,1719835,1035855,No,Low,500000
1167,16,10,2,AI,Bangalore,426780,1796502,Yes,High,5000000
1168,5,0,4,AgriTech,Chennai,1975101,141570,No,Low,500000
1169,12,4,1,E-Commerce,Hyderabad,855041,897284,Yes,High,5000000
1170,7,10,3,FinTech,Chennai,557967,2285169,Yes,High,5000000
1171,16,12,6,FinTech,Hyderabad,360939,1336875,Yes,High,5000000
1172,3,14,4,E-Commerce,Chennai,1559513,1191785,No,Low,500000
1173,13,1,3,FinTech,Delhi,1310582,926893,No,Low,500000
1174,8,11,9,EdTech,Mumbai,1149813,297318,No,Low,500000
1175,16,4,1,AgriTech,Delhi,1811490,913327,No,Low,500000
1176,10,9,7,AgriTech,Mumbai,1357687,1079797,No,Low,500000
1177,13,12,8,CleanTech,Chennai,849502,775787,No,Low,500000
1178,5,7,4,FinTech,Chennai,1962678,1262543,No,Low,500000
1179,14,7,6,FinTech,Mumbai,768954,520656,No,Low,500000
1180,13,10,3,AI,Delhi,882823,1985251,Yes,High,5000000
1181,11,12,6,AgriTech,Delhi,584463,904373,Yes,High,5000000
1182,17,1,6,FinTech,Delhi,436034,1436782,Yes,High,5000000
1183,12,12,8,EdTech,Hyderabad,1933595,1120288,No,Low,500000
1184,8,1,1,AI,Kolkata,364936,1308865,Yes,High,5000000
1185,11,3,1,CleanTech,Mumbai,1035187,2257450,Yes,High,5000000
1186,5,6,4,CleanTech,Bangalore,119440,2139269,Yes,High,5000000
1187,17,0,3,EdTech,Chennai,868624,1585235,Yes,High,5000000
1188,2,4,4,AI,Delhi,670459,1503390,Yes,High,5000000
1189,13,5,5,AI,Kolkata,507335,146106,No,Low,500000
1190,8,0,7,HealthTech,Delhi,1693828,1156224,No,Low,500000
1191,17,12,6,EdTech,Hyderabad,127263,2113406,Yes,High,5000000
1192,7,1,2,FinTech,Mumbai,978823,2399326,Yes,High,5000000
1193,20,12,9,CleanTech,Kolkata,1560677,285002,No,Low,500000
1194,13,0,1,EdTech,Hyderabad,593631,2294828,Yes,High,5000000
1195,18,14,1,E-Commerce,Mumbai,491037,1317601,Yes,High,5000000
1196,7,0,4,CleanTech,Pune,403780,827089,Yes,High,5000000
1197,19,5,3,CleanTech,Pune,858857,283830,No,Low,500000
1198,19,11,1,EdTech,Chennai,1745255,1024569,No,Low,500000
1199,17,8,1,EdTech,Pune,925752,790992,No,Low,500000
1200,9,11,10,AgriTech,Chennai,752762,2036644,Yes,High,5000000
1201,13,5,3,CleanTech,Hyderabad,1587665,2186227,Yes,High,5000000
1202,15,13,2,AgriTech,Hyderabad,1130077,1014127,No,Low,500000
1203,20,15,9,HealthTech,Hyderabad,1136881,1934231,Yes,High,5000000
1204,18,15,10,AgriTech,Chennai,966771,267153,No,Low,500000
1205,12,4,2,FinTech,Kolkata,1691141,1993680,Yes,High,5000000
1206,4,14,8,HealthTech,Chennai,1057585,395149,No,Low,500000
1207,17,7,6,EdTech,Pune,863558,1172776,Yes,High,5000000
1208,11,2,5,FinTech,Mumbai,759711,304205,No,Low,500000
1209,3,2,3,FinTech,Mumbai,688531,1440673,Yes,High,5000000
1210,20,13,9,AI,Bangalore,1687543,287136,No,Low,500000
1211,9,12,9,EdTech,Hyderabad,398975,2118029,Yes,High,5000000
1212,7,0,9,FinTech,Pune,649153,2108740,Yes,High,5000000
1213,12,12,8,AgriTech,Mumbai,297247,2440068,Yes,High,5000000
1214,15,15,5,FinTech,Pune,744057,180246,No,Low,500000
1215,20,5,10,HealthTech,Pune,759376,52629,No,Low,500000
1216,20,2,2,EdTech,Bangalore,1016864,301889,No,Low,500000
1217,5,15,9,EdTech,Bangalore,1840675,966969,No,Low,500000
1218,12,9,8,E-Commerce,Mumbai,546015,1176111,Yes,High,5000000
1219,9,11,6,E-Commerce,Bangalore,1496850,296084,No,Low,500000
1220,9,0,1,E-Commerce,Hyderabad,1290026,984456,No,Low,500000
1221,17,12,6,AI,Bangalore,204332,2098734,Yes,High,5000000
1222,5,4,1,AgriTech,Bangalore,913181,1347428,Yes,High,5000000
1223,13,8,8,AgriTech,Mumbai,1741619,680517,No,Low,500000
1224,17,7,4,CleanTech,Delhi,1805315,377088,No,Low,500000
1225,2,10,8,AgriTech,Delhi,992055,1510878,Yes,High,5000000
1226,6,5,8,AI,Delhi,665524,118857,No,Low,500000
1227,15,0,9,AI,Chennai,471781,1384306,Yes,High,5000000
1228,13,11,8,E-Commerce,Bangalore,680839,2378461,Yes,High,5000000
1229,16,3,1,HealthTech,Mumbai,749328,1061800,Yes,High,5000000
1230,4,3,10,EdTech,Pune,1403959,466679,No,Low,500000
1231,17,8,1,AgriTech,Mumbai,286980,1782574,Yes,High,5000000
1232,3,11,9,HealthTech,Pune,169849,1772402,Yes,High,5000000
1233,8,0,2,E-Commerce,Pune,1049806,2010518,Yes,High,5000000
1234,6,13,5,FinTech,Chennai,1037111,2378625,Yes,High,5000000
1235,20,9,2,HealthTech,Pune,1438580,114238,No,Low,500000
1236,6,9,7,EdTech,Bangalore,629214,2146766,Yes,High,5000000
1237,2,9,8,E-Commerce,Bangalore,607902,688688,Yes,High,5000000
1238,7,9,4,E-Commerce,Delhi,1828287,1644764,No,Low,500000
1239,12,9,2,AgriTech,Delhi,1626239,1397755,No,Low,500000
1240,7,10,4,AgriTech,Delhi,1711923,1436408,No,Low,500000
1241,3,9,1,EdTech,Pune,1080047,422710,No,Low,500000
1242,2,5,8,AgriTech,Hyderabad,1785271,979522,No,Low,500000
1243,7,11,2,EdTech,Delhi,1980224,81496,No,Low,500000
1244,5,0,9,E-Commerce,Pune,1756366,1237014,No,Low,500000
1245,15,13,1,HealthTech,Kolkata,83002,2444527,Yes,High,5000000
1246,16,1,5,AI,Kolkata,1890005,1823326,No,Low,500000
1247,20,3,1,FinTech,Kolkata,1928117,2425588,Yes,High,5000000
1248,10,7,6,AgriTech,Pune,382523,2139847,Yes,High,5000000
1249,20,10,9,HealthTech,Kolkata,1345130,2445201,Yes,High,5000000
1250,14,9,6,HealthTech,Hyderabad,927997,2334407,Yes,High,5000000
1251,2,15,5,FinTech,Delhi,1122915,824314,No,Low,500000
1252,12,3,5,EdTech,Hyderabad,1450805,1707025,Yes,High,5000000
1253,8,13,3,AI,Delhi,229305,442890,Yes,High,5000000
1254,2,11,5,HealthTech,Pune,797776,1156454,Yes,High,5000000
1255,8,7,2,AI,Mumbai,1361879,2020993,Yes,High,5000000
1256,14,13,2,HealthTech,Mumbai,1464921,1078278,No,Low,500000
1257,10,7,10,FinTech,Bangalore,227237,1824837,Yes,High,5000000
1258,6,4,7,CleanTech,Delhi,197689,524863,Yes,High,5000000
1259,3,1,9,EdTech,Delhi,908231,2477670,Yes,High,5000000
1260,13,0,3,HealthTech,Bangalore,983169,1520717,Yes,High,5000000
1261,9,15,2,AgriTech,Delhi,701833,1287110,Yes,High,5000000
1262,3,2,7,HealthTech,Bangalore,376670,2106709,Yes,High,5000000
1263,12,1,9,EdTech,Kolkata,1599208,178376,No,Low,500000
1264,4,0,2,AI,Mumbai,1736496,483230,No,Low,500000
1265,11,10,3,E-Commerce,Delhi,1765803,442287,No,Low,500000
1266,18,10,5,AI,Hyderabad,1293946,968482,No,Low,500000
1267,11,0,2,FinTech,Kolkata,607524,1765292,Yes,High,5000000
1268,8,2,7,CleanTech,Pune,1380518,1953065,Yes,High,5000000
1269,13,15,9,FinTech,Delhi,551051,2007793,Yes,High,5000000
1270,8,3,4,CleanTech,Mumbai,1323333,1409737,Yes,High,5000000
1271,9,6,6,FinTech,Mumbai,1570599,2235523,Yes,High,5000000
1272,16,4,1,E-Commerce,Delhi,1804451,2159403,Yes,High,5000000
1273,13,10,1,E-Commerce,Chennai,950774,291379,No,Low,500000
1274,18,15,10,E-Commerce,Chennai,668691,1592929,Yes,High,5000000
1275,6,2,5,AgriTech,Pune,1901515,1593256,No,Low,500000
1276,3,8,7,HealthTech,Delhi,1410056,1607458,Yes,High,5000000
1277,4,14,5,CleanTech,Chennai,534670,970998,Yes,High,5000000
1278,6,4,5,EdTech,Kolkata,1855835,1783151,No,Low,500000
1279,4,14,1,FinTech,Hyderabad,1444735,638368,No,Low,500000
1280,15,4,10,AgriTech,Chennai,1020601,229536,No,Low,500000
1281,14,9,7,AgriTech,Mumbai,1448485,1879967,Yes,High,5000000
1282,13,8,7,CleanTech,Hyderabad,292405,778852,Yes,High,5000000
1283,8,0,3,AgriTech,Pune,1233167,2365591,Yes,High,5000000
1284,9,0,9,AgriTech,Hyderabad,487453,1951784,Yes,High,5000000
1285,7,8,10,HealthTech,Bangalore,1859357,636411,No,Low,500000
1286,7,6,6,E-Commerce,Chennai,301085,1024546,Yes,High,5000000
1287,9,11,6,HealthTech,Bangalore,581991,2350191,Yes,High,5000000
1288,17,1,10,E-Commerce,Delhi,1894617,2175129,Yes,High,5000000
1289,18,7,4,E-Commerce,Chennai,1437817,339447,No,Low,500000
1290,18,5,9,CleanTech,Mumbai,1100871,2064828,Yes,High,5000000
1291,18,9,1,E-Commerce,Kolkata,1540677,1884359,Yes,High,5000000
1292,7,1,5,CleanTech,Kolkata,1877472,2284292,Yes,High,5000000
1293,15,3,10,AI,Mumbai,1333595,601957,No,Low,500000
1294,7,5,4,EdTech,Bangalore,1165262,2101414,Yes,High,5000000
1295,19,4,9,EdTech,Chennai,1837756,1464357,No,Low,500000
1296,19,2,7,HealthTech,Pune,1010542,731662,No,Low,500000
1297,6,13,6,AI,Hyderabad,1410149,1811403,Yes,High,5000000
1298,14,5,1,EdTech,Mumbai,849714,997294,Yes,High,5000000
1299,4,15,3,E-Commerce,Pune,434270,1603485,Yes,High,5000000
1300,16,12,2,AI,Kolkata,100231,321402,Yes,High,5000000
1301,18,6,7,AgriTech,Bangalore,773534,627956,No,Low,500000
1302,8,9,7,HealthTech,Mumbai,1563693,2270123,Yes,High,5000000
1303,20,9,9,AI,Delhi,1486560,2251056,Yes,High,5000000
1304,19,6,3,AgriTech,Delhi,1211799,312048,No,Low,500000
1305,14,7,2,CleanTech,Chennai,1653958,416680,No,Low,500000
1306,2,10,3,CleanTech,Delhi,1461696,2203949,Yes,High,5000000
1307,16,4,2,AgriTech,Kolkata,1214344,1875792,Yes,High,5000000
1308,6,9,5,EdTech,Chennai,927629,1218484,Yes,High,5000000
1309,11,1,10,AgriTech,Hyderabad,312009,1532414,Yes,High,5000000
1310,12,10,9,HealthTech,Kolkata,1447269,1000916,No,Low,500000
1311,15,15,4,AI,Hyderabad,1131443,1681182,Yes,High,5000000
1312,2,5,7,HealthTech,Mumbai,714849,56414,No,Low,500000
1313,2,2,2,HealthTech,Chennai,1879073,1986059,Yes,High,5000000
1314,2,1,7,AI,Bangalore,1434032,2462031,Yes,High,5000000
1315,7,10,3,AI,Bangalore,192728,990293,Yes,High,5000000
1316,5,5,9,E-Commerce,Bangalore,1422791,222006,No,Low,500000
1317,11,12,6,AI,Mumbai,91467,1100744,Yes,High,5000000
1318,7,6,7,AgriTech,Chennai,538005,872815,Yes,High,5000000
1319,12,12,4,FinTech,Mumbai,1755543,20468,No,Low,500000
1320,18,3,8,EdTech,Pune,760384,1226728,Yes,High,5000000
1321,3,8,4,AI,Chennai,915829,1730295,Yes,High,5000000
1322,8,0,10,E-Commerce,Bangalore,1748389,1792898,Yes,High,5000000
1323,4,4,4,HealthTech,Pune,139912,193285,Yes,High,5000000
1324,19,10,2,HealthTech,Bangalore,292885,261441,No,Low,500000
1325,10,8,7,CleanTech,Hyderabad,667380,2463970,Yes,High,5000000
1326,5,9,1,HealthTech,Hyderabad,1360253,82431,No,Low,500000
1327,11,9,2,AI,Chennai,714963,2465385,Yes,High,5000000
1328,3,2,3,AI,Kolkata,446191,334720,No,Low,500000
1329,6,13,3,AI,Hyderabad,1838280,1023412,No,Low,500000
1330,15,8,6,FinTech,Chennai,52911,1056671,Yes,High,5000000
1331,10,6,2,EdTech,Pune,1334513,1199133,No,Low,500000
1332,13,5,1,AgriTech,Delhi,1773826,2368373,Yes,High,5000000
1333,15,4,7,FinTech,Chennai,1708259,395665,No,Low,500000
1334,4,12,2,CleanTech,Delhi,1025231,980617,No,Low,500000
1335,5,11,8,FinTech,Delhi,489374,1019912,Yes,High,5000000
1336,2,6,1,CleanTech,Bangalore,1259931,2090826,Yes,High,5000000
1337,17,8,6,EdTech,Delhi,1371919,825826,No,Low,500000
1338,19,10,2,HealthTech,Mumbai,321577,1745136,Yes,High,5000000
1339,2,12,9,FinTech,Mumbai,1248297,1726678,Yes,High,5000000
1340,20,9,9,AgriTech,Hyderabad,1617724,511966,No,Low,500000
1341,10,11,6,E-Commerce,Chennai,1417236,2170259,Yes,High,5000000
1342,18,7,10,CleanTech,Delhi,1606137,1861863,Yes,High,5000000
1343,20,14,7,HealthTech,Mumbai,906875,2207367,Yes,High,5000000
1344,15,1,8,AgriTech,Chennai,1299178,1998421,Yes,High,5000000
1345,17,0,3,FinTech,Pune,79640,1777498,Yes,High,5000000
1346,10,11,5,FinTech,Hyderabad,1045676,800212,No,Low,500000
1347,14,10,2,CleanTech,Mumbai,697620,2356990,Yes,High,5000000
1348,7,8,3,CleanTech,Chennai,1713746,2496409,Yes,High,5000000
1349,10,6,2,CleanTech,Hyderabad,967112,43087,No,Low,500000
1350,14,7,4,EdTech,Bangalore,527238,648132,Yes,High,5000000
1351,18,15,6,EdTech,Kolkata,104592,2421233,Yes,High,5000000
1352,6,9,3,FinTech,Chennai,1490331,1732802,Yes,High,5000000
1353,13,10,10,EdTech,Hyderabad,95058,776022,Yes,High,5000000
1354,9,5,2,E-Commerce,Bangalore,1428488,1273226,No,Low,500000
1355,4,2,6,EdTech,Mumbai,1665348,1032033,No,Low,500000
1356,7,4,1,CleanTech,Chennai,1734775,2492601,Yes,High,5000000
1357,15,7,4,AI,Delhi,644510,865649,Yes,High,5000000
1358,2,5,4,HealthTech,Pune,1853476,606179,No,Low,500000
1359,3,12,8,FinTech,Mumbai,792519,415929,No,Low,500000
1360,20,8,3,AgriTech,Hyderabad,850473,1059324,Yes,High,5000000
1361,5,4,8,E-Commerce,Hyderabad,525638,1581795,Yes,High,5000000
1362,3,2,3,AI,Kolkata,1135023,515166,No,Low,500000
1363,10,3,3,EdTech,Chennai,381297,586462,Yes,High,5000000
1364,8,13,6,AgriTech,Kolkata,1683462,1972075,Yes,High,5000000
1365,6,10,1,E-Commerce,Hyderabad,447214,810403,Yes,High,5000000
1366,10,10,4,HealthTech,Kolkata,659977,2356355,Yes,High,5000000
1367,20,12,1,AgriTech,Pune,1910690,681534,No,Low,500000
1368,20,14,8,AgriTech,Hyderabad,629672,1228951,Yes,High,5000000
1369,4,0,1,EdTech,Delhi,666146,463133,No,Low,500000
1370,10,11,1,FinTech,Delhi,477042,733808,Yes,High,5000000
1371,15,4,10,FinTech,Hyderabad,565645,445496,No,Low,500000
1372,16,12,10,FinTech,Delhi,1597605,1449628,No,Low,500000
1373,19,15,10,AgriTech,Pune,1773179,2241943,Yes,High,5000000
1374,4,8,7,FinTech,Bangalore,1795459,2282985,Yes,High,5000000
1375,18,10,8,AgriTech,Chennai,1010055,936873,No,Low,500000
1376,6,4,4,E-Commerce,Delhi,1815827,684660,No,Low,500000
1377,2,8,1,AI,Delhi,438472,972776,Yes,High,5000000
1378,14,13,7,FinTech,Pune,118778,2436681,Yes,High,5000000
1379,20,3,7,FinTech,Hyderabad,1914227,1304447,No,Low,500000
1380,5,0,7,E-Commerce,Kolkata,557272,696601,Yes,High,5000000
1381,19,3,3,AI,Kolkata,1445506,531396,No,Low,500000
1382,11,11,10,E-Commerce,Bangalore,1880803,1239641,No,Low,500000
1383,9,10,3,CleanTech,Pune,839659,901112,Yes,High,5000000
1384,10,14,2,FinTech,Delhi,1338969,646506,No,Low,500000
1385,3,0,4,AI,Delhi,1365524,1256635,No,Low,500000
1386,15,12,10,CleanTech,Kolkata,345177,292169,No,Low,500000
1387,3,2,4,HealthTech,Chennai,1714605,2325761,Yes,High,5000000
1388,14,5,7,FinTech,Bangalore,1962069,2415785,Yes,High,5000000
1389,5,12,5,CleanTech,Bangalore,89966,1213978,Yes,High,5000000
1390,6,2,10,CleanTech,Bangalore,242310,1404313,Yes,High,5000000
1391,3,10,7,CleanTech,Kolkata,567459,1897400,Yes,High,5000000
1392,11,13,9,AgriTech,Pune,502377,1671828,Yes,High,5000000
1393,6,13,3,HealthTech,Chennai,192987,2068476,Yes,High,5000000
1394,19,5,1,E-Commerce,Hyderabad,1273169,2116594,Yes,High,5000000
1395,12,6,5,AI,Bangalore,642220,711129,Yes,High,5000000
1396,4,1,6,E-Commerce,Delhi,426236,268733,No,Low,500000
1397,15,3,1,EdTech,Pune,1187773,431478,No,Low,500000
1398,3,10,1,CleanTech,Kolkata,1004103,1065954,Yes,High,5000000
1399,15,11,3,CleanTech,Pune,1653915,604042,No,Low,500000
1400,19,8,9,AgriTech,Pune,1069530,1089488,Yes,High,5000000
1401,10,10,5,AI,Bangalore,687313,2330038,Yes,High,5000000
1402,11,10,5,E-Commerce,Mumbai,126349,470968,Yes,High,5000000
1403,16,12,5,EdTech,Kolkata,763510,231303,No,Low,500000
1404,10,4,1,HealthTech,Chennai,774017,2493619,Yes,High,5000000
1405,16,0,4,FinTech,Chennai,565073,2094466,Yes,High,5000000
1406,14,9,8,AI,Kolkata,978972,434808,No,Low,500000
1407,19,3,6,E-Commerce,Bangalore,302770,784053,Yes,High,5000000
1408,18,3,2,E-Commerce,Kolkata,1621648,362377,No,Low,500000
1409,15,13,10,HealthTech,Chennai,1879638,1007638,No,Low,500000
1410,2,15,9,AI,Bangalore,1628447,778726,No,Low,500000
1411,17,12,5,AgriTech,Delhi,1771784,1461019,No,Low,500000
1412,12,8,9,E-Commerce,Bangalore,988789,2010873,Yes,High,5000000
1413,5,10,6,FinTech,Delhi,94901,134153,Yes,High,5000000
1414,17,5,5,E-Commerce,Pune,1114695,722701,No,Low,500000
1415,13,0,10,AI,Mumbai,394639,806503,Yes,High,5000000
1416,12,11,1,AI,Chennai,516951,1535837,Yes,High,5000000
1417,5,9,7,AI,Kolkata,1372923,813558,No,Low,500000
1418,20,4,4,E-Commerce,Pune,1823216,1104560,No,Low,500000
1419,11,15,2,AgriTech,Chennai,1214631,2414965,Yes,High,5000000
1420,5,3,9,E-Commerce,Mumbai,371436,655948,Yes,High,5000000
1421,18,13,4,FinTech,Delhi,601455,499316,No,Low,500000
1422,14,15,6,E-Commerce,Hyderabad,197282,2427177,Yes,High,5000000
1423,7,0,5,E-Commerce,Chennai,620088,44821,No,Low,500000
1424,5,7,4,EdTech,Kolkata,1479554,682723,No,Low,500000
1425,7,15,6,AgriTech,Bangalore,458818,2464873,Yes,High,5000000
1426,20,15,1,EdTech,Kolkata,1595684,1379514,No,Low,500000
1427,13,1,7,HealthTech,Bangalore,1888208,1754318,No,Low,500000
1428,19,5,1,E-Commerce,Pune,437611,2204857,Yes,High,5000000
1429,5,7,8,CleanTech,Kolkata,1448001,749288,No,Low,500000
1430,16,15,8,CleanTech,Bangalore,625908,233408,No,Low,500000
1431,9,1,1,HealthTech,Hyderabad,825326,434192,No,Low,500000
1432,10,13,9,AI,Mumbai,1262357,918880,No,Low,500000
1433,13,9,10,AgriTech,Delhi,51334,1209243,Yes,High,5000000
1434,14,5,5,AgriTech,Pune,207112,1490812,Yes,High,5000000
1435,15,13,10,EdTech,Delhi,118049,400291,Yes,High,5000000
1436,15,7,2,AI,Hyderabad,732313,2283708,Yes,High,5000000
1437,8,5,4,EdTech,Chennai,1713968,677784,No,Low,500000
1438,14,1,9,EdTech,Bangalore,841199,2439299,Yes,High,5000000
1439,4,4,2,CleanTech,Delhi,489666,2249552,Yes,High,5000000
1440,18,4,4,AgriTech,Kolkata,622216,270442,No,Low,500000
1441,18,8,8,HealthTech,Kolkata,461306,106184,No,Low,500000
1442,3,4,10,CleanTech,Chennai,1027848,251453,No,Low,500000
1443,3,6,10,HealthTech,Delhi,1125052,2076343,Yes,High,5000000
1444,19,11,8,HealthTech,Chennai,808196,974572,Yes,High,5000000
1445,6,11,8,CleanTech,Delhi,1200296,406573,No,Low,500000
1446,4,13,6,E-Commerce,Kolkata,1501529,1725871,Yes,High,5000000
1447,10,8,8,CleanTech,Delhi,123282,2342828,Yes,High,5000000
1448,2,0,9,E-Commerce,Hyderabad,659598,1802169,Yes,High,5000000
1449,4,9,2,AI,Kolkata,1563255,1884317,Yes,High,5000000
1450,4,8,7,AgriTech,Hyderabad,1877867,1890549,Yes,High,5000000
1451,18,7,9,E-Commerce,Mumbai,300647,143872,No,Low,500000
1452,8,15,9,AgriTech,Kolkata,132684,2218297,Yes,High,5000000
1453,2,10,5,EdTech,Pune,1944551,683385,No,Low,500000
1454,19,3,6,AgriTech,Pune,1852052,1329696,No,Low,500000
1455,4,8,9,EdTech,Delhi,691689,1079635,Yes,High,5000000
1456,5,6,4,HealthTech,Mumbai,781040,1798284,Yes,High,5000000
1457,19,12,1,CleanTech,Mumbai,1276565,1474836,Yes,High,5000000
1458,16,15,1,E-Commerce,Hyderabad,856549,2070093,Yes,High,5000000
1459,2,9,5,HealthTech,Delhi,204933,27439,No,Low,500000
1460,9,2,5,HealthTech,Delhi,1975533,1781759,No,Low,500000
1461,4,7,10,AI,Mumbai,1272684,1082243,No,Low,500000
1462,16,12,10,FinTech,Mumbai,718923,1396790,Yes,High,5000000
1463,17,14,10,EdTech,Kolkata,1591777,873448,No,Low,500000
1464,5,13,2,FinTech,Pune,1093697,215775,No,Low,500000
1465,3,10,6,AI,Pune,860710,1253969,Yes,High,5000000
1466,20,8,6,AI,Delhi,428578,347132,No,Low,500000
1467,20,13,6,HealthTech,Pune,839245,2366193,Yes,High,5000000
1468,20,1,7,CleanTech,Chennai,521073,2262515,Yes,High,5000000
1469,17,15,6,HealthTech,Bangalore,118214,112490,No,Low,500000
1470,19,2,8,HealthTech,Hyderabad,742184,258022,No,Low,500000
1471,7,6,2,E-Commerce,Pune,683648,351263,No,Low,500000
1472,11,6,5,AI,Chennai,1169400,2130692,Yes,High,5000000
1473,4,8,3,E-Commerce,Pune,271481,110041,No,Low,500000
1474,16,12,10,EdTech,Bangalore,1216253,2262259,Yes,High,5000000
1475,8,8,9,AgriTech,Hyderabad,1355678,1598878,Yes,High,5000000
1476,7,7,4,E-Commerce,Bangalore,1342484,1910940,Yes,High,5000000
1477,6,13,6,AI,Delhi,73409,2242005,Yes,High,5000000
1478,7,15,5,CleanTech,Mumbai,1697614,1774230,Yes,High,5000000
1479,19,4,2,EdTech,Hyderabad,1328320,870830,No,Low,500000
1480,6,1,9,CleanTech,Chennai,1534842,97276,No,Low,500000
1481,13,4,1,CleanTech,Pune,1831961,967731,No,Low,500000
1482,7,9,3,AgriTech,Bangalore,1243084,1223965,No,Low,500000
1483,9,5,6,AI,Bangalore,309945,204876,No,Low,500000
1484,6,6,7,E-Commerce,Kolkata,1161623,1403291,Yes,High,5000000
1485,4,6,10,EdTech,Kolkata,877442,422847,No,Low,500000
1486,3,10,7,HealthTech,Hyderabad,1333362,2071508,Yes,High,5000000
1487,5,6,6,E-Commerce,Hyderabad,1295463,2164896,Yes,High,5000000
1488,19,5,10,AgriTech,Kolkata,1326281,2296830,Yes,High,5000000
1489,9,10,6,AgriTech,Hyderabad,1207001,1672038,Yes,High,5000000
1490,11,8,6,EdTech,Hyderabad,412531,2423175,Yes,High,5000000
1491,10,9,5,AI,Mumbai,1732551,1831478,Yes,High,5000000
1492,2,3,6,EdTech,Mumbai,277559,1491205,Yes,High,5000000
1493,9,8,2,EdTech,Hyderabad,704210,1701173,Yes,High,5000000
1494,6,13,7,E-Commerce,Hyderabad,711046,1811094,Yes,High,5000000
1495,6,10,6,CleanTech,Mumbai,130752,2165888,Yes,High,5000000
1496,18,11,5,EdTech,Pune,599559,2236610,Yes,High,5000000
1497,6,8,6,HealthTech,Bangalore,999626,2376968,Yes,High,5000000
1498,16,5,10,AgriTech,Bangalore,1189606,1392508,Yes,High,5000000
1499,3,11,8,HealthTech,Pune,784914,182005,No,Low,500000
1500,16,5,7,HealthTech,Kolkata,1660080,1279062,No,Low,500000
1501,12,5,9,AgriTech,Chennai,865182,442484,No,Low,500000
1502,5,14,6,E-Commerce,Delhi,816397,1495585,Yes,High,5000000
1503,19,13,6,FinTech,Hyderabad,57810,1155046,Yes,High,5000000
1504,3,5,7,EdTech,Hyderabad,1990752,1638534,No,Low,500000
1505,5,0,1,E-Commerce,Pune,415558,2477548,Yes,High,5000000
1506,18,11,5,HealthTech,Kolkata,547697,248333,No,Low,500000
1507,3,10,6,AgriTech,Mumbai,915922,419082,No,Low,500000
1508,16,8,6,AgriTech,Mumbai,468866,2411164,Yes,High,5000000
1509,5,3,10,CleanTech,Delhi,155905,2402792,Yes,High,5000000
1510,3,11,7,AI,Kolkata,828193,722233,No,Low,500000
1511,11,11,9,AgriTech,Delhi,1578639,1520079,No,Low,500000
1512,7,1,7,EdTech,Bangalore,978490,29385,No,Low,500000
1513,16,8,9,HealthTech,Bangalore,483668,2328657,Yes,High,5000000
1514,3,10,1,E-Commerce,Mumbai,111310,2102288,Yes,High,5000000
1515,13,7,9,CleanTech,Bangalore,369568,62075,No,Low,500000
1516,16,5,2,AgriTech,Hyderabad,1848343,523399,No,Low,500000
1517,2,5,6,HealthTech,Mumbai,1604274,1337779,No,Low,500000
1518,11,5,8,E-Commerce,Chennai,895897,1881310,Yes,High,5000000
1519,3,6,8,E-Commerce,Hyderabad,194651,2257494,Yes,High,5000000
1520,17,9,4,E-Commerce,Delhi,639753,1042716,Yes,High,5000000
1521,2,8,9,HealthTech,Delhi,787760,970588,Yes,High,5000000
1522,5,13,5,CleanTech,Hyderabad,112313,1736479,Yes,High,5000000
1523,10,3,6,E-Commerce,Pune,1001338,273180,No,Low,500000
1524,2,6,2,HealthTech,Hyderabad,216345,673037,Yes,High,5000000
1525,11,0,6,AgriTech,Bangalore,1349231,2161292,Yes,High,5000000
1526,20,7,9,FinTech,Kolkata,1944683,584463,No,Low,500000
1527,18,10,2,EdTech,Pune,1545428,1214551,No,Low,500000
1528,14,9,5,FinTech,Kolkata,823818,1128303,Yes,High,5000000
1529,5,15,4,E-Commerce,Hyderabad,182818,404577,Yes,High,5000000
1530,8,6,6,AI,Bangalore,683589,371222,No,Low,500000
1531,5,8,7,E-Commerce,Hyderabad,1164945,1916579,Yes,High,5000000
1532,9,0,6,E-Commerce,Kolkata,1354912,2163000,Yes,High,5000000
1533,2,14,5,HealthTech,Chennai,1536806,427772,No,Low,500000
1534,16,9,3,EdTech,Bangalore,1325862,985741,No,Low,500000
1535,14,0,5,HealthTech,Pune,1461372,131939,No,Low,500000
1536,20,4,5,FinTech,Mumbai,1787901,1425583,No,Low,500000
1537,5,7,6,AI,Hyderabad,747789,654420,No,Low,500000
1538,4,0,9,FinTech,Bangalore,1834330,1043475,No,Low,500000
1539,20,8,5,E-Commerce,Hyderabad,1588966,1123391,No,Low,500000
1540,16,12,2,HealthTech,Delhi,1276386,489612,No,Low,500000
1541,8,7,8,HealthTech,Chennai,1451677,564980,No,Low,500000
1542,15,11,4,EdTech,Delhi,131850,1952585,Yes,High,5000000
1543,19,13,2,HealthTech,Bangalore,1105301,2370139,Yes,High,5000000
1544,11,3,7,AI,Hyderabad,1818869,903331,No,Low,500000
1545,14,14,8,E-Commerce,Delhi,1080264,1010631,No,Low,500000
1546,6,0,6,FinTech,Chennai,326559,1339385,Yes,High,5000000
1547,14,1,9,AgriTech,Mumbai,890060,1181242,Yes,High,5000000
1548,11,11,1,E-Commerce,Hyderabad,1647940,886585,No,Low,500000
1549,10,10,7,E-Commerce,Kolkata,1941805,2301013,Yes,High,5000000
1550,9,5,5,CleanTech,Chennai,458773,1713262,Yes,High,5000000
1551,13,2,7,EdTech,Pune,1206245,1877614,Yes,High,5000000
1552,4,8,7,EdTech,Hyderabad,1079308,1567329,Yes,High,5000000
1553,6,6,1,HealthTech,Pune,1402783,2453733,Yes,High,5000000
1554,5,13,5,AgriTech,Delhi,596527,1135692,Yes,High,5000000
1555,3,15,9,EdTech,Bangalore,1110299,1413788,Yes,High,5000000
1556,15,1,8,FinTech,Kolkata,609544,1901760,Yes,High,5000000
1557,10,0,8,EdTech,Kolkata,316597,1839746,Yes,High,5000000
1558,20,10,7,CleanTech,Kolkata,97818,1308284,Yes,High,5000000
1559,13,7,10,CleanTech,Hyderabad,1747722,928571,No,Low,500000
1560,20,5,7,FinTech,Mumbai,1536244,2213479,Yes,High,5000000
1561,10,13,7,FinTech,Chennai,150184,764745,Yes,High,5000000
1562,15,0,7,EdTech,Kolkata,1471436,1882751,Yes,High,5000000
1563,13,15,2,CleanTech,Chennai,1961325,2255194,Yes,High,5000000
1564,4,13,2,E-Commerce,Pune,81409,1286917,Yes,High,5000000
1565,9,15,9,HealthTech,Kolkata,439428,914178,Yes,High,5000000
1566,19,3,10,FinTech,Chennai,1518482,2312919,Yes,High,5000000
1567,12,1,4,CleanTech,Pune,1319408,2435055,Yes,High,5000000
1568,17,11,3,AgriTech,Mumbai,1845841,1865226,Yes,High,5000000
1569,6,3,10,FinTech,Mumbai,1920258,393811,No,Low,500000
1570,13,15,7,CleanTech,Mumbai,1327418,2307727,Yes,High,5000000
1571,8,10,3,AI,Delhi,1850760,1386267,No,Low,500000
1572,19,9,1,AI,Mumbai,1031201,83040,No,Low,500000
1573,9,3,5,CleanTech,Hyderabad,141118,189718,Yes,High,5000000
1574,20,13,1,AI,Pune,1984115,986446,No,Low,500000
1575,7,11,3,AI,Kolkata,1975205,1200570,No,Low,500000
1576,2,1,6,CleanTech,Hyderabad,1685080,2142907,Yes,High,5000000
1577,9,10,7,FinTech,Chennai,1441100,287449,No,Low,500000
1578,11,14,1,FinTech,Bangalore,1197285,1415170,Yes,High,5000000
1579,5,9,5,E-Commerce,Chennai,416808,1980753,Yes,High,5000000
1580,18,12,8,AI,Mumbai,1215663,600081,No,Low,500000
1581,6,7,4,CleanTech,Bangalore,505328,1452979,Yes,High,5000000
1582,8,5,2,AgriTech,Delhi,185971,1301702,Yes,High,5000000
1583,17,8,10,AgriTech,Chennai,796185,466873,No,Low,500000
1584,16,7,8,FinTech,Pune,479805,2490869,Yes,High,5000000
1585,3,0,3,CleanTech,Chennai,1691573,1861337,Yes,High,5000000
1586,11,1,2,HealthTech,Kolkata,166925,531185,Yes,High,5000000
1587,11,12,8,HealthTech,Hyderabad,1094588,448243,No,Low,500000
1588,8,14,9,FinTech,Bangalore,314766,808332,Yes,High,5000000
1589,3,13,3,CleanTech,Pune,541055,58859,No,Low,500000
1590,11,11,10,AI,Bangalore,141832,306535,Yes,High,5000000
1591,3,10,9,E-Commerce,Mumbai,898547,482187,No,Low,500000
1592,4,14,2,CleanTech,Kolkata,1980533,683887,No,Low,500000
1593,12,10,1,FinTech,Bangalore,1191432,969322,No,Low,500000
1594,12,2,6,HealthTech,Hyderabad,327268,935927,Yes,High,5000000
1595,13,13,7,E-Commerce,Pune,335705,2078949,Yes,High,5000000
1596,18,4,7,AI,Hyderabad,523810,1310637,Yes,High,5000000
1597,7,3,9,AI,Kolkata,1709395,2362692,Yes,High,5000000
1598,14,8,2,CleanTech,Bangalore,1969476,801130,No,Low,500000
1599,7,3,10,E-Commerce,Delhi,500000,975783,Yes,High,5000000
1600,17,13,4,FinTech,Chennai,648716,740333,Yes,High,5000000
1601,8,8,8,HealthTech,Pune,217711,2376863,Yes,High,5000000
1602,4,0,3,EdTech,Bangalore,405965,2015811,Yes,High,5000000
1603,17,10,3,AI,Bangalore,1934199,889929,No,Low,500000
1604,5,7,4,AgriTech,Bangalore,1208118,172464,No,Low,500000
1605,3,3,1,EdTech,Delhi,1443956,1892478,Yes,High,5000000
1606,5,4,10,HealthTech,Chennai,1708131,743863,No,Low,500000
1607,7,2,6,HealthTech,Mumbai,1485862,454464,No,Low,500000
1608,9,10,5,FinTech,Chennai,65800,1448854,Yes,High,5000000
1609,17,8,4,CleanTech,Delhi,1292899,2205200,Yes,High,5000000
1610,18,0,3,E-Commerce,Delhi,556828,20651,No,Low,500000
1611,12,15,2,AI,Hyderabad,1371640,1624517,Yes,High,5000000
1612,15,5,5,AgriTech,Pune,1693593,1092910,No,Low,500000
1613,19,10,10,HealthTech,Mumbai,286457,93244,No,Low,500000
1614,5,7,5,CleanTech,Kolkata,1808230,1803637,No,Low,500000
1615,11,15,10,FinTech,Mumbai,1199120,1971815,Yes,High,5000000
1616,6,3,5,E-Commerce,Hyderabad,1548719,1379042,No,Low,500000
1617,2,1,3,AI,Delhi,1293828,1103347,No,Low,500000
1618,4,15,1,FinTech,Delhi,137901,1829573,Yes,High,5000000
1619,8,11,5,EdTech,Chennai,1237792,50286,No,Low,500000
1620,13,14,5,FinTech,Pune,1107432,1458284,Yes,High,5000000
1621,15,13,1,CleanTech,Kolkata,789369,1469260,Yes,High,5000000
1622,19,2,10,AgriTech,Pune,635619,1075499,Yes,High,5000000
1623,14,11,8,EdTech,Hyderabad,1599710,1656203,Yes,High,5000000
1624,11,0,1,AgriTech,Pune,1155307,2435382,Yes,High,5000000
1625,17,8,8,E-Commerce,Bangalore,1415085,2449971,Yes,High,5000000
1626,6,5,9,HealthTech,Bangalore,1828787,168209,No,Low,500000
1627,3,12,10,HealthTech,Hyderabad,1601131,223192,No,Low,500000
1628,10,11,8,CleanTech,Chennai,398374,2127694,Yes,High,5000000
1629,18,7,7,FinTech,Hyderabad,918824,1214988,Yes,High,5000000
1630,16,12,7,AgriTech,Chennai,1277598,2212303,Yes,High,5000000
1631,2,14,2,AgriTech,Chennai,919979,1913148,Yes,High,5000000
1632,15,9,8,CleanTech,Pune,579753,249575,No,Low,500000
1633,13,13,7,E-Commerce,Chennai,1589879,1085357,No,Low,500000
1634,13,3,7,CleanTech,Bangalore,1370556,780726,No,Low,500000
1635,8,5,9,AI,Chennai,1347774,137587,No,Low,500000
1636,5,9,1,AgriTech,Hyderabad,1787968,2150765,Yes,High,5000000
1637,16,1,7,E-Commerce,Delhi,1565406,764750,No,Low,500000
1638,19,9,5,AI,Hyderabad,1764292,1839179,Yes,High,5000000
1639,2,4,9,FinTech,Delhi,1379518,916693,No,Low,500000
1640,9,2,10,E-Commerce,Hyderabad,361632,1763730,Yes,High,5000000
1641,17,9,9,AI,Mumbai,813507,453709,No,Low,500000
1642,5,8,4,HealthTech,Delhi,316187,1253949,Yes,High,5000000
1643,2,4,10,HealthTech,Bangalore,1397833,338317,No,Low,500000
1644,9,8,8,CleanTech,Pune,408536,1169029,Yes,High,5000000
1645,11,14,5,CleanTech,Kolkata,236129,2189486,Yes,High,5000000
1646,18,12,5,AgriTech,Delhi,1743419,659582,No,Low,500000
1647,19,3,1,CleanTech,Pune,1820992,1442528,No,Low,500000
1648,3,13,5,FinTech,Hyderabad,666290,1061301,Yes,High,5000000
1649,8,15,3,FinTech,Delhi,1569489,1417981,No,Low,500000
1650,5,1,3,E-Commerce,Kolkata,1592079,1049759,No,Low,500000
1651,10,12,1,HealthTech,Bangalore,1758201,1114639,No,Low,500000
1652,6,4,6,FinTech,Pune,166027,2005799,Yes,High,5000000
1653,8,15,3,AgriTech,Pune,1373285,916118,No,Low,500000
1654,3,10,4,E-Commerce,Bangalore,1072583,645363,No,Low,500000
1655,9,12,8,EdTech,Mumbai,871980,2190643,Yes,High,5000000
1656,5,1,5,HealthTech,Bangalore,1441653,2144890,Yes,High,5000000
1657,6,4,2,AI,Bangalore,1236968,614468,No,Low,500000
1658,5,11,4,E-Commerce,Delhi,659456,211243,No,Low,500000
1659,9,8,10,AgriTech,Kolkata,400826,2099204,Yes,High,5000000
1660,9,10,1,E-Commerce,Hyderabad,166696,2129793,Yes,High,5000000
1661,5,8,4,EdTech,Mumbai,220501,454393,Yes,High,5000000
1662,4,12,4,E-Commerce,Kolkata,376936,1957385,Yes,High,5000000
1663,7,3,6,CleanTech,Bangalore,166423,2019199,Yes,High,5000000
1664,9,7,5,E-Commerce,Delhi,1806850,1523761,No,Low,500000
1665,16,3,3,CleanTech,Pune,1954215,827457,No,Low,500000
1666,9,14,7,AI,Bangalore,315610,2473265,Yes,High,5000000
1667,6,1,1,CleanTech,Chennai,626015,2430089,Yes,High,5000000
1668,6,15,7,AI,Delhi,491786,130788,No,Low,500000
1669,13,14,2,AI,Hyderabad,1487752,1334910,No,Low,500000
1670,16,6,9,CleanTech,Kolkata,251481,468599,Yes,High,5000000
1671,5,11,6,HealthTech,Bangalore,814328,2489071,Yes,High,5000000
1672,9,13,5,HealthTech,Mumbai,1085310,908017,No,Low,500000
1673,7,8,10,FinTech,Kolkata,1701657,369241,No,Low,500000
1674,13,14,5,E-Commerce,Mumbai,1670317,1176965,No,Low,500000
1675,16,0,4,EdTech,Chennai,1257804,285168,No,Low,500000
1676,17,15,8,AI,Bangalore,1159226,540993,No,Low,500000
1677,10,5,1,AgriTech,Chennai,1331892,1997762,Yes,High,5000000
1678,11,1,8,CleanTech,Bangalore,1954937,939406,No,Low,500000
1679,18,10,2,CleanTech,Hyderabad,1320452,1447710,Yes,High,5000000
1680,6,5,1,CleanTech,Hyderabad,1615634,989774,No,Low,500000
1681,9,11,9,EdTech,Kolkata,927936,666826,No,Low,500000
1682,5,2,8,E-Commerce,Delhi,692511,799812,Yes,High,5000000
1683,11,7,7,AI,Hyderabad,228259,995401,Yes,High,5000000
1684,20,10,1,AI,Pune,999811,1050003,Yes,High,5000000
1685,16,13,8,E-Commerce,Delhi,1274513,2331159,Yes,High,5000000
1686,13,14,9,E-Commerce,Bangalore,1800596,2468576,Yes,High,5000000
1687,2,2,4,FinTech,Bangalore,1431406,829586,No,Low,500000
1688,12,15,5,E-Commerce,Pune,1639485,284088,No,Low,500000
1689,10,2,3,AgriTech,Kolkata,102166,1274081,Yes,High,5000000
1690,17,2,6,HealthTech,Pune,1740958,1287797,No,Low,500000
1691,20,7,10,HealthTech,Hyderabad,494889,2241769,Yes,High,5000000
1692,16,6,3,E-Commerce,Hyderabad,1917818,112999,No,Low,500000
1693,9,12,2,E-Commerce,Chennai,965356,250859,No,Low,500000
1694,4,7,10,E-Commerce,Delhi,815160,2311142,Yes,High,5000000
1695,4,2,7,EdTech,Mumbai,1794206,1669490,No,Low,500000
1696,15,9,4,HealthTech,Kolkata,1478384,1677511,Yes,High,5000000
1697,13,3,1,EdTech,Hyderabad,1502768,1996471,Yes,High,5000000
1698,13,11,2,AgriTech,Kolkata,1885446,2422781,Yes,High,5000000
1699,5,9,8,E-Commerce,Bangalore,882825,818483,No,Low,500000
1700,4,7,10,FinTech,Hyderabad,89634,898769,Yes,High,5000000
1701,2,8,4,FinTech,Hyderabad,1503376,660407,No,Low,500000
1702,17,2,7,EdTech,Mumbai,1774944,2460358,Yes,High,5000000
1703,18,7,9,AgriTech,Hyderabad,766619,391986,No,Low,500000
1704,12,9,8,HealthTech,Bangalore,701113,1102571,Yes,High,5000000
1705,8,10,4,E-Commerce,Chennai,1557098,474037,No,Low,500000
1706,17,9,8,FinTech,Bangalore,531767,1470492,Yes,High,5000000
1707,11,14,6,AI,Bangalore,421033,1871114,Yes,High,5000000
1708,11,14,7,HealthTech,Kolkata,293510,501577,Yes,High,5000000
1709,5,9,1,AgriTech,Delhi,426989,121992,No,Low,500000
1710,15,12,10,EdTech,Mumbai,837717,1795746,Yes,High,5000000
1711,2,3,3,E-Commerce,Hyderabad,1580731,2417740,Yes,High,5000000
1712,20,13,6,E-Commerce,Chennai,1819401,1992553,Yes,High,5000000
1713,8,12,7,EdTech,Pune,1151759,299927,No,Low,500000
1714,9,15,2,HealthTech,Delhi,1252006,390618,No,Low,500000
1715,5,14,7,CleanTech,Bangalore,1658776,997681,No,Low,500000
1716,2,15,4,HealthTech,Kolkata,938529,2415387,Yes,High,5000000
1717,18,5,1,HealthTech,Bangalore,1049709,1077573,Yes,High,5000000
1718,17,10,2,CleanTech,Kolkata,1094787,106392,No,Low,500000
1719,4,2,4,E-Commerce,Chennai,976399,420905,No,Low,500000
1720,4,15,10,CleanTech,Bangalore,1503510,2087970,Yes,High,5000000
1721,14,13,5,HealthTech,Bangalore,1481871,1593994,Yes,High,5000000
1722,10,2,9,CleanTech,Chennai,1169459,2167426,Yes,High,5000000
1723,10,10,10,EdTech,Kolkata,807304,575060,No,Low,500000
1724,16,9,1,CleanTech,Delhi,56537,102021,Yes,High,5000000
1725,5,5,7,EdTech,Delhi,825878,1717357,Yes,High,5000000
1726,18,10,4,E-Commerce,Bangalore,1878002,1731855,No,Low,500000
1727,5,10,8,CleanTech,Hyderabad,228435,150297,No,Low,500000
1728,15,3,3,AgriTech,Pune,762692,1656708,Yes,High,5000000
1729,15,7,2,HealthTech,Chennai,91137,116187,Yes,High,5000000
1730,10,4,3,CleanTech,Chennai,844903,210830,No,Low,500000
1731,5,8,2,AgriTech,Chennai,1843224,352122,No,Low,500000
1732,10,10,2,AI,Kolkata,763954,663128,No,Low,500000
1733,2,5,5,FinTech,Mumbai,557092,2353505,Yes,High,5000000
1734,3,0,10,CleanTech,Pune,1443992,1394517,No,Low,500000
1735,9,0,4,AI,Mumbai,110988,428331,Yes,High,5000000
1736,17,10,10,FinTech,Kolkata,408446,2359915,Yes,High,5000000
1737,7,3,4,CleanTech,Mumbai,363276,1316804,Yes,High,5000000
1738,19,11,7,AI,Pune,260102,149935,No,Low,500000
1739,10,8,2,E-Commerce,Delhi,514457,1361042,Yes,High,5000000
1740,13,10,8,CleanTech,Chennai,409273,106980,No,Low,500000
1741,8,15,4,AI,Hyderabad,608513,333550,No,Low,500000
1742,11,13,6,FinTech,Kolkata,1556449,1603051,Yes,High,5000000
1743,15,8,6,CleanTech,Hyderabad,1189213,881102,No,Low,500000
1744,19,12,4,CleanTech,Mumbai,1337023,2053093,Yes,High,5000000
1745,8,1,8,AgriTech,Mumbai,578715,2154648,Yes,High,5000000
1746,20,8,3,EdTech,Hyderabad,194279,181808,No,Low,500000
1747,4,1,8,EdTech,Hyderabad,975832,1426408,Yes,High,5000000
1748,5,6,10,AgriTech,Kolkata,552541,588897,Yes,High,5000000
1749,18,6,1,EdTech,Hyderabad,548202,2043612,Yes,High,5000000
1750,7,4,3,AI,Bangalore,166936,1080717,Yes,High,5000000
1751,14,15,8,AI,Hyderabad,1931439,2044440,Yes,High,5000000
1752,9,7,2,EdTech,Kolkata,1591359,1827623,Yes,High,5000000
1753,7,7,6,AgriTech,Pune,1174389,1285294,Yes,High,5000000
1754,14,5,3,AgriTech,Kolkata,1612261,1084270,No,Low,500000
1755,9,1,5,AI,Pune,1172992,1312683,Yes,High,5000000
1756,18,9,5,EdTech,Chennai,97247,80205,No,Low,500000
1757,5,2,9,EdTech,Kolkata,913034,1044521,Yes,High,5000000
1758,3,3,7,HealthTech,Pune,1366042,250383,No,Low,500000
1759,10,4,7,FinTech,Kolkata,411446,2368016,Yes,High,5000000
1760,9,11,7,HealthTech,Delhi,692680,40780,No,Low,500000
1761,17,2,7,CleanTech,Bangalore,987481,692954,No,Low,500000
1762,10,2,6,FinTech,Hyderabad,1134669,1480516,Yes,High,5000000
1763,20,14,10,E-Commerce,Mumbai,1756281,2420499,Yes,High,5000000
1764,11,8,7,FinTech,Delhi,1224937,1928921,Yes,High,5000000
1765,20,9,4,CleanTech,Hyderabad,1652562,159058,No,Low,500000
1766,7,9,5,E-Commerce,Delhi,500761,1718921,Yes,High,5000000
1767,10,15,1,CleanTech,Mumbai,898934,1046320,Yes,High,5000000
1768,5,8,5,E-Commerce,Mumbai,1405165,2298627,Yes,High,5000000
1769,3,2,4,FinTech,Mumbai,1847708,2277656,Yes,High,5000000
1770,18,10,10,HealthTech,Chennai,1569069,2219333,Yes,High,5000000
1771,13,0,4,FinTech,Kolkata,70481,766148,Yes,High,5000000
1772,9,9,5,HealthTech,Pune,1023612,392370,No,Low,500000
1773,5,1,3,FinTech,Kolkata,426457,48523,No,Low,500000
1774,6,4,4,HealthTech,Kolkata,937098,722367,No,Low,500000
1775,8,8,10,FinTech,Bangalore,1736075,1365120,No,Low,500000
1776,14,2,2,FinTech,Kolkata,1402743,1093632,No,Low,500000
1777,3,7,6,EdTech,Delhi,1644743,1041832,No,Low,500000
1778,10,12,4,CleanTech,Pune,832465,606786,No,Low,500000
1779,5,7,9,CleanTech,Mumbai,142245,560830,Yes,High,5000000
1780,17,9,8,AI,Delhi,534662,727301,Yes,High,5000000
1781,4,9,6,FinTech,Delhi,1785707,874662,No,Low,500000
1782,17,3,10,CleanTech,Pune,156782,621279,Yes,High,5000000
1783,4,9,8,AI,Hyderabad,244588,380453,Yes,High,5000000
1784,12,6,9,FinTech,Hyderabad,1841734,2114940,Yes,High,5000000
1785,9,5,4,AgriTech,Bangalore,843481,1111246,Yes,High,5000000
1786,6,11,2,FinTech,Delhi,1450101,1723872,Yes,High,5000000
1787,15,8,2,FinTech,Hyderabad,887512,1705869,Yes,High,5000000
1788,3,12,8,CleanTech,Hyderabad,1367029,695217,No,Low,500000
1789,18,9,1,AI,Hyderabad,1565302,2283279,Yes,High,5000000
1790,16,3,2,EdTech,Delhi,183940,2064180,Yes,High,5000000
1791,20,6,6,EdTech,Hyderabad,1904608,887375,No,Low,500000
1792,11,8,5,AgriTech,Bangalore,1897148,1564275,No,Low,500000
1793,4,10,4,HealthTech,Hyderabad,320360,2496004,Yes,High,5000000
1794,7,5,10,AI,Pune,1973760,1587293,No,Low,500000
1795,9,14,9,HealthTech,Chennai,1191441,2304819,Yes,High,5000000
1796,14,8,3,E-Commerce,Mumbai,1908532,188898,No,Low,500000
1797,8,5,9,AI,Bangalore,1061965,626160,No,Low,500000
1798,20,0,2,CleanTech,Delhi,647439,1941976,Yes,High,5000000
1799,4,8,4,CleanTech,Mumbai,380509,1749648,Yes,High,5000000
1800,8,6,8,AI,Mumbai,853557,688453,No,Low,500000
1801,20,2,8,EdTech,Hyderabad,839837,2204452,Yes,High,5000000
1802,4,3,7,FinTech,Pune,846882,1107387,Yes,High,5000000
1803,14,7,5,HealthTech,Chennai,264986,583452,Yes,High,5000000
1804,9,4,5,FinTech,Pune,1398782,1227139,No,Low,500000
1805,10,8,9,HealthTech,Chennai,1841281,1178916,No,Low,500000
1806,3,14,9,E-Commerce,Delhi,1375187,286882,No,Low,500000
1807,20,5,3,EdTech,Pune,1094274,2150890,Yes,High,5000000
1808,11,12,4,AgriTech,Chennai,59106,440089,Yes,High,5000000
1809,2,6,7,E-Commerce,Chennai,493845,1719044,Yes,High,5000000
1810,6,13,1,EdTech,Pune,1548366,455445,No,Low,500000
1811,4,9,1,E-Commerce,Bangalore,249579,699124,Yes,High,5000000
1812,19,6,3,AgriTech,Mumbai,1174642,1396434,Yes,High,5000000
1813,5,7,7,AI,Pune,866485,1986017,Yes,High,5000000
1814,19,0,4,AgriTech,Chennai,1280964,623742,No,Low,500000
1815,7,13,2,CleanTech,Chennai,1667489,2268459,Yes,High,5000000
1816,12,2,1,AgriTech,Pune,236608,1413698,Yes,High,5000000
1817,7,14,4,E-Commerce,Hyderabad,1864784,512892,No,Low,500000
1818,15,13,2,HealthTech,Chennai,223494,1744375,Yes,High,5000000
1819,11,3,6,EdTech,Pune,968307,844587,No,Low,500000
1820,12,12,6,CleanTech,Pune,1482995,604638,No,Low,500000
1821,15,10,8,CleanTech,Chennai,1729010,2399644,Yes,High,5000000
1822,7,10,10,EdTech,Pune,1165526,2135420,Yes,High,5000000
1823,3,2,1,EdTech,Pune,373248,1464009,Yes,High,5000000
1824,8,13,5,AgriTech,Pune,1848271,1261674,No,Low,500000
1825,7,5,3,CleanTech,Kolkata,1098418,1016731,No,Low,500000
1826,4,8,3,FinTech,Kolkata,622329,2468261,Yes,High,5000000
1827,6,14,7,HealthTech,Chennai,493967,1608152,Yes,High,5000000
1828,2,14,7,AI,Bangalore,500901,1631843,Yes,High,5000000
1829,4,15,3,HealthTech,Bangalore,1565786,333765,No,Low,500000
1830,11,13,8,E-Commerce,Chennai,528354,2358040,Yes,High,5000000
1831,8,1,6,FinTech,Mumbai,1702764,1988743,Yes,High,5000000
1832,13,8,1,AgriTech,Bangalore,313330,701877,Yes,High,5000000
1833,5,10,9,AI,Delhi,974529,1482064,Yes,High,5000000
1834,4,5,5,E-Commerce,Kolkata,1488422,2121682,Yes,High,5000000
1835,11,14,8,AI,Chennai,1007136,609107,No,Low,500000
1836,3,2,3,CleanTech,Delhi,1876172,832810,No,Low,500000
1837,20,2,10,EdTech,Bangalore,1676212,2484716,Yes,High,5000000
1838,19,2,8,E-Commerce,Bangalore,625611,735338,Yes,High,5000000
1839,7,11,7,EdTech,Kolkata,1136238,2167965,Yes,High,5000000
1840,9,5,9,HealthTech,Bangalore,159046,36098,No,Low,500000
1841,2,4,3,E-Commerce,Hyderabad,1431831,1778016,Yes,High,5000000
1842,13,0,5,HealthTech,Kolkata,320644,1742960,Yes,High,5000000
1843,10,9,3,E-Commerce,Pune,641486,1241054,Yes,High,5000000
1844,10,13,6,EdTech,Chennai,84302,1980696,Yes,High,5000000
1845,7,4,5,EdTech,Hyderabad,479129,1896003,Yes,High,5000000
1846,6,9,2,EdTech,Chennai,948939,691052,No,Low,500000
1847,16,3,2,FinTech,Pune,949488,1526055,Yes,High,5000000
1848,19,10,7,EdTech,Delhi,180658,873418,Yes,High,5000000
1849,8,14,6,AI,Delhi,1829208,1148258,No,Low,500000
1850,4,0,2,EdTech,Kolkata,1019057,621966,No,Low,500000
1851,8,3,10,FinTech,Chennai,507550,1068799,Yes,High,5000000
1852,16,8,3,E-Commerce,Delhi,1642327,1807366,Yes,High,5000000
1853,19,14,4,EdTech,Mumbai,1352345,2262337,Yes,High,5000000
1854,8,14,10,HealthTech,Pune,394239,1864363,Yes,High,5000000
1855,17,9,8,AgriTech,Pune,1869782,1183513,No,Low,500000
1856,8,5,9,E-Commerce,Mumbai,536052,1119903,Yes,High,5000000
1857,15,6,5,EdTech,Bangalore,1532771,1449950,No,Low,500000
1858,9,6,4,AgriTech,Chennai,1336829,1622321,Yes,High,5000000
1859,17,12,9,E-Commerce,Delhi,915353,462325,No,Low,500000
1860,11,11,5,EdTech,Pune,1244308,953034,No,Low,500000
1861,12,10,2,CleanTech,Hyderabad,1181929,622194,No,Low,500000
1862,5,5,2,FinTech,Delhi,239574,1812528,Yes,High,5000000
1863,9,9,5,FinTech,Delhi,353894,876915,Yes,High,5000000
1864,8,1,5,HealthTech,Chennai,958182,1437607,Yes,High,5000000
1865,16,12,10,CleanTech,Kolkata,1102821,1490929,Yes,High,5000000
1866,9,8,10,AgriTech,Mumbai,327066,1027838,Yes,High,5000000
1867,9,3,4,FinTech,Mumbai,620188,47740,No,Low,500000
1868,10,5,10,CleanTech,Bangalore,979821,2065795,Yes,High,5000000
1869,6,14,6,FinTech,Hyderabad,255612,2442494,Yes,High,5000000
1870,5,4,5,HealthTech,Hyderabad,164265,380572,Yes,High,5000000
1871,16,12,2,CleanTech,Pune,1464435,918563,No,Low,500000
1872,14,13,5,E-Commerce,Mumbai,118256,309236,Yes,High,5000000
1873,13,1,3,AgriTech,Bangalore,192197,253890,Yes,High,5000000
1874,7,8,5,FinTech,Pune,1224136,1770263,Yes,High,5000000
1875,18,15,3,AI,Mumbai,832809,2186863,Yes,High,5000000
1876,14,0,2,HealthTech,Chennai,829481,955334,Yes,High,5000000
1877,6,4,6,HealthTech,Bangalore,1640329,368041,No,Low,500000
1878,17,7,9,E-Commerce,Kolkata,252749,2301538,Yes,High,5000000
1879,7,2,2,EdTech,Hyderabad,480949,994435,Yes,High,5000000
1880,11,1,7,FinTech,Delhi,511439,2320127,Yes,High,5000000
1881,8,0,3,CleanTech,Chennai,1261664,557348,No,Low,500000
1882,19,3,2,AI,Pune,715360,888042,Yes,High,5000000
1883,16,2,4,E-Commerce,Kolkata,1570930,654911,No,Low,500000
1884,3,0,1,AgriTech,Kolkata,568403,1795828,Yes,High,5000000
1885,17,11,8,AgriTech,Bangalore,820309,977927,Yes,High,5000000
1886,4,10,6,EdTech,Chennai,936916,609457,No,Low,500000
1887,5,8,4,EdTech,Mumbai,1432745,95625,No,Low,500000
1888,10,11,6,AI,Mumbai,1445806,1245291,No,Low,500000
1889,19,0,5,AI,Pune,233869,355527,Yes,High,5000000
1890,12,10,7,AgriTech,Pune,1931805,849908,No,Low,500000
1891,11,8,2,CleanTech,Hyderabad,1445087,1178269,No,Low,500000
1892,16,3,2,AI,Pune,1519482,332801,No,Low,500000
1893,7,13,10,HealthTech,Mumbai,1866074,2240660,Yes,High,5000000
1894,20,6,7,FinTech,Pune,1505060,988980,No,Low,500000
1895,20,7,7,AgriTech,Chennai,822812,1038919,Yes,High,5000000
1896,3,8,7,FinTech,Mumbai,536698,1532964,Yes,High,5000000
1897,4,8,5,AI,Kolkata,1434913,209698,No,Low,500000
1898,17,14,2,AI,Delhi,201323,1375290,Yes,High,5000000
1899,13,14,10,AI,Bangalore,713026,507861,No,Low,500000
1900,10,5,6,AgriTech,Pune,1997375,1952587,No,Low,500000
1901,11,0,5,HealthTech,Pune,570511,234414,No,Low,500000
1902,4,6,6,FinTech,Chennai,898110,1392362,Yes,High,5000000
1903,17,13,10,FinTech,Kolkata,1532676,2191102,Yes,High,5000000
1904,18,10,5,AgriTech,Hyderabad,1513070,1973135,Yes,High,5000000
1905,8,7,2,EdTech,Kolkata,829668,1386098,Yes,High,5000000
1906,3,13,1,AI,Kolkata,451531,473418,Yes,High,5000000
1907,8,12,4,CleanTech,Pune,1640617,691578,No,Low,500000
1908,13,2,6,EdTech,Bangalore,563773,2076164,Yes,High,5000000
1909,14,8,7,CleanTech,Mumbai,82400,2212820,Yes,High,5000000
1910,19,11,10,HealthTech,Delhi,299114,1116257,Yes,High,5000000
1911,9,0,8,AgriTech,Delhi,1427148,1654605,Yes,High,5000000
1912,5,9,2,AI,Delhi,802499,2252908,Yes,High,5000000
1913,16,13,6,CleanTech,Chennai,1443066,2202680,Yes,High,5000000
1914,5,8,1,FinTech,Pune,1419573,1827873,Yes,High,5000000
1915,17,8,9,EdTech,Bangalore,1567051,1104265,No,Low,500000
1916,2,6,7,EdTech,Kolkata,946611,479987,No,Low,500000
1917,6,14,7,EdTech,Hyderabad,1365050,2015759,Yes,High,5000000
1918,11,3,1,EdTech,Delhi,254684,1572143,Yes,High,5000000
1919,6,8,2,EdTech,Bangalore,543334,246183,No,Low,500000
1920,13,5,5,FinTech,Hyderabad,1375732,790963,No,Low,500000
1921,15,7,6,EdTech,Mumbai,1317931,1004662,No,Low,500000
1922,18,4,5,AI,Hyderabad,892847,431760,No,Low,500000
1923,7,11,10,AgriTech,Kolkata,1483262,474880,No,Low,500000
1924,13,8,10,FinTech,Chennai,1910039,906434,No,Low,500000
1925,11,8,8,E-Commerce,Kolkata,1415148,642367,No,Low,500000
1926,10,6,3,AI,Bangalore,1711524,2210553,Yes,High,5000000
1927,5,15,3,FinTech,Hyderabad,603408,2316363,Yes,High,5000000
1928,12,3,3,CleanTech,Delhi,1571947,423076,No,Low,500000
1929,6,2,7,FinTech,Chennai,1111984,1995236,Yes,High,5000000
1930,20,6,6,CleanTech,Hyderabad,492149,1722765,Yes,High,5000000
1931,15,5,1,HealthTech,Delhi,1606136,1378880,No,Low,500000
1932,17,3,2,HealthTech,Bangalore,1434168,1146053,No,Low,500000
1933,8,11,7,HealthTech,Bangalore,777409,1210412,Yes,High,5000000
1934,3,7,3,E-Commerce,Hyderabad,343324,2314582,Yes,High,5000000
1935,11,15,2,AI,Delhi,1779812,1675463,No,Low,500000
1936,18,15,3,FinTech,Chennai,483119,498188,Yes,High,5000000
1937,12,0,1,E-Commerce,Hyderabad,975255,1633816,Yes,High,5000000
1938,7,5,10,FinTech,Mumbai,848070,1810673,Yes,High,5000000
1939,15,11,3,E-Commerce,Hyderabad,838213,2314660,Yes,High,5000000
1940,6,9,6,EdTech,Hyderabad,675321,116282,No,Low,500000
1941,3,6,2,HealthTech,Delhi,662424,1994366,Yes,High,5000000
1942,11,4,10,AI,Chennai,783029,1494159,Yes,High,5000000
1943,17,2,3,AI,Hyderabad,1225947,2133031,Yes,High,5000000
1944,12,6,1,EdTech,Mumbai,882227,1206974,Yes,High,5000000
1945,16,1,9,HealthTech,Bangalore,350174,875565,Yes,High,5000000
1946,8,15,3,AI,Mumbai,1677118,1038768,No,Low,500000
1947,8,5,5,HealthTech,Mumbai,895447,2197992,Yes,High,5000000
1948,7,9,9,HealthTech,Kolkata,1941539,1400729,No,Low,500000
1949,18,3,3,AI,Delhi,345382,2231781,Yes,High,5000000
1950,19,2,9,EdTech,Pune,173187,2420249,Yes,High,5000000
1951,10,10,10,AI,Mumbai,1919862,2037499,Yes,High,5000000
1952,13,10,6,HealthTech,Delhi,1087870,652875,No,Low,500000
1953,10,8,2,AI,Hyderabad,794606,1706867,Yes,High,5000000
1954,5,14,2,AgriTech,Kolkata,1791930,483695,No,Low,500000
1955,18,6,7,CleanTech,Kolkata,1264965,2027417,Yes,High,5000000
1956,19,11,10,AI,Pune,819252,928883,Yes,High,5000000
1957,12,9,9,HealthTech,Hyderabad,88882,1821700,Yes,High,5000000
1958,2,15,2,FinTech,Delhi,52722,2347079,Yes,High,5000000
1959,16,12,1,E-Commerce,Bangalore,1405156,669261,No,Low,500000
1960,18,6,7,CleanTech,Pune,1224816,1526250,Yes,High,5000000
1961,8,0,6,CleanTech,Pune,1220321,829660,No,Low,500000
1962,11,7,7,HealthTech,Hyderabad,1789252,962856,No,Low,500000
1963,13,11,3,E-Commerce,Chennai,276002,292882,Yes,High,5000000
1964,15,4,3,AgriTech,Bangalore,1172439,1051849,No,Low,500000
1965,18,2,1,CleanTech,Chennai,1647528,307615,No,Low,500000
1966,6,5,6,AgriTech,Chennai,1678952,2150533,Yes,High,5000000
1967,19,7,2,E-Commerce,Bangalore,1613580,2413811,Yes,High,5000000
1968,5,1,8,HealthTech,Pune,106113,1595614,Yes,High,5000000
1969,20,9,3,HealthTech,Hyderabad,1272658,698957,No,Low,500000
1970,13,3,1,CleanTech,Hyderabad,1922036,1817329,No,Low,500000
1971,7,2,8,HealthTech,Mumbai,926118,363659,No,Low,500000
1972,8,14,6,AgriTech,Bangalore,1249680,1116684,No,Low,500000
1973,14,0,9,E-Commerce,Kolkata,1940315,1689465,No,Low,500000
1974,13,7,6,AgriTech,Delhi,1048227,1960701,Yes,High,5000000
1975,14,5,4,AgriTech,Hyderabad,304747,290584,No,Low,500000
1976,14,11,6,E-Commerce,Chennai,1525773,2450442,Yes,High,5000000
1977,5,11,3,AI,Chennai,1262763,387346,No,Low,500000
1978,20,2,3,AI,Hyderabad,659857,1254395,Yes,High,5000000
1979,3,14,7,E-Commerce,Bangalore,1982775,1688019,No,Low,500000
1980,15,15,2,AI,Mumbai,1162300,1359134,Yes,High,5000000
1981,20,2,2,AgriTech,Bangalore,171817,2391562,Yes,High,5000000
1982,6,11,5,CleanTech,Pune,1066299,915147,No,Low,500000
1983,11,5,2,AgriTech,Chennai,1812776,231276,No,Low,500000
1984,7,9,7,AgriTech,Bangalore,380898,2018288,Yes,High,5000000
1985,14,5,6,AI,Delhi,1614810,1909086,Yes,High,5000000
1986,14,8,1,EdTech,Chennai,515969,1383812,Yes,High,5000000
1987,7,10,10,CleanTech,Delhi,116742,1947217,Yes,High,5000000
1988,2,7,10,FinTech,Mumbai,667306,1567469,Yes,High,5000000
1989,13,5,5,AI,Mumbai,1850730,1009950,No,Low,500000
1990,17,12,6,CleanTech,Bangalore,1990066,704684,No,Low,500000
1991,12,3,8,FinTech,Pune,324954,2411995,Yes,High,5000000
1992,2,9,3,AI,Delhi,1267486,2225235,Yes,High,5000000
1993,2,5,2,AI,Delhi,1163536,454112,No,Low,500000
1994,4,0,9,HealthTech,Kolkata,112925,283878,Yes,High,5000000
1995,14,10,7,AI,Mumbai,1242198,626878,No,Low,500000
1996,9,10,7,AI,Hyderabad,613157,538613,No,Low,500000
1997,14,6,10,AI,Delhi,1809372,1761381,No,Low,500000
1998,7,13,10,E-Commerce,Hyderabad,1303187,1457258,Yes,High,5000000
1999,12,7,6,FinTech,Mumbai,571450,562859,No,Low,500000
2000,12,8,3,AI,Bangalore,1238945,962394,No,Low,500000
2001,6,15,7,AgriTech,Hyderabad,1276671,2417768,Yes,High,5000000
2002,15,9,9,HealthTech,Chennai,640076,482152,No,Low,500000
2003,2,13,10,CleanTech,Delhi,1524560,924142,No,Low,500000
2004,19,9,1,AgriTech,Hyderabad,1390595,726141,No,Low,500000
2005,12,2,4,HealthTech,Chennai,87934,299948,Yes,High,5000000
2006,17,0,10,HealthTech,Pune,77283,1090353,Yes,High,5000000
2007,3,13,8,EdTech,Hyderabad,367676,80725,No,Low,500000
2008,20,2,4,HealthTech,Delhi,141008,916591,Yes,High,5000000
2009,18,5,2,CleanTech,Kolkata,1070272,823128,No,Low,500000
2010,15,0,6,AgriTech,Mumbai,1441902,970766,No,Low,500000
2011,9,8,2,AgriTech,Kolkata,1823002,362837,No,Low,500000
2012,14,7,5,HealthTech,Kolkata,1571506,1389552,No,Low,500000
2013,18,3,5,HealthTech,Bangalore,319115,39165,No,Low,500000
2014,14,15,9,AI,Pune,567205,1947427,Yes,High,5000000
2015,16,13,10,E-Commerce,Mumbai,1529249,621188,No,Low,500000
2016,9,0,2,AgriTech,Kolkata,1970176,1546576,No,Low,500000
2017,3,7,3,EdTech,Chennai,1706991,1299972,No,Low,500000
2018,19,11,4,CleanTech,Bangalore,653747,1782648,Yes,High,5000000
2019,3,15,8,AgriTech,Chennai,787971,1461505,Yes,High,5000000
2020,5,11,4,AI,Delhi,1241401,1668120,Yes,High,5000000
2021,12,13,3,AgriTech,Delhi,1180150,1018556,No,Low,500000
2022,9,10,8,HealthTech,Kolkata,1550244,398235,No,Low,500000
2023,7,9,9,EdTech,Delhi,1945672,2110364,Yes,High,5000000
2024,15,2,1,E-Commerce,Mumbai,1911473,1474453,No,Low,500000
2025,3,7,5,FinTech,Chennai,1948297,1248071,No,Low,500000
2026,16,1,9,FinTech,Hyderabad,587329,1833241,Yes,High,5000000
2027,18,4,3,FinTech,Mumbai,93629,43425,No,Low,500000
2028,17,4,7,FinTech,Pune,594315,975215,Yes,High,5000000
2029,19,3,2,E-Commerce,Pune,1560539,916547,No,Low,500000
2030,2,15,6,CleanTech,Bangalore,878437,1489158,Yes,High,5000000
2031,18,10,8,HealthTech,Chennai,366407,350673,No,Low,500000
2032,6,2,8,CleanTech,Pune,1374979,571379,No,Low,500000
2033,16,7,1,AI,Delhi,1711574,1328047,No,Low,500000
2034,6,13,9,HealthTech,Bangalore,949396,2354835,Yes,High,5000000
2035,20,0,6,FinTech,Mumbai,1816545,237669,No,Low,500000
2036,20,15,2,AgriTech,Delhi,1751129,32294,No,Low,500000
2037,3,5,4,AgriTech,Bangalore,668680,541452,No,Low,500000
2038,17,0,3,E-Commerce,Pune,1087237,2221458,Yes,High,5000000
2039,3,1,3,AgriTech,Hyderabad,1649630,1522164,No,Low,500000
2040,12,14,2,FinTech,Mumbai,1455731,952388,No,Low,500000
2041,8,3,8,HealthTech,Kolkata,529746,1608096,Yes,High,5000000
2042,11,1,6,AI,Kolkata,757109,1424183,Yes,High,5000000
2043,15,15,3,AI,Chennai,1594968,1905015,Yes,High,5000000
2044,7,1,4,AI,Delhi,1416316,1616726,Yes,High,5000000
2045,2,4,10,HealthTech,Delhi,420415,458134,Yes,High,5000000
2046,8,13,10,AgriTech,Bangalore,1348860,2115231,Yes,High,5000000
2047,9,11,4,CleanTech,Bangalore,998035,369048,No,Low,500000
2048,16,8,5,E-Commerce,Chennai,748862,1039106,Yes,High,5000000
2049,19,1,5,FinTech,Hyderabad,1820162,2295982,Yes,High,5000000
2050,16,12,4,HealthTech,Delhi,493455,612908,Yes,High,5000000
2051,2,3,8,AgriTech,Pune,367880,153218,No,Low,500000
2052,7,7,2,FinTech,Pune,688929,243946,No,Low,500000
2053,20,13,6,CleanTech,Chennai,698959,210339,No,Low,500000
2054,16,1,2,EdTech,Pune,480957,1126727,Yes,High,5000000
2055,17,0,3,E-Commerce,Chennai,776178,1070892,Yes,High,5000000
2056,3,1,4,E-Commerce,Pune,1286493,2365360,Yes,High,5000000
2057,2,9,10,HealthTech,Chennai,704132,1474429,Yes,High,5000000
2058,11,9,2,E-Commerce,Mumbai,1538445,1508707,No,Low,500000
2059,3,7,10,HealthTech,Mumbai,1750431,1667371,No,Low,500000
2060,8,14,1,AI,Kolkata,1673169,695771,No,Low,500000
2061,10,9,10,AI,Pune,1331689,947120,No,Low,500000
2062,16,15,10,FinTech,Delhi,1059576,984673,No,Low,500000
2063,15,6,1,FinTech,Bangalore,666606,1833739,Yes,High,5000000
2064,12,4,9,AI,Bangalore,542424,380834,No,Low,500000
2065,11,3,3,AgriTech,Bangalore,1896416,1788557,No,Low,500000
2066,14,13,7,AI,Bangalore,1563586,567266,No,Low,500000
2067,15,2,4,E-Commerce,Pune,1867900,476903,No,Low,500000
2068,18,14,1,EdTech,Kolkata,644080,87893,No,Low,500000
2069,18,10,4,E-Commerce,Pune,1626166,910008,No,Low,500000
2070,6,1,5,CleanTech,Hyderabad,1343534,1324982,No,Low,500000
2071,5,2,6,AI,Hyderabad,1901460,539748,No,Low,500000
2072,7,0,8,E-Commerce,Mumbai,928139,2336847,Yes,High,5000000
2073,13,10,10,AI,Pune,105422,1518637,Yes,High,5000000
2074,13,4,8,EdTech,Chennai,706115,468779,No,Low,500000
2075,17,14,1,FinTech,Chennai,1112824,132577,No,Low,500000
2076,17,6,6,CleanTech,Kolkata,1925406,1865633,No,Low,500000
2077,18,5,5,AI,Bangalore,1979069,1526293,No,Low,500000
2078,16,7,7,CleanTech,Pune,1421457,824066,No,Low,500000
2079,3,5,5,EdTech,Kolkata,1316058,1029330,No,Low,500000
2080,7,2,2,HealthTech,Mumbai,966513,111960,No,Low,500000
2081,14,9,6,E-Commerce,Pune,1965199,1119345,No,Low,500000
2082,8,5,8,E-Commerce,Delhi,972254,2441586,Yes,High,5000000
2083,6,14,8,HealthTech,Delhi,97494,857501,Yes,High,5000000
2084,11,9,8,AI,Pune,1323925,965748,No,Low,500000
2085,6,11,8,CleanTech,Kolkata,499109,1473360,Yes,High,5000000
2086,16,0,7,E-Commerce,Bangalore,935931,1217517,Yes,High,5000000
2087,5,4,7,CleanTech,Pune,1403684,1346941,No,Low,500000
2088,2,1,9,AgriTech,Mumbai,347547,64762,No,Low,500000
2089,8,2,8,FinTech,Hyderabad,591272,79756,No,Low,500000
2090,10,6,7,HealthTech,Mumbai,961011,505356,No,Low,500000
2091,19,10,7,AgriTech,Delhi,196300,2358697,Yes,High,5000000
2092,3,11,5,EdTech,Pune,338477,1289700,Yes,High,5000000
2093,16,13,10,AI,Chennai,1894863,1578625,No,Low,500000
2094,13,1,5,EdTech,Delhi,487929,28085,No,Low,500000
2095,5,10,7,E-Commerce,Kolkata,582113,1445025,Yes,High,5000000
2096,5,10,6,AgriTech,Chennai,1851270,2413218,Yes,High,5000000
2097,14,1,7,AgriTech,Mumbai,457103,1422796,Yes,High,5000000
2098,8,4,4,AI,Kolkata,1688548,300197,No,Low,500000
2099,8,14,5,EdTech,Pune,825358,1350484,Yes,High,5000000
2100,10,7,4,HealthTech,Mumbai,318612,308096,No,Low,500000
2101,14,8,8,AI,Pune,1825401,129333,No,Low,500000
2102,20,13,8,E-Commerce,Kolkata,1372615,125478,No,Low,500000
2103,3,8,7,FinTech,Chennai,1971412,2259672,Yes,High,5000000
2104,13,15,3,CleanTech,Delhi,118651,1541456,Yes,High,5000000
2105,11,2,8,E-Commerce,Delhi,514114,946799,Yes,High,5000000
2106,6,10,5,FinTech,Bangalore,1361328,1207784,No,Low,500000
2107,3,9,9,HealthTech,Pune,1774307,1340071,No,Low,500000
2108,11,3,2,FinTech,Mumbai,473048,2286615,Yes,High,5000000
2109,11,3,9,E-Commerce,Kolkata,861362,964522,Yes,High,5000000
2110,12,11,7,HealthTech,Mumbai,1198399,1846567,Yes,High,5000000
2111,19,0,8,CleanTech,Kolkata,1312081,20228,No,Low,500000
2112,17,8,10,AgriTech,Bangalore,1456599,2184828,Yes,High,5000000
2113,9,2,9,CleanTech,Pune,101520,678753,Yes,High,5000000
2114,14,1,3,E-Commerce,Delhi,970176,1588515,Yes,High,5000000
2115,9,0,5,EdTech,Mumbai,1796606,1811956,Yes,High,5000000
2116,10,14,10,FinTech,Delhi,897852,1447144,Yes,High,5000000
2117,15,12,7,E-Commerce,Kolkata,141086,1506644,Yes,High,5000000
2118,12,11,4,HealthTech,Bangalore,1755067,648658,No,Low,500000
2119,16,8,3,HealthTech,Bangalore,462539,949840,Yes,High,5000000
2120,6,2,9,FinTech,Bangalore,703536,366484,No,Low,500000
2121,7,0,6,FinTech,Chennai,1731555,149928,No,Low,500000
2122,18,13,7,AI,Kolkata,885110,651396,No,Low,500000
2123,8,7,7,HealthTech,Chennai,100244,2339374,Yes,High,5000000
2124,6,2,5,FinTech,Pune,1456885,1603606,Yes,High,5000000
2125,9,10,8,EdTech,Delhi,365109,36582,No,Low,500000
2126,3,2,3,AgriTech,Bangalore,53889,2442770,Yes,High,5000000
2127,18,8,4,AgriTech,Delhi,823856,2042203,Yes,High,5000000
2128,15,4,7,AI,Chennai,1720268,112449,No,Low,500000
2129,8,4,6,HealthTech,Mumbai,1464776,1075395,No,Low,500000
2130,15,0,1,AI,Mumbai,1052217,107821,No,Low,500000
2131,5,6,8,AgriTech,Hyderabad,1602155,995217,No,Low,500000
2132,12,10,6,FinTech,Bangalore,993282,2492893,Yes,High,5000000
2133,3,9,4,FinTech,Hyderabad,1549381,1084899,No,Low,500000
2134,10,12,5,FinTech,Mumbai,1781763,1190016,No,Low,500000
2135,12,9,9,FinTech,Pune,885026,305336,No,Low,500000
2136,7,8,9,CleanTech,Mumbai,1260402,640990,No,Low,500000
2137,20,7,7,CleanTech,Kolkata,343989,1029198,Yes,High,5000000
2138,6,15,4,HealthTech,Kolkata,1649538,2440329,Yes,High,5000000
2139,20,7,4,EdTech,Kolkata,493402,675232,Yes,High,5000000
2140,2,14,1,EdTech,Chennai,1542761,348047,No,Low,500000
2141,3,0,9,AI,Delhi,492670,852019,Yes,High,5000000
2142,18,7,6,HealthTech,Mumbai,561452,2307961,Yes,High,5000000
2143,9,5,10,AI,Kolkata,1180961,1105564,No,Low,500000
2144,2,8,6,FinTech,Hyderabad,863446,2470471,Yes,High,5000000
2145,11,11,9,AI,Delhi,1855851,44323,No,Low,500000
2146,3,8,3,E-Commerce,Kolkata,1556982,2352090,Yes,High,5000000
2147,17,13,4,CleanTech,Hyderabad,408507,1302380,Yes,High,5000000
2148,11,5,8,E-Commerce,Delhi,482773,911251,Yes,High,5000000
2149,19,13,10,FinTech,Hyderabad,1410638,2168774,Yes,High,5000000
2150,12,0,8,EdTech,Mumbai,1273494,374666,No,Low,500000
2151,8,10,10,CleanTech,Chennai,244977,570729,Yes,High,5000000
2152,4,5,10,AgriTech,Chennai,1518278,2441220,Yes,High,5000000
2153,10,7,1,AgriTech,Bangalore,567753,2202054,Yes,High,5000000
2154,5,8,3,CleanTech,Pune,1829972,1881849,Yes,High,5000000
2155,11,5,3,EdTech,Mumbai,646215,1641449,Yes,High,5000000
2156,19,13,10,HealthTech,Kolkata,1979195,1387897,No,Low,500000
2157,4,10,6,HealthTech,Hyderabad,1812966,566947,No,Low,500000
2158,13,5,8,AgriTech,Pune,870656,1500202,Yes,High,5000000
2159,17,2,3,FinTech,Bangalore,742068,1913890,Yes,High,5000000
2160,13,10,2,AI,Pune,411328,228912,No,Low,500000
2161,10,7,6,EdTech,Pune,1027269,1262814,Yes,High,5000000
2162,17,8,9,FinTech,Hyderabad,75802,1514124,Yes,High,5000000
2163,5,9,4,FinTech,Hyderabad,51969,1606784,Yes,High,5000000
2164,19,7,5,AI,Delhi,1908274,90127,No,Low,500000
2165,16,3,2,HealthTech,Chennai,85692,1336657,Yes,High,5000000
2166,10,5,7,CleanTech,Delhi,196459,938099,Yes,High,5000000
2167,19,1,10,AgriTech,Pune,1238060,897299,No,Low,500000
2168,4,2,4,E-Commerce,Hyderabad,1191536,879808,No,Low,500000
2169,2,4,7,AgriTech,Bangalore,846646,1110300,Yes,High,5000000
2170,6,14,2,AI,Bangalore,421923,144114,No,Low,500000
2171,14,8,7,AgriTech,Pune,194287,823308,Yes,High,5000000
2172,2,12,1,FinTech,Chennai,401968,2428538,Yes,High,5000000
2173,11,15,4,AgriTech,Chennai,219103,1640718,Yes,High,5000000
2174,19,8,1,AgriTech,Bangalore,278329,581158,Yes,High,5000000
2175,13,1,7,AgriTech,Mumbai,768279,2373322,Yes,High,5000000
2176,9,10,7,CleanTech,Kolkata,212857,1059482,Yes,High,5000000
2177,19,12,7,CleanTech,Bangalore,1779455,1911644,Yes,High,5000000
2178,11,13,3,AgriTech,Chennai,521461,1390052,Yes,High,5000000
2179,17,14,4,HealthTech,Chennai,140008,2010969,Yes,High,5000000
2180,17,13,8,AI,Bangalore,810281,1059520,Yes,High,5000000
2181,15,2,9,E-Commerce,Chennai,1851452,1420115,No,Low,500000
2182,18,12,10,CleanTech,Pune,362827,1985874,Yes,High,5000000
2183,15,15,6,HealthTech,Chennai,486666,1107311,Yes,High,5000000
2184,6,11,9,HealthTech,Kolkata,388042,510179,Yes,High,5000000
2185,14,13,8,HealthTech,Hyderabad,1424060,1879537,Yes,High,5000000
2186,11,13,1,HealthTech,Pune,196453,2123583,Yes,High,5000000
2187,4,6,3,E-Commerce,Delhi,235666,744505,Yes,High,5000000
2188,19,1,10,HealthTech,Hyderabad,490883,1881325,Yes,High,5000000
2189,13,4,7,HealthTech,Delhi,121213,2117350,Yes,High,5000000
2190,18,2,9,AI,Chennai,1069689,696884,No,Low,500000
2191,7,1,9,CleanTech,Pune,1977089,1645488,No,Low,500000
2192,4,15,2,AI,Chennai,99742,2432612,Yes,High,5000000
2193,12,4,5,CleanTech,Delhi,206490,1671446,Yes,High,5000000
2194,16,8,3,HealthTech,Mumbai,1426359,1489557,Yes,High,5000000
2195,11,6,5,HealthTech,Bangalore,1082653,1829798,Yes,High,5000000
2196,15,15,10,AgriTech,Bangalore,1661928,219700,No,Low,500000
2197,2,8,5,CleanTech,Chennai,922572,2229459,Yes,High,5000000
2198,7,13,6,HealthTech,Delhi,1629523,1570731,No,Low,500000
2199,7,9,9,EdTech,Pune,950952,126238,No,Low,500000
2200,14,0,9,AgriTech,Kolkata,921250,1437185,Yes,High,5000000
2201,18,11,3,FinTech,Delhi,1931823,460727,No,Low,500000
2202,15,13,6,FinTech,Pune,1892939,40929,No,Low,500000
2203,9,2,9,AI,Hyderabad,268469,2406987,Yes,High,5000000
2204,7,8,4,E-Commerce,Hyderabad,1741468,2481702,Yes,High,5000000
2205,16,3,5,E-Commerce,Pune,1447267,847250,No,Low,500000
2206,8,2,5,CleanTech,Bangalore,1936949,2130636,Yes,High,5000000
2207,4,7,1,HealthTech,Hyderabad,1394932,184765,No,Low,500000
2208,14,15,8,HealthTech,Delhi,876474,128823,No,Low,500000
2209,3,14,8,AI,Hyderabad,738980,2081377,Yes,High,5000000
2210,4,7,2,FinTech,Delhi,695533,1903944,Yes,High,5000000
2211,2,14,8,FinTech,Kolkata,1567733,2479659,Yes,High,5000000
2212,5,6,1,FinTech,Mumbai,143401,806148,Yes,High,5000000
2213,9,9,9,E-Commerce,Hyderabad,819377,256804,No,Low,500000
2214,13,8,3,AI,Delhi,1178832,530674,No,Low,500000
2215,14,15,4,E-Commerce,Pune,1132540,883641,No,Low,500000
2216,5,4,8,E-Commerce,Hyderabad,557915,1394409,Yes,High,5000000
2217,5,12,9,FinTech,Bangalore,554578,1430640,Yes,High,5000000
2218,14,12,6,EdTech,Mumbai,1168319,476564,No,Low,500000
2219,13,2,9,HealthTech,Kolkata,1430307,1012923,No,Low,500000
2220,12,6,2,AgriTech,Hyderabad,1239263,749161,No,Low,500000
2221,4,6,1,HealthTech,Chennai,199928,1791119,Yes,High,5000000
2222,20,8,1,AgriTech,Kolkata,972512,1796305,Yes,High,5000000
2223,7,1,4,EdTech,Kolkata,804504,2448245,Yes,High,5000000
2224,2,3,4,AI,Pune,1842326,86198,No,Low,500000
2225,11,13,9,AgriTech,Bangalore,980223,839906,No,Low,500000
2226,6,0,5,AgriTech,Hyderabad,1145135,2246729,Yes,High,5000000
2227,2,7,2,EdTech,Pune,1512328,2402112,Yes,High,5000000
2228,4,7,1,HealthTech,Pune,1128251,1841893,Yes,High,5000000
2229,4,12,8,EdTech,Kolkata,659605,189966,No,Low,500000
2230,17,10,5,HealthTech,Chennai,982184,2146262,Yes,High,5000000
2231,17,9,9,CleanTech,Pune,522992,1452993,Yes,High,5000000
2232,17,14,8,E-Commerce,Kolkata,714596,2394886,Yes,High,5000000
2233,14,13,2,EdTech,Kolkata,1408306,2059334,Yes,High,5000000
2234,17,2,7,AI,Chennai,1658449,344666,No,Low,500000
2235,20,1,8,FinTech,Chennai,1033358,1946902,Yes,High,5000000
2236,19,4,1,AI,Bangalore,1743750,2306114,Yes,High,5000000
2237,7,5,5,E-Commerce,Mumbai,1885491,2252909,Yes,High,5000000
2238,10,11,5,HealthTech,Delhi,1260870,2166804,Yes,High,5000000
2239,15,7,8,CleanTech,Delhi,381780,526057,Yes,High,5000000
2240,10,7,4,CleanTech,Pune,932382,2234138,Yes,High,5000000
2241,3,8,9,AgriTech,Kolkata,1387007,2006126,Yes,High,5000000
2242,9,5,6,EdTech,Mumbai,235341,1768536,Yes,High,5000000
2243,5,3,10,HealthTech,Chennai,460738,1423170,Yes,High,5000000
2244,6,3,5,E-Commerce,Delhi,52821,1735106,Yes,High,5000000
2245,4,10,6,CleanTech,Mumbai,1655826,2217388,Yes,High,5000000
2246,15,2,6,E-Commerce,Mumbai,62871,2375604,Yes,High,5000000
2247,15,14,10,EdTech,Hyderabad,718657,453373,No,Low,500000
2248,3,2,7,FinTech,Bangalore,1781671,816012,No,Low,500000
2249,9,7,5,E-Commerce,Kolkata,1188693,779576,No,Low,500000
2250,10,4,8,AI,Mumbai,979864,2351157,Yes,High,5000000
2251,12,12,7,CleanTech,Pune,1777774,2088037,Yes,High,5000000
2252,2,12,6,EdTech,Bangalore,475511,1262169,Yes,High,5000000
2253,11,7,3,FinTech,Bangalore,811563,1108023,Yes,High,5000000
2254,12,4,8,HealthTech,Chennai,404034,1349757,Yes,High,5000000
2255,5,9,4,HealthTech,Chennai,1927777,297262,No,Low,500000
2256,9,5,9,HealthTech,Mumbai,72172,2351022,Yes,High,5000000
2257,5,12,2,HealthTech,Pune,773553,1991569,Yes,High,5000000
2258,4,15,9,CleanTech,Bangalore,299216,1067842,Yes,High,5000000
2259,14,2,9,E-Commerce,Mumbai,752479,2028151,Yes,High,5000000
2260,13,4,2,CleanTech,Kolkata,1454774,1901188,Yes,High,5000000
2261,13,13,5,AI,Chennai,1023066,1180357,Yes,High,5000000
2262,18,4,6,EdTech,Hyderabad,1082515,1194534,Yes,High,5000000
2263,6,9,2,AgriTech,Mumbai,1609666,1603501,No,Low,500000
2264,16,6,1,EdTech,Pune,314709,473354,Yes,High,5000000
2265,3,8,1,CleanTech,Pune,1061304,2004651,Yes,High,5000000
2266,14,12,2,AgriTech,Kolkata,357319,2463195,Yes,High,5000000
2267,19,12,3,HealthTech,Pune,1519272,790640,No,Low,500000
2268,13,5,1,E-Commerce,Chennai,801735,808497,Yes,High,5000000
2269,6,11,7,AgriTech,Mumbai,571651,1440787,Yes,High,5000000
2270,8,3,3,CleanTech,Pune,1178445,666451,No,Low,500000
2271,7,7,8,AgriTech,Pune,501318,957418,Yes,High,5000000
2272,11,0,8,AgriTech,Delhi,1859946,2206390,Yes,High,5000000
2273,7,6,2,AI,Pune,927990,275904,No,Low,500000
2274,13,0,4,FinTech,Pune,1246898,1650180,Yes,High,5000000
2275,4,10,5,CleanTech,Bangalore,1297147,2078865,Yes,High,5000000
2276,18,0,5,HealthTech,Delhi,1942413,1930069,No,Low,500000
2277,20,9,4,CleanTech,Bangalore,123790,480658,Yes,High,5000000
2278,12,8,8,AgriTech,Pune,69029,1039412,Yes,High,5000000
2279,8,13,2,FinTech,Chennai,1127305,2476705,Yes,High,5000000
2280,18,6,4,AI,Hyderabad,836136,350346,No,Low,500000
2281,11,5,5,E-Commerce,Mumbai,1864239,880632,No,Low,500000
2282,18,12,9,E-Commerce,Delhi,1833529,1822853,No,Low,500000
2283,8,5,9,E-Commerce,Hyderabad,1037944,215122,No,Low,500000
2284,13,3,5,AI,Kolkata,1286596,79883,No,Low,500000
2285,4,7,3,CleanTech,Mumbai,1569186,1397569,No,Low,500000
2286,15,5,6,CleanTech,Kolkata,685053,1786022,Yes,High,5000000
2287,13,6,7,CleanTech,Bangalore,1264719,1591711,Yes,High,5000000
2288,2,0,5,HealthTech,Kolkata,989602,1541613,Yes,High,5000000
2289,2,14,8,HealthTech,Mumbai,252427,1625880,Yes,High,5000000
2290,5,3,6,E-Commerce,Hyderabad,426160,1492389,Yes,High,5000000
2291,9,2,4,E-Commerce,Pune,1965588,736315,No,Low,500000
2292,12,8,3,HealthTech,Mumbai,1734383,1512982,No,Low,500000
2293,9,5,2,HealthTech,Hyderabad,1647867,1469561,No,Low,500000
2294,16,10,9,CleanTech,Delhi,1520613,217122,No,Low,500000
2295,7,8,8,CleanTech,Hyderabad,1401543,2011986,Yes,High,5000000
2296,12,1,4,EdTech,Hyderabad,295393,744896,Yes,High,5000000
2297,15,6,8,E-Commerce,Kolkata,1624845,2096000,Yes,High,5000000
2298,16,14,8,HealthTech,Bangalore,1572107,248685,No,Low,500000
2299,2,6,9,AI,Kolkata,623850,2390591,Yes,High,5000000
2300,11,12,6,AgriTech,Kolkata,547705,1726811,Yes,High,5000000
2301,2,13,5,HealthTech,Hyderabad,1571778,511851,No,Low,500000
2302,15,1,7,AI,Kolkata,1409900,898404,No,Low,500000
2303,16,7,4,EdTech,Delhi,1645205,1906139,Yes,High,5000000
2304,6,6,3,CleanTech,Hyderabad,1319272,2433147,Yes,High,5000000
2305,13,1,8,EdTech,Bangalore,203006,2381959,Yes,High,5000000
2306,16,4,1,AI,Chennai,1523507,840091,No,Low,500000
2307,13,6,2,CleanTech,Bangalore,1376504,1631667,Yes,High,5000000
2308,15,0,9,HealthTech,Kolkata,363516,2288790,Yes,High,5000000
2309,16,14,1,AI,Mumbai,1881290,2320056,Yes,High,5000000
2310,20,15,2,E-Commerce,Kolkata,484716,1750064,Yes,High,5000000
2311,16,13,9,E-Commerce,Bangalore,1682848,829507,No,Low,500000
2312,3,0,8,HealthTech,Bangalore,1905515,185566,No,Low,500000
2313,5,1,10,E-Commerce,Mumbai,1339234,1041864,No,Low,500000
2314,14,13,5,HealthTech,Kolkata,1849714,2378361,Yes,High,5000000
2315,3,9,3,E-Commerce,Chennai,516307,248360,No,Low,500000
2316,7,1,7,CleanTech,Chennai,1537483,1633198,Yes,High,5000000
2317,20,13,2,AgriTech,Mumbai,1670616,718523,No,Low,500000
2318,10,5,5,AI,Kolkata,1101074,113924,No,Low,500000
2319,13,4,4,EdTech,Mumbai,1044893,1169033,Yes,High,5000000
2320,14,6,4,HealthTech,Pune,1996641,152962,No,Low,500000
2321,12,14,1,EdTech,Delhi,693780,2411850,Yes,High,5000000
2322,6,2,10,CleanTech,Hyderabad,1161264,818208,No,Low,500000
2323,6,11,1,EdTech,Hyderabad,1888714,1450106,No,Low,500000
2324,2,2,3,CleanTech,Kolkata,1795591,2233922,Yes,High,5000000
2325,8,7,6,AI,Bangalore,1216409,1803211,Yes,High,5000000
2326,15,2,3,EdTech,Chennai,435707,811238,Yes,High,5000000
2327,7,12,4,HealthTech,Bangalore,502877,1089543,Yes,High,5000000
2328,5,4,9,HealthTech,Bangalore,357944,382476,Yes,High,5000000
2329,13,15,5,AgriTech,Mumbai,624610,703538,Yes,High,5000000
2330,14,0,4,FinTech,Kolkata,900719,1414898,Yes,High,5000000
2331,11,5,8,AI,Hyderabad,1513986,1750750,Yes,High,5000000
2332,13,0,7,AI,Delhi,548277,205560,No,Low,500000
2333,5,5,6,E-Commerce,Hyderabad,613232,410805,No,Low,500000
2334,3,4,4,AgriTech,Chennai,1726705,2275347,Yes,High,5000000
2335,7,6,5,HealthTech,Hyderabad,173755,1141604,Yes,High,5000000
2336,7,0,3,FinTech,Delhi,646446,220843,No,Low,500000
2337,15,12,2,HealthTech,Chennai,830089,1987295,Yes,High,5000000
2338,6,2,10,FinTech,Kolkata,180190,2495864,Yes,High,5000000
2339,2,11,8,EdTech,Mumbai,1439400,2455194,Yes,High,5000000
2340,2,14,1,AI,Kolkata,610004,1970053,Yes,High,5000000
2341,10,14,9,E-Commerce,Mumbai,1525655,652832,No,Low,500000
2342,9,4,6,HealthTech,Mumbai,1349333,1633650,Yes,High,5000000
2343,13,15,10,FinTech,Kolkata,955988,919976,No,Low,500000
2344,17,7,7,HealthTech,Mumbai,691505,1065130,Yes,High,5000000
2345,7,10,5,E-Commerce,Pune,1933705,862419,No,Low,500000
2346,9,3,7,EdTech,Hyderabad,603135,2419699,Yes,High,5000000
2347,8,14,9,AgriTech,Chennai,1268648,1707879,Yes,High,5000000
2348,6,11,7,CleanTech,Chennai,801923,913372,Yes,High,5000000
2349,2,2,9,CleanTech,Chennai,359252,2200647,Yes,High,5000000
2350,17,12,10,FinTech,Hyderabad,256970,915920,Yes,High,5000000
2351,20,7,5,AI,Kolkata,546991,2383807,Yes,High,5000000
2352,7,6,10,AI,Chennai,573283,1025590,Yes,High,5000000
2353,5,2,7,AI,Delhi,1054489,2372909,Yes,High,5000000
2354,14,9,1,E-Commerce,Bangalore,1299276,516111,No,Low,500000
2355,2,12,3,CleanTech,Delhi,508015,1240935,Yes,High,5000000
2356,10,2,8,EdTech,Chennai,394499,608294,Yes,High,5000000
2357,11,15,2,FinTech,Mumbai,246512,1907889,Yes,High,5000000
2358,16,0,3,FinTech,Kolkata,652951,2319300,Yes,High,5000000
2359,17,13,7,HealthTech,Chennai,908649,1392516,Yes,High,5000000
2360,7,12,7,HealthTech,Mumbai,1587513,71967,No,Low,500000
2361,13,14,5,CleanTech,Kolkata,1241122,2218544,Yes,High,5000000
2362,17,5,7,FinTech,Kolkata,900671,992564,Yes,High,5000000
2363,8,14,4,AI,Mumbai,1719030,342465,No,Low,500000
2364,8,1,5,E-Commerce,Delhi,409306,319960,No,Low,500000
2365,18,10,3,AI,Pune,1830807,1675082,No,Low,500000
2366,5,5,1,EdTech,Hyderabad,1726939,1473117,No,Low,500000
2367,7,0,9,AgriTech,Kolkata,735318,801618,Yes,High,5000000
2368,11,12,2,EdTech,Mumbai,107194,2260570,Yes,High,5000000
2369,8,2,4,AI,Chennai,1713827,2473203,Yes,High,5000000
2370,14,4,1,FinTech,Hyderabad,1275708,2177124,Yes,High,5000000
2371,10,6,7,FinTech,Hyderabad,1336810,1430415,Yes,High,5000000
2372,4,5,4,EdTech,Bangalore,252725,2258238,Yes,High,5000000
2373,15,3,6,EdTech,Mumbai,1661583,920723,No,Low,500000
2374,4,0,2,EdTech,Delhi,251657,1214532,Yes,High,5000000
2375,2,11,8,FinTech,Delhi,1556445,1830416,Yes,High,5000000
2376,7,13,1,FinTech,Hyderabad,1572737,1853155,Yes,High,5000000
2377,19,10,5,AgriTech,Bangalore,510385,1519362,Yes,High,5000000
2378,15,11,5,AI,Hyderabad,1336138,1219761,No,Low,500000
2379,5,7,5,AgriTech,Bangalore,956746,1472789,Yes,High,5000000
2380,8,15,5,AgriTech,Mumbai,661113,1610297,Yes,High,5000000
2381,2,7,10,HealthTech,Delhi,496133,2069515,Yes,High,5000000
2382,13,12,7,AgriTech,Hyderabad,1566865,180527,No,Low,500000
2383,3,3,9,E-Commerce,Kolkata,980074,2383555,Yes,High,5000000
2384,12,5,9,E-Commerce,Bangalore,231329,905585,Yes,High,5000000
2385,20,4,5,EdTech,Bangalore,1582806,1561955,No,Low,500000
2386,5,0,7,CleanTech,Chennai,222918,176259,No,Low,500000
2387,16,3,5,EdTech,Kolkata,300397,2131953,Yes,High,5000000
2388,7,9,2,AgriTech,Bangalore,340438,2402908,Yes,High,5000000
2389,20,3,7,HealthTech,Bangalore,506518,1848744,Yes,High,5000000
2390,14,2,3,CleanTech,Chennai,775889,1874470,Yes,High,5000000
2391,20,12,6,EdTech,Pune,1427469,681448,No,Low,500000
2392,20,4,8,AI,Pune,685796,2015528,Yes,High,5000000
2393,4,1,6,AI,Chennai,1767668,2232401,Yes,High,5000000
2394,16,0,5,HealthTech,Hyderabad,642433,895700,Yes,High,5000000
2395,10,5,9,FinTech,Pune,337863,699425,Yes,High,5000000
2396,10,15,2,FinTech,Kolkata,1922415,1817338,No,Low,500000
2397,14,1,8,E-Commerce,Chennai,482401,502233,Yes,High,5000000
2398,6,2,10,AgriTech,Bangalore,764533,612528,No,Low,500000
2399,19,11,3,HealthTech,Mumbai,1509471,854489,No,Low,500000
2400,3,2,5,EdTech,Bangalore,1545248,381380,No,Low,500000
2401,16,12,1,FinTech,Delhi,50684,1685991,Yes,High,5000000
2402,13,11,7,AgriTech,Pune,1583122,386253,No,Low,500000
2403,12,15,8,AgriTech,Kolkata,1826266,1794474,No,Low,500000
2404,20,1,3,CleanTech,Kolkata,732926,1726024,Yes,High,5000000
2405,3,7,2,AI,Pune,1739965,218824,No,Low,500000
2406,18,10,4,FinTech,Hyderabad,1945271,987505,No,Low,500000
2407,15,13,1,HealthTech,Pune,851189,2471850,Yes,High,5000000
2408,16,3,1,AI,Pune,1472117,2075722,Yes,High,5000000
2409,20,2,5,AI,Hyderabad,1268922,1254341,No,Low,500000
2410,6,10,4,FinTech,Chennai,581427,2452888,Yes,High,5000000
2411,12,12,4,CleanTech,Hyderabad,692197,2248208,Yes,High,5000000
2412,3,3,5,HealthTech,Chennai,1916036,98088,No,Low,500000
2413,7,0,1,HealthTech,Delhi,1043082,789682,No,Low,500000
2414,17,4,4,FinTech,Bangalore,1643255,377055,No,Low,500000
2415,2,10,6,E-Commerce,Delhi,1342908,1463274,Yes,High,5000000
2416,14,13,1,EdTech,Delhi,458868,2230650,Yes,High,5000000
2417,2,5,10,EdTech,Bangalore,518807,2222706,Yes,High,5000000
2418,13,14,7,AI,Pune,314567,1192375,Yes,High,5000000
2419,12,2,5,AgriTech,Mumbai,813609,77042,No,Low,500000
2420,2,6,9,AI,Pune,179287,1220183,Yes,High,5000000
2421,7,1,10,FinTech,Hyderabad,208114,539191,Yes,High,5000000
2422,19,14,6,AI,Delhi,541225,2296699,Yes,High,5000000
2423,9,10,2,E-Commerce,Mumbai,959012,1446834,Yes,High,5000000
2424,6,13,5,AI,Bangalore,1536709,2327157,Yes,High,5000000
2425,16,14,5,AgriTech,Chennai,1402995,1707432,Yes,High,5000000
2426,11,11,7,EdTech,Kolkata,1334250,1579712,Yes,High,5000000
2427,9,13,4,EdTech,Hyderabad,1886387,736793,No,Low,500000
2428,14,10,10,HealthTech,Hyderabad,165429,1361334,Yes,High,5000000
2429,13,3,9,CleanTech,Pune,424948,2436719,Yes,High,5000000
2430,16,2,7,AgriTech,Mumbai,118396,1724483,Yes,High,5000000
2431,10,13,4,FinTech,Hyderabad,1657818,443735,No,Low,500000
2432,16,15,7,HealthTech,Delhi,1662666,1508775,No,Low,500000
2433,10,3,9,E-Commerce,Mumbai,1239401,1535478,Yes,High,5000000
2434,9,4,4,HealthTech,Kolkata,1880938,1889555,Yes,High,5000000
2435,13,12,9,E-Commerce,Delhi,1298679,922603,No,Low,500000
2436,12,7,4,HealthTech,Chennai,1806249,735251,No,Low,500000
2437,11,13,6,CleanTech,Delhi,563343,1837638,Yes,High,5000000
2438,9,6,4,EdTech,Chennai,1555917,1281074,No,Low,500000
2439,13,2,2,FinTech,Kolkata,1179812,875581,No,Low,500000
2440,7,2,10,AI,Bangalore,1308956,772488,No,Low,500000
2441,19,7,7,FinTech,Chennai,556882,1537766,Yes,High,5000000
2442,18,5,3,E-Commerce,Pune,592595,2287945,Yes,High,5000000
2443,8,15,8,AgriTech,Chennai,814664,1098391,Yes,High,5000000
2444,14,9,7,EdTech,Kolkata,1781492,292175,No,Low,500000
2445,7,10,7,AI,Bangalore,1848854,1484890,No,Low,500000
2446,9,5,1,EdTech,Delhi,1604443,1512548,No,Low,500000
2447,19,13,5,AgriTech,Bangalore,253812,2211708,Yes,High,5000000
2448,15,15,4,HealthTech,Hyderabad,551385,535708,No,Low,500000
2449,15,8,6,AgriTech,Hyderabad,418527,1598512,Yes,High,5000000
2450,19,9,1,E-Commerce,Bangalore,505386,1345250,Yes,High,5000000
2451,8,12,7,HealthTech,Hyderabad,1281742,1347622,Yes,High,5000000
2452,12,0,7,AI,Bangalore,679445,1071907,Yes,High,5000000
2453,8,5,2,AgriTech,Hyderabad,1074709,675109,No,Low,500000
2454,11,10,7,E-Commerce,Kolkata,79035,1565078,Yes,High,5000000
2455,12,8,2,EdTech,Bangalore,1829281,1548503,No,Low,500000
2456,12,6,10,FinTech,Mumbai,1096464,1281902,Yes,High,5000000
2457,20,9,5,AgriTech,Delhi,1493065,2454085,Yes,High,5000000
2458,17,10,4,EdTech,Delhi,273209,2057411,Yes,High,5000000
2459,17,2,10,CleanTech,Bangalore,1765192,116574,No,Low,500000
2460,3,4,3,EdTech,Pune,1540667,297173,No,Low,500000
2461,12,0,8,HealthTech,Delhi,152141,531052,Yes,High,5000000
2462,2,1,3,EdTech,Hyderabad,944371,1879105,Yes,High,5000000
2463,7,14,5,AI,Pune,287427,1920747,Yes,High,5000000
2464,16,4,1,CleanTech,Pune,1508333,568566,No,Low,500000
2465,13,13,5,AI,Mumbai,1786513,2028922,Yes,High,5000000
2466,19,0,9,EdTech,Delhi,1141042,1583187,Yes,High,5000000
2467,11,5,3,E-Commerce,Pune,419170,1583126,Yes,High,5000000
2468,16,3,5,AgriTech,Chennai,1463383,1883556,Yes,High,5000000
2469,7,15,4,CleanTech,Bangalore,1817965,1146045,No,Low,500000
2470,3,13,8,HealthTech,Mumbai,611651,1303416,Yes,High,5000000
2471,7,9,8,AgriTech,Pune,1459874,165067,No,Low,500000
2472,8,8,5,AI,Hyderabad,72765,640157,Yes,High,5000000
2473,11,6,7,EdTech,Kolkata,426685,292835,No,Low,500000
2474,5,10,1,EdTech,Pune,1734206,1457035,No,Low,500000
2475,10,4,6,HealthTech,Kolkata,881791,1790857,Yes,High,5000000
2476,4,7,2,EdTech,Bangalore,1690452,281792,No,Low,500000
2477,11,7,5,E-Commerce,Hyderabad,1975678,73807,No,Low,500000
2478,18,5,10,HealthTech,Mumbai,1243096,2189054,Yes,High,5000000
2479,10,14,2,AgriTech,Delhi,429818,117226,No,Low,500000
2480,8,3,7,E-Commerce,Pune,1113202,1916108,Yes,High,5000000
2481,18,9,7,AI,Hyderabad,1269645,2101731,Yes,High,5000000
2482,8,10,7,E-Commerce,Pune,1633756,1412032,No,Low,500000
2483,18,15,2,AI,Hyderabad,103751,1799532,Yes,High,5000000
2484,20,9,3,CleanTech,Mumbai,790010,513960,No,Low,500000
2485,4,3,10,HealthTech,Hyderabad,564567,210096,No,Low,500000
2486,9,10,10,CleanTech,Delhi,1682314,1766010,Yes,High,5000000
2487,20,12,5,EdTech,Mumbai,256410,890409,Yes,High,5000000
2488,6,4,5,AgriTech,Bangalore,1613288,2043735,Yes,High,5000000
2489,17,12,4,CleanTech,Delhi,1927184,312475,No,Low,500000
2490,8,5,5,FinTech,Bangalore,97471,1951798,Yes,High,5000000
2491,20,1,10,HealthTech,Hyderabad,1309198,2147728,Yes,High,5000000
2492,17,4,10,HealthTech,Pune,1784005,278797,No,Low,500000
2493,3,4,10,E-Commerce,Bangalore,625064,1878233,Yes,High,5000000
2494,2,8,6,HealthTech,Kolkata,605871,1318776,Yes,High,5000000
2495,18,8,7,EdTech,Mumbai,465481,1905924,Yes,High,5000000
2496,6,5,2,AgriTech,Kolkata,248047,1971908,Yes,High,5000000
2497,18,12,4,HealthTech,Kolkata,210192,1901063,Yes,High,5000000
2498,4,2,8,FinTech,Bangalore,1349592,986010,No,Low,500000
2499,17,14,3,AI,Chennai,1138496,1951064,Yes,High,5000000
2500,19,5,1,AgriTech,Mumbai,1519991,1837907,Yes,High,5000000
2501,11,1,10,CleanTech,Kolkata,1051138,655256,No,Low,500000
2502,7,2,5,FinTech,Kolkata,1824849,2370616,Yes,High,5000000
2503,9,14,2,EdTech,Bangalore,1208468,1116072,No,Low,500000
2504,6,9,2,HealthTech,Bangalore,1847269,1851371,Yes,High,5000000
2505,3,1,2,HealthTech,Chennai,348304,1263727,Yes,High,5000000
2506,8,12,2,CleanTech,Chennai,682203,518849,No,Low,500000
2507,16,11,9,EdTech,Kolkata,1027278,2266646,Yes,High,5000000
2508,4,2,3,EdTech,Mumbai,960631,2000907,Yes,High,5000000
2509,6,11,7,FinTech,Kolkata,1020875,1077635,Yes,High,5000000
2510,6,6,7,CleanTech,Bangalore,439760,1874436,Yes,High,5000000
2511,6,0,8,AI,Chennai,643609,1057780,Yes,High,5000000
2512,10,8,1,EdTech,Kolkata,91001,494060,Yes,High,5000000
2513,4,15,1,E-Commerce,Delhi,417878,1822110,Yes,High,5000000
2514,9,13,2,FinTech,Delhi,1856547,2048561,Yes,High,5000000
2515,12,1,7,HealthTech,Pune,1936977,1157578,No,Low,500000
2516,3,3,6,CleanTech,Bangalore,1277423,2294961,Yes,High,5000000
2517,20,7,1,EdTech,Kolkata,1483619,2412699,Yes,High,5000000
2518,10,14,4,HealthTech,Hyderabad,1189712,1337809,Yes,High,5000000
2519,8,10,8,FinTech,Bangalore,107032,642651,Yes,High,5000000
2520,4,2,8,HealthTech,Pune,765970,650165,No,Low,500000
2521,19,6,8,AI,Kolkata,1741556,428401,No,Low,500000
2522,11,2,10,FinTech,Mumbai,1050778,1887865,Yes,High,5000000
2523,3,9,4,HealthTech,Kolkata,1735511,2447452,Yes,High,5000000
2524,10,15,1,CleanTech,Chennai,1516186,365912,No,Low,500000
2525,4,12,4,FinTech,Kolkata,432347,943395,Yes,High,5000000
2526,20,10,8,FinTech,Delhi,335906,149616,No,Low,500000
2527,8,12,9,EdTech,Pune,1707808,1811785,Yes,High,5000000
2528,7,11,7,E-Commerce,Delhi,864444,1001606,Yes,High,5000000
2529,9,1,5,CleanTech,Chennai,1918481,194816,No,Low,500000
2530,8,1,7,AgriTech,Bangalore,1619624,1958590,Yes,High,5000000
2531,4,6,2,AI,Delhi,310950,2386111,Yes,High,5000000
2532,19,10,4,AgriTech,Chennai,621380,1441564,Yes,High,5000000
2533,9,9,1,AgriTech,Pune,1502865,2142362,Yes,High,5000000
2534,9,0,10,CleanTech,Hyderabad,541777,790365,Yes,High,5000000
2535,2,5,7,FinTech,Kolkata,1260656,1936310,Yes,High,5000000
2536,19,11,10,E-Commerce,Mumbai,1944443,1906201,No,Low,500000
2537,19,12,8,HealthTech,Mumbai,1414305,107099,No,Low,500000
2538,15,3,2,AI,Pune,734264,1087261,Yes,High,5000000
2539,15,8,8,EdTech,Kolkata,1456056,1595205,Yes,High,5000000
2540,16,12,4,HealthTech,Hyderabad,1059877,1529321,Yes,High,5000000
2541,20,5,1,HealthTech,Chennai,1163665,679742,No,Low,500000
2542,14,10,4,HealthTech,Kolkata,439054,1850126,Yes,High,5000000
2543,5,14,10,CleanTech,Hyderabad,677844,2326630,Yes,High,5000000
2544,6,14,6,EdTech,Delhi,917521,1057859,Yes,High,5000000
2545,4,4,3,E-Commerce,Hyderabad,668042,671367,Yes,High,5000000
2546,5,1,9,AI,Kolkata,838128,398549,No,Low,500000
2547,7,15,7,AI,Chennai,851662,961306,Yes,High,5000000
2548,5,13,6,FinTech,Mumbai,1030442,1433503,Yes,High,5000000
2549,14,12,5,CleanTech,Kolkata,519705,2379613,Yes,High,5000000
2550,17,0,7,AI,Chennai,1682992,295727,No,Low,500000
2551,15,9,9,HealthTech,Bangalore,139719,2046026,Yes,High,5000000
2552,19,2,7,EdTech,Hyderabad,1973827,943046,No,Low,500000
2553,8,5,9,EdTech,Chennai,563342,444583,No,Low,500000
2554,12,15,6,HealthTech,Pune,1433424,1370289,No,Low,500000
2555,10,2,5,HealthTech,Pune,1084536,739427,No,Low,500000
2556,2,6,4,EdTech,Delhi,1371735,2308014,Yes,High,5000000
2557,17,14,1,EdTech,Hyderabad,1641648,1005556,No,Low,500000
2558,6,5,8,FinTech,Mumbai,763165,2487257,Yes,High,5000000
2559,10,6,7,EdTech,Delhi,852943,2312071,Yes,High,5000000
2560,20,10,6,EdTech,Chennai,769276,1209584,Yes,High,5000000
2561,20,3,6,HealthTech,Delhi,853391,1275138,Yes,High,5000000
2562,12,3,2,EdTech,Mumbai,1835963,766365,No,Low,500000
2563,10,9,2,AgriTech,Kolkata,479582,69791,No,Low,500000
2564,5,2,8,FinTech,Mumbai,773687,1415931,Yes,High,5000000
2565,13,13,9,AgriTech,Chennai,1257361,1636574,Yes,High,5000000
2566,5,13,7,FinTech,Kolkata,1829905,1498554,No,Low,500000
2567,10,13,1,CleanTech,Bangalore,550532,1931467,Yes,High,5000000
2568,2,2,8,EdTech,Bangalore,231578,2061849,Yes,High,5000000
2569,7,13,3,E-Commerce,Hyderabad,551592,1301764,Yes,High,5000000
2570,17,2,9,AgriTech,Chennai,1731552,1266863,No,Low,500000
2571,19,14,5,E-Commerce,Mumbai,387076,2433727,Yes,High,5000000
2572,10,12,8,E-Commerce,Delhi,194985,2180502,Yes,High,5000000
2573,20,8,10,CleanTech,Delhi,1819826,2423471,Yes,High,5000000
2574,13,9,2,AgriTech,Hyderabad,1182319,1853333,Yes,High,5000000
2575,3,15,6,FinTech,Hyderabad,780433,2271028,Yes,High,5000000
2576,12,10,8,AI,Mumbai,1164644,2238975,Yes,High,5000000
2577,3,10,7,HealthTech,Delhi,1654374,2429509,Yes,High,5000000
2578,16,12,7,EdTech,Mumbai,1083329,1699354,Yes,High,5000000
2579,9,2,7,AgriTech,Bangalore,1507122,888143,No,Low,500000
2580,14,9,7,E-Commerce,Delhi,1776045,323534,No,Low,500000
2581,14,12,1,HealthTech,Kolkata,1013869,1326825,Yes,High,5000000
2582,12,12,1,E-Commerce,Chennai,1183642,170241,No,Low,500000
2583,12,5,7,AgriTech,Hyderabad,386888,1611181,Yes,High,5000000
2584,15,10,5,AgriTech,Chennai,1697106,2275729,Yes,High,5000000
2585,4,0,6,FinTech,Hyderabad,433186,1410826,Yes,High,5000000
2586,2,4,7,E-Commerce,Delhi,1206691,2236856,Yes,High,5000000
2587,2,11,9,E-Commerce,Pune,1484683,1212697,No,Low,500000
2588,10,11,8,EdTech,Chennai,1786900,2252308,Yes,High,5000000
2589,8,0,6,E-Commerce,Pune,1148826,792366,No,Low,500000
2590,8,0,8,E-Commerce,Kolkata,246278,1382234,Yes,High,5000000
2591,8,0,1,FinTech,Chennai,473772,38950,No,Low,500000
2592,12,12,10,FinTech,Pune,749120,677253,No,Low,500000
2593,17,0,7,CleanTech,Kolkata,1400308,1733659,Yes,High,5000000
2594,11,5,9,EdTech,Hyderabad,778569,2295629,Yes,High,5000000
2595,3,2,8,AI,Kolkata,972477,2367028,Yes,High,5000000
2596,19,0,7,HealthTech,Mumbai,381107,1549330,Yes,High,5000000
2597,9,8,5,CleanTech,Pune,957075,851107,No,Low,500000
2598,5,2,2,EdTech,Delhi,1828682,71341,No,Low,500000
2599,9,14,10,CleanTech,Bangalore,1979299,2393096,Yes,High,5000000
2600,10,0,5,AI,Bangalore,1596836,2402464,Yes,High,5000000
2601,4,14,10,CleanTech,Mumbai,1790848,1698808,No,Low,500000
2602,10,15,6,E-Commerce,Pune,540459,1583948,Yes,High,5000000
2603,16,11,1,FinTech,Pune,1447031,2454917,Yes,High,5000000
2604,15,0,4,AI,Mumbai,652695,1502051,Yes,High,5000000
2605,5,3,10,AI,Mumbai,1515894,889019,No,Low,500000
2606,19,1,4,AI,Mumbai,79502,2114555,Yes,High,5000000
2607,17,2,1,AgriTech,Bangalore,358404,1841620,Yes,High,5000000
2608,6,14,2,CleanTech,Hyderabad,52276,393427,Yes,High,5000000
2609,12,9,2,AI,Chennai,241926,1544746,Yes,High,5000000
2610,4,9,8,AI,Mumbai,1393532,67092,No,Low,500000
2611,12,14,9,AI,Delhi,1316158,1130886,No,Low,500000
2612,15,1,2,E-Commerce,Kolkata,323039,2317725,Yes,High,5000000
2613,12,9,5,EdTech,Delhi,1435432,479646,No,Low,500000
2614,11,0,10,FinTech,Mumbai,1706950,1855828,Yes,High,5000000
2615,15,11,9,E-Commerce,Chennai,1470717,911698,No,Low,500000
2616,18,4,3,HealthTech,Pune,1171464,2235669,Yes,High,5000000
2617,14,4,8,E-Commerce,Chennai,1201216,258640,No,Low,500000
2618,7,8,2,AI,Pune,618996,639679,Yes,High,5000000
2619,2,1,5,AgriTech,Chennai,1277628,1226295,No,Low,500000
2620,18,5,9,EdTech,Mumbai,1027303,608185,No,Low,500000
2621,6,12,10,CleanTech,Kolkata,708476,1132929,Yes,High,5000000
2622,5,6,10,CleanTech,Bangalore,1512924,1293861,No,Low,500000
2623,11,8,9,AI,Chennai,1464863,1428658,No,Low,500000
2624,10,5,3,E-Commerce,Chennai,239771,1632378,Yes,High,5000000
2625,20,12,1,AI,Kolkata,1369970,412450,No,Low,500000
2626,3,6,3,AgriTech,Chennai,1743558,2356957,Yes,High,5000000
2627,9,12,8,FinTech,Chennai,1778767,2068141,Yes,High,5000000
2628,12,7,8,HealthTech,Kolkata,436897,1917430,Yes,High,5000000
2629,7,14,1,EdTech,Kolkata,1025263,712361,No,Low,500000
2630,6,10,6,HealthTech,Chennai,1071728,2021681,Yes,High,5000000
2631,13,3,10,FinTech,Mumbai,723105,1308102,Yes,High,5000000
2632,13,9,1,E-Commerce,Bangalore,576160,35521,No,Low,500000
2633,5,12,5,AgriTech,Chennai,926817,2121510,Yes,High,5000000
2634,3,7,10,AgriTech,Bangalore,851896,1468857,Yes,High,5000000
2635,8,15,1,E-Commerce,Chennai,373683,521991,Yes,High,5000000
2636,2,11,1,E-Commerce,Chennai,1311156,306682,No,Low,500000
2637,6,12,2,FinTech,Kolkata,1543206,1392409,No,Low,500000
2638,6,3,10,AgriTech,Delhi,638906,1979597,Yes,High,5000000
2639,17,1,10,E-Commerce,Mumbai,343742,2402967,Yes,High,5000000
2640,5,9,8,FinTech,Hyderabad,1020774,933479,No,Low,500000
2641,8,13,7,FinTech,Pune,230566,298321,Yes,High,5000000
2642,12,4,10,FinTech,Mumbai,392692,685289,Yes,High,5000000
2643,13,2,2,E-Commerce,Delhi,751948,21339,No,Low,500000
2644,20,4,1,HealthTech,Kolkata,651108,1866204,Yes,High,5000000
2645,8,7,1,AgriTech,Hyderabad,1696316,131500,No,Low,500000
2646,10,4,8,FinTech,Delhi,490248,1051356,Yes,High,5000000
2647,7,3,5,HealthTech,Bangalore,544770,1213389,Yes,High,5000000
2648,10,5,2,AI,Mumbai,1001383,2078403,Yes,High,5000000
2649,7,8,4,AI,Mumbai,235106,874984,Yes,High,5000000
2650,4,8,4,FinTech,Chennai,637366,465329,No,Low,500000
2651,4,4,3,E-Commerce,Kolkata,693524,1824958,Yes,High,5000000
2652,12,0,9,E-Commerce,Mumbai,1003334,1406776,Yes,High,5000000
2653,20,4,3,E-Commerce,Chennai,403762,795565,Yes,High,5000000
2654,8,6,9,EdTech,Kolkata,962475,2383371,Yes,High,5000000
2655,13,6,3,EdTech,Kolkata,1488310,977535,No,Low,500000
2656,9,8,10,AI,Hyderabad,673948,211914,No,Low,500000
2657,7,7,1,EdTech,Pune,760492,1539350,Yes,High,5000000
2658,11,4,6,AgriTech,Chennai,378883,1724095,Yes,High,5000000
2659,18,2,3,HealthTech,Delhi,758586,822614,Yes,High,5000000
2660,18,5,5,HealthTech,Pune,1124061,2251828,Yes,High,5000000
2661,2,5,2,HealthTech,Mumbai,1057831,900456,No,Low,500000
2662,7,5,7,AI,Chennai,1283116,2295331,Yes,High,5000000
2663,12,13,1,E-Commerce,Bangalore,868871,295020,No,Low,500000
2664,15,0,3,E-Commerce,Kolkata,978705,1611112,Yes,High,5000000
2665,19,10,8,EdTech,Bangalore,1235110,20574,No,Low,500000
2666,4,14,7,E-Commerce,Mumbai,782298,1064965,Yes,High,5000000
2667,14,15,4,AgriTech,Pune,162577,205884,Yes,High,5000000
2668,11,4,7,FinTech,Bangalore,1886942,2190635,Yes,High,5000000
2669,13,0,2,AgriTech,Mumbai,1594571,1707103,Yes,High,5000000
2670,4,13,2,AI,Chennai,514740,351214,No,Low,500000
2671,14,0,10,CleanTech,Delhi,517409,2376650,Yes,High,5000000
2672,8,13,2,E-Commerce,Hyderabad,980370,1277516,Yes,High,5000000
2673,3,13,4,HealthTech,Pune,1416871,880362,No,Low,500000
2674,18,11,6,HealthTech,Delhi,1619885,1086165,No,Low,500000
2675,13,14,6,AgriTech,Mumbai,1691492,1690604,No,Low,500000
2676,3,7,9,CleanTech,Mumbai,1311038,2376012,Yes,High,5000000
2677,19,7,8,HealthTech,Kolkata,826577,1468659,Yes,High,5000000
2678,7,8,1,FinTech,Bangalore,437038,892588,Yes,High,5000000
2679,3,7,4,AI,Delhi,366431,1628364,Yes,High,5000000
2680,2,11,6,CleanTech,Pune,532841,879584,Yes,High,5000000
2681,20,4,10,E-Commerce,Bangalore,1952988,845943,No,Low,500000
2682,17,14,6,CleanTech,Pune,217455,2310355,Yes,High,5000000
2683,7,3,8,EdTech,Kolkata,1876924,2462238,Yes,High,5000000
2684,4,11,1,HealthTech,Hyderabad,265432,745293,Yes,High,5000000
2685,2,2,10,EdTech,Pune,1756421,727901,No,Low,500000
2686,3,9,6,EdTech,Kolkata,474206,1995788,Yes,High,5000000
2687,15,5,7,CleanTech,Bangalore,1183421,809209,No,Low,500000
2688,12,11,8,EdTech,Delhi,1315419,2160419,Yes,High,5000000
2689,18,4,1,AI,Pune,394981,1441966,Yes,High,5000000
2690,17,9,2,AgriTech,Delhi,1526175,2026203,Yes,High,5000000
2691,9,4,8,EdTech,Mumbai,1470125,618607,No,Low,500000
2692,16,2,3,AI,Delhi,1412482,1361520,No,Low,500000
2693,8,12,3,HealthTech,Bangalore,1831969,1583312,No,Low,500000
2694,5,2,10,EdTech,Chennai,662528,529595,No,Low,500000
2695,7,6,2,CleanTech,Mumbai,1805702,1700182,No,Low,500000
2696,7,15,7,EdTech,Mumbai,1003503,2199404,Yes,High,5000000
2697,15,6,9,AI,Delhi,1370348,2080414,Yes,High,5000000
2698,3,4,10,FinTech,Pune,1564457,101702,No,Low,500000
2699,15,13,9,AI,Hyderabad,269497,892025,Yes,High,5000000
2700,14,3,1,E-Commerce,Hyderabad,1318588,2309528,Yes,High,5000000
2701,5,7,9,HealthTech,Hyderabad,595319,343328,No,Low,500000
2702,19,4,9,FinTech,Delhi,1074168,644983,No,Low,500000
2703,20,4,9,HealthTech,Delhi,876137,2263051,Yes,High,5000000
2704,11,14,6,HealthTech,Kolkata,1269433,844502,No,Low,500000
2705,18,2,4,AI,Hyderabad,368764,1928725,Yes,High,5000000
2706,9,4,4,EdTech,Hyderabad,1075844,2493974,Yes,High,5000000
2707,12,14,8,E-Commerce,Pune,997211,525907,No,Low,500000
2708,12,14,10,HealthTech,Mumbai,1550633,1574232,Yes,High,5000000
2709,8,9,2,EdTech,Delhi,967277,1663370,Yes,High,5000000
2710,17,7,2,AI,Mumbai,130896,1725863,Yes,High,5000000
2711,8,12,5,AgriTech,Pune,1350296,519908,No,Low,500000
2712,20,12,7,AgriTech,Hyderabad,352854,1295912,Yes,High,5000000
2713,13,7,8,HealthTech,Kolkata,1230361,2448689,Yes,High,5000000
2714,6,0,1,CleanTech,Kolkata,1281325,750329,No,Low,500000
2715,11,8,4,HealthTech,Hyderabad,1174891,2141566,Yes,High,5000000
2716,19,8,9,HealthTech,Kolkata,1513866,831457,No,Low,500000
2717,17,4,4,E-Commerce,Mumbai,185185,1845160,Yes,High,5000000
2718,5,4,9,FinTech,Hyderabad,281905,2086601,Yes,High,5000000
2719,14,6,6,E-Commerce,Bangalore,82154,826793,Yes,High,5000000
2720,5,5,5,EdTech,Hyderabad,1491576,1643949,Yes,High,5000000
2721,13,10,7,AI,Mumbai,160928,2392864,Yes,High,5000000
2722,6,9,9,AI,Pune,465004,146802,No,Low,500000
2723,4,15,4,CleanTech,Pune,190033,2259246,Yes,High,5000000
2724,17,7,4,E-Commerce,Chennai,681203,1449646,Yes,High,5000000
2725,14,13,6,FinTech,Mumbai,1832920,22672,No,Low,500000
2726,14,10,5,EdTech,Delhi,221219,1448697,Yes,High,5000000
2727,2,1,1,EdTech,Hyderabad,302989,522897,Yes,High,5000000
2728,15,9,8,EdTech,Pune,915611,80339,No,Low,500000
2729,12,4,8,EdTech,Hyderabad,870854,329789,No,Low,500000
2730,4,4,9,EdTech,Delhi,239615,665125,Yes,High,5000000
2731,17,3,9,AgriTech,Mumbai,908585,1027979,Yes,High,5000000
2732,12,4,4,AI,Hyderabad,1443684,1518517,Yes,High,5000000
2733,9,4,3,CleanTech,Chennai,394129,1756954,Yes,High,5000000
2734,11,1,4,FinTech,Delhi,285737,429101,Yes,High,5000000
2735,18,14,1,EdTech,Hyderabad,831483,2139975,Yes,High,5000000
2736,18,13,6,FinTech,Kolkata,179445,989953,Yes,High,5000000
2737,2,10,10,EdTech,Bangalore,467950,1936530,Yes,High,5000000
2738,10,14,7,AgriTech,Kolkata,468302,1206621,Yes,High,5000000
2739,13,9,6,CleanTech,Hyderabad,1668103,2397549,Yes,High,5000000
2740,5,1,7,E-Commerce,Delhi,978863,1799510,Yes,High,5000000
2741,9,11,5,E-Commerce,Bangalore,412440,1489048,Yes,High,5000000
2742,6,12,6,AI,Pune,1499955,1367894,No,Low,500000
2743,11,3,3,E-Commerce,Hyderabad,785397,1387063,Yes,High,5000000
2744,14,8,2,AI,Pune,839259,1508350,Yes,High,5000000
2745,10,4,4,EdTech,Mumbai,1293656,501423,No,Low,500000
2746,6,1,4,EdTech,Mumbai,1287158,1368166,Yes,High,5000000
2747,8,7,2,EdTech,Kolkata,1738334,1366247,No,Low,500000
2748,14,7,3,AgriTech,Kolkata,1491554,986542,No,Low,500000
2749,7,15,8,EdTech,Bangalore,937673,1497740,Yes,High,5000000
2750,2,13,10,AI,Hyderabad,577384,1565724,Yes,High,5000000
2751,14,2,3,EdTech,Bangalore,1038572,2397031,Yes,High,5000000
2752,14,14,1,CleanTech,Kolkata,1474872,1180877,No,Low,500000
2753,14,4,8,AgriTech,Delhi,590780,82699,No,Low,500000
2754,18,2,7,AI,Delhi,1612938,1913984,Yes,High,5000000
2755,3,11,9,CleanTech,Hyderabad,1688199,216100,No,Low,500000
2756,20,11,8,AI,Hyderabad,988441,73608,No,Low,500000
2757,7,9,4,HealthTech,Hyderabad,1683380,1596917,No,Low,500000
2758,17,13,7,AI,Bangalore,1556518,1984986,Yes,High,5000000
2759,12,15,3,CleanTech,Pune,428430,1906091,Yes,High,5000000
2760,20,12,6,AgriTech,Chennai,305272,838150,Yes,High,5000000
2761,3,0,5,E-Commerce,Mumbai,795364,1871942,Yes,High,5000000
2762,7,2,6,E-Commerce,Mumbai,1330713,2254415,Yes,High,5000000
2763,4,10,5,EdTech,Chennai,1928895,151357,No,Low,500000
2764,4,2,5,FinTech,Mumbai,988160,2285314,Yes,High,5000000
2765,12,4,1,FinTech,Hyderabad,884005,72900,No,Low,500000
2766,9,2,9,HealthTech,Kolkata,127078,407168,Yes,High,5000000
2767,15,1,1,CleanTech,Kolkata,629637,983671,Yes,High,5000000
2768,14,5,6,AI,Pune,1570449,1824805,Yes,High,5000000
2769,16,13,7,EdTech,Chennai,1782280,227161,No,Low,500000
2770,16,3,6,EdTech,Hyderabad,1541878,1827664,Yes,High,5000000
2771,9,12,8,CleanTech,Pune,1144058,1818116,Yes,High,5000000
2772,14,3,8,AgriTech,Bangalore,1463620,170901,No,Low,500000
2773,5,13,2,HealthTech,Pune,1300927,199662,No,Low,500000
2774,7,0,1,CleanTech,Pune,1835979,179558,No,Low,500000
2775,9,14,8,AgriTech,Bangalore,1962119,2435917,Yes,High,5000000
2776,5,4,7,E-Commerce,Mumbai,347501,724349,Yes,High,5000000
2777,16,10,1,EdTech,Mumbai,870612,933538,Yes,High,5000000
2778,2,3,5,FinTech,Mumbai,1090323,186440,No,Low,500000
2779,5,2,2,AI,Delhi,1374947,222623,No,Low,500000
2780,7,4,10,AI,Delhi,510886,264305,No,Low,500000
2781,4,2,4,AgriTech,Delhi,848233,1470342,Yes,High,5000000
2782,13,1,5,FinTech,Delhi,1737784,2109592,Yes,High,5000000
2783,14,4,1,EdTech,Mumbai,174759,802220,Yes,High,5000000
2784,15,8,10,EdTech,Bangalore,286913,1147286,Yes,High,5000000
2785,15,6,4,AgriTech,Bangalore,1716491,737736,No,Low,500000
2786,18,8,10,E-Commerce,Hyderabad,177508,680916,Yes,High,5000000
2787,2,1,2,AI,Hyderabad,1899313,1093583,No,Low,500000
2788,5,14,4,HealthTech,Chennai,736977,2077403,Yes,High,5000000
2789,20,8,2,AgriTech,Kolkata,1732851,721944,No,Low,500000
2790,10,7,4,AgriTech,Kolkata,1873443,1311606,No,Low,500000
2791,8,13,3,FinTech,Pune,621384,2126689,Yes,High,5000000
2792,15,10,10,E-Commerce,Hyderabad,1399667,34239,No,Low,500000
2793,14,9,7,AI,Chennai,1682348,1124762,No,Low,500000
2794,2,6,6,AgriTech,Delhi,447044,406088,No,Low,500000
2795,14,10,9,AgriTech,Bangalore,1553204,292949,No,Low,500000
2796,13,7,2,AI,Bangalore,1619624,683762,No,Low,500000
2797,6,14,3,CleanTech,Chennai,1148598,822567,No,Low,500000
2798,13,7,6,FinTech,Kolkata,1064447,2210418,Yes,High,5000000
2799,17,4,7,AI,Chennai,1878648,586243,No,Low,500000
2800,14,3,3,FinTech,Hyderabad,1873608,1429559,No,Low,500000
2801,2,11,7,EdTech,Hyderabad,1700418,2013413,Yes,High,5000000
2802,13,4,3,CleanTech,Hyderabad,1574336,672283,No,Low,500000
2803,17,11,3,AgriTech,Pune,823550,1740179,Yes,High,5000000
2804,2,13,7,AgriTech,Mumbai,321234,114337,No,Low,500000
2805,6,2,9,AgriTech,Delhi,1775817,604447,No,Low,500000
2806,17,0,8,FinTech,Hyderabad,126206,930582,Yes,High,5000000
2807,20,11,9,E-Commerce,Kolkata,1956224,2153133,Yes,High,5000000
2808,17,12,8,AI,Delhi,926606,2317877,Yes,High,5000000
2809,17,14,1,AI,Pune,450903,65140,No,Low,500000
2810,17,9,9,AgriTech,Pune,1027005,1893804,Yes,High,5000000
2811,19,11,10,AgriTech,Delhi,293352,1252034,Yes,High,5000000
2812,13,1,7,HealthTech,Hyderabad,413744,1540166,Yes,High,5000000
2813,9,10,10,HealthTech,Delhi,1106643,576410,No,Low,500000
2814,3,12,10,CleanTech,Bangalore,1394008,1349759,No,Low,500000
2815,2,1,6,AgriTech,Chennai,1288057,1614732,Yes,High,5000000
2816,4,12,4,FinTech,Bangalore,1448075,2392828,Yes,High,5000000
2817,13,11,8,CleanTech,Hyderabad,1345109,2146743,Yes,High,5000000
2818,10,10,3,E-Commerce,Kolkata,1961267,2198452,Yes,High,5000000
2819,11,0,4,E-Commerce,Pune,788908,2459284,Yes,High,5000000
2820,15,9,2,CleanTech,Hyderabad,1693019,2294306,Yes,High,5000000
2821,10,3,2,AI,Delhi,728732,1498909,Yes,High,5000000
2822,17,10,6,HealthTech,Mumbai,1079592,2423550,Yes,High,5000000
2823,6,3,3,AI,Kolkata,1640491,927480,No,Low,500000
2824,15,0,8,AI,Delhi,511593,600130,Yes,High,5000000
2825,4,0,4,AI,Kolkata,105159,1182670,Yes,High,5000000
2826,17,15,3,FinTech,Mumbai,505045,950502,Yes,High,5000000
2827,10,12,7,AI,Delhi,1360829,2431873,Yes,High,5000000
2828,17,3,9,AgriTech,Chennai,511104,1833287,Yes,High,5000000
2829,18,5,8,AI,Delhi,393374,237728,No,Low,500000
2830,6,14,2,FinTech,Mumbai,382113,2159720,Yes,High,5000000
2831,10,2,8,CleanTech,Chennai,873172,962672,Yes,High,5000000
2832,19,5,8,AgriTech,Mumbai,1220661,1570863,Yes,High,5000000
2833,10,12,8,CleanTech,Hyderabad,958685,452881,No,Low,500000
2834,17,2,9,AI,Hyderabad,158365,23316,No,Low,500000
2835,18,0,5,AgriTech,Chennai,1425546,1072908,No,Low,500000
2836,9,14,7,EdTech,Pune,1344935,988011,No,Low,500000
2837,17,7,3,E-Commerce,Chennai,1484109,993768,No,Low,500000
2838,18,3,9,CleanTech,Hyderabad,1004557,2460566,Yes,High,5000000
2839,9,7,3,CleanTech,Delhi,1193861,1864075,Yes,High,5000000
2840,19,13,7,E-Commerce,Bangalore,1440688,1781736,Yes,High,5000000
2841,6,1,7,FinTech,Hyderabad,1613161,2321624,Yes,High,5000000
2842,8,1,6,AgriTech,Kolkata,162569,2194716,Yes,High,5000000
2843,19,5,5,FinTech,Delhi,412050,1457418,Yes,High,5000000
2844,16,10,10,EdTech,Mumbai,64528,408010,Yes,High,5000000
2845,15,0,5,AgriTech,Hyderabad,1985055,1749552,No,Low,500000
2846,3,11,4,EdTech,Bangalore,1206346,236806,No,Low,500000
2847,10,3,9,HealthTech,Delhi,980022,927629,No,Low,500000
2848,20,10,7,E-Commerce,Pune,774174,1753993,Yes,High,5000000
2849,9,7,6,CleanTech,Bangalore,1922392,2312638,Yes,High,5000000
2850,9,11,9,HealthTech,Pune,1591773,1709467,Yes,High,5000000
2851,8,11,9,EdTech,Kolkata,658690,2365930,Yes,High,5000000
2852,5,1,3,EdTech,Kolkata,88066,1681372,Yes,High,5000000
2853,2,4,5,HealthTech,Mumbai,874539,2181322,Yes,High,5000000
2854,18,7,3,AI,Pune,1326928,1061666,No,Low,500000
2855,8,4,7,AgriTech,Delhi,1064127,1077970,Yes,High,5000000
2856,15,4,1,AgriTech,Chennai,1781681,904494,No,Low,500000
2857,3,1,6,CleanTech,Mumbai,442437,1156819,Yes,High,5000000
2858,18,14,8,EdTech,Chennai,1326368,1492563,Yes,High,5000000
2859,5,7,10,EdTech,Mumbai,1938022,1938720,Yes,High,5000000
2860,8,13,10,AgriTech,Pune,1630271,557397,No,Low,500000
2861,5,13,10,AgriTech,Pune,1658402,1696996,Yes,High,5000000
2862,3,10,6,E-Commerce,Bangalore,1314240,1957316,Yes,High,5000000
2863,15,11,10,E-Commerce,Bangalore,1492456,1239962,No,Low,500000
2864,4,15,8,AI,Pune,622287,2071367,Yes,High,5000000
2865,11,9,9,EdTech,Delhi,344619,1424485,Yes,High,5000000
2866,2,4,10,E-Commerce,Bangalore,800666,1447840,Yes,High,5000000
2867,7,13,10,E-Commerce,Chennai,737283,920434,Yes,High,5000000
2868,2,9,6,HealthTech,Kolkata,707479,2471893,Yes,High,5000000
2869,19,3,9,AgriTech,Bangalore,784126,1267987,Yes,High,5000000
2870,6,1,7,CleanTech,Pune,639510,1887556,Yes,High,5000000
2871,18,5,4,HealthTech,Pune,185162,1902578,Yes,High,5000000
2872,20,10,4,CleanTech,Mumbai,1315557,1872686,Yes,High,5000000
2873,16,4,5,CleanTech,Delhi,970083,264853,No,Low,500000
2874,9,15,4,AgriTech,Chennai,351563,397025,Yes,High,5000000
2875,19,10,4,E-Commerce,Hyderabad,184489,1539187,Yes,High,5000000
2876,7,6,9,EdTech,Kolkata,1087883,171530,No,Low,500000
2877,19,0,3,E-Commerce,Pune,1969594,2129001,Yes,High,5000000
2878,16,5,1,AI,Mumbai,1487052,1758983,Yes,High,5000000
2879,19,10,7,AI,Chennai,1514293,217126,No,Low,500000
2880,2,12,4,E-Commerce,Kolkata,177669,2101722,Yes,High,5000000
2881,4,9,8,AgriTech,Pune,1403664,436485,No,Low,500000
2882,15,2,3,AI,Pune,1362428,1590846,Yes,High,5000000
2883,20,3,3,HealthTech,Delhi,1901958,1388599,No,Low,500000
2884,5,12,2,EdTech,Pune,1534255,1585093,Yes,High,5000000
2885,14,0,6,CleanTech,Pune,1591237,1759327,Yes,High,5000000
2886,8,0,4,CleanTech,Chennai,965562,322515,No,Low,500000
2887,4,0,3,HealthTech,Delhi,197771,158217,No,Low,500000
2888,19,8,4,HealthTech,Delhi,1848930,965656,No,Low,500000
2889,4,12,9,EdTech,Hyderabad,1484868,815519,No,Low,500000
2890,6,14,6,CleanTech,Bangalore,1747781,726491,No,Low,500000
2891,19,10,4,HealthTech,Bangalore,1404964,387596,No,Low,500000
2892,9,1,4,EdTech,Bangalore,1647706,230348,No,Low,500000
2893,13,5,7,HealthTech,Mumbai,69923,73436,Yes,High,5000000
2894,17,10,7,E-Commerce,Hyderabad,1279755,1606596,Yes,High,5000000
2895,8,6,4,E-Commerce,Pune,1739965,2475772,Yes,High,5000000
2896,2,9,4,FinTech,Kolkata,251812,334416,Yes,High,5000000
2897,13,6,2,HealthTech,Pune,1018925,1938229,Yes,High,5000000
2898,6,3,9,AI,Mumbai,424202,1022532,Yes,High,5000000
2899,12,6,1,CleanTech,Kolkata,1280371,1384528,Yes,High,5000000
2900,15,6,8,EdTech,Bangalore,1021638,1121062,Yes,High,5000000
2901,14,12,9,AgriTech,Chennai,1725567,1776106,Yes,High,5000000
2902,20,11,4,EdTech,Kolkata,1828819,2449559,Yes,High,5000000
2903,18,1,7,E-Commerce,Bangalore,1167210,844050,No,Low,500000
2904,8,15,7,EdTech,Chennai,1305728,243614,No,Low,500000
2905,15,0,2,EdTech,Hyderabad,66285,2243846,Yes,High,5000000
2906,7,3,7,HealthTech,Mumbai,701929,1736340,Yes,High,5000000
2907,18,11,8,CleanTech,Bangalore,1007595,2389153,Yes,High,5000000
2908,3,4,5,EdTech,Bangalore,1663041,1314329,No,Low,500000
2909,15,8,4,E-Commerce,Hyderabad,1290829,1385014,Yes,High,5000000
2910,12,13,1,E-Commerce,Mumbai,741600,1651961,Yes,High,5000000
2911,17,7,3,CleanTech,Kolkata,1656727,1233396,No,Low,500000
2912,7,10,5,FinTech,Hyderabad,378070,1044548,Yes,High,5000000
2913,13,5,4,E-Commerce,Bangalore,1859490,2101025,Yes,High,5000000
2914,16,0,5,AI,Chennai,1784408,1778980,No,Low,500000
2915,7,11,6,EdTech,Pune,1294787,2139910,Yes,High,5000000
2916,10,1,7,CleanTech,Kolkata,190230,1180989,Yes,High,5000000
2917,9,13,9,FinTech,Bangalore,700720,1141900,Yes,High,5000000
2918,13,15,8,FinTech,Chennai,640316,40531,No,Low,500000
2919,16,14,5,AI,Chennai,879918,2380115,Yes,High,5000000
2920,18,4,4,AgriTech,Mumbai,969607,903365,No,Low,500000
2921,19,11,4,E-Commerce,Chennai,403374,1412601,Yes,High,5000000
2922,19,5,3,E-Commerce,Bangalore,979355,2268170,Yes,High,5000000
2923,14,1,5,E-Commerce,Kolkata,458337,2146229,Yes,High,5000000
2924,17,6,4,EdTech,Kolkata,1027922,1896673,Yes,High,5000000
2925,17,9,8,EdTech,Delhi,498498,2275142,Yes,High,5000000
2926,17,0,2,E-Commerce,Bangalore,278659,1915747,Yes,High,5000000
2927,6,1,1,FinTech,Kolkata,1760991,443158,No,Low,500000
2928,20,13,9,HealthTech,Hyderabad,1387352,1633308,Yes,High,5000000
2929,19,13,10,CleanTech,Delhi,1214302,2075932,Yes,High,5000000
2930,3,11,4,CleanTech,Delhi,311382,907203,Yes,High,5000000
2931,17,13,9,AI,Mumbai,644269,2156261,Yes,High,5000000
2932,3,10,5,EdTech,Hyderabad,928501,2035036,Yes,High,5000000
2933,14,4,10,FinTech,Hyderabad,1875631,516571,No,Low,500000
2934,8,11,1,FinTech,Pune,71041,781366,Yes,High,5000000
2935,13,2,3,E-Commerce,Chennai,1972732,141036,No,Low,500000
2936,12,12,6,HealthTech,Chennai,1824357,2168591,Yes,High,5000000
2937,9,1,4,AI,Chennai,1620276,1953360,Yes,High,5000000
2938,6,4,7,CleanTech,Hyderabad,915179,1138817,Yes,High,5000000
2939,17,3,2,CleanTech,Pune,1964912,2357091,Yes,High,5000000
2940,3,1,2,HealthTech,Bangalore,449054,605500,Yes,High,5000000
2941,2,10,5,AgriTech,Kolkata,1981402,1085455,No,Low,500000
2942,19,3,2,AI,Bangalore,1433176,1924282,Yes,High,5000000
2943,3,3,10,AgriTech,Hyderabad,1400207,1961725,Yes,High,5000000
2944,14,8,2,EdTech,Hyderabad,1292699,959745,No,Low,500000
2945,16,4,10,E-Commerce,Pune,444162,1482553,Yes,High,5000000
2946,3,7,7,AI,Chennai,1868947,946411,No,Low,500000
2947,13,10,9,FinTech,Mumbai,1573697,1607907,Yes,High,5000000
2948,13,7,3,AI,Bangalore,1767348,311598,No,Low,500000
2949,7,8,7,AgriTech,Delhi,1777572,1337488,No,Low,500000
2950,5,8,6,E-Commerce,Bangalore,524008,1988914,Yes,High,5000000
2951,20,10,1,AI,Mumbai,980549,1884781,Yes,High,5000000
2952,14,2,6,FinTech,Delhi,698351,192824,No,Low,500000
2953,3,7,4,EdTech,Kolkata,538545,628029,Yes,High,5000000
2954,15,9,5,CleanTech,Bangalore,1141606,228443,No,Low,500000
2955,5,9,3,E-Commerce,Mumbai,246745,1475216,Yes,High,5000000
2956,10,15,5,E-Commerce,Hyderabad,944034,1343940,Yes,High,5000000
2957,16,11,8,FinTech,Kolkata,117813,833961,Yes,High,5000000
2958,4,14,7,FinTech,Hyderabad,392074,2027983,Yes,High,5000000
2959,10,8,2,HealthTech,Hyderabad,278396,876258,Yes,High,5000000
2960,11,8,10,FinTech,Delhi,1532487,1865151,Yes,High,5000000
2961,15,11,8,HealthTech,Hyderabad,1186160,2140430,Yes,High,5000000
2962,18,3,6,AgriTech,Delhi,1822652,319966,No,Low,500000
2963,15,5,1,HealthTech,Chennai,1129725,307483,No,Low,500000
2964,5,11,7,E-Commerce,Mumbai,711907,1667877,Yes,High,5000000
2965,10,7,9,AgriTech,Chennai,130234,2459240,Yes,High,5000000
2966,3,13,7,AI,Mumbai,881684,509534,No,Low,500000
2967,14,1,2,E-Commerce,Pune,650567,2410544,Yes,High,5000000
2968,8,3,5,FinTech,Hyderabad,778203,2141268,Yes,High,5000000
2969,3,6,7,CleanTech,Kolkata,385103,1302798,Yes,High,5000000
2970,19,10,6,E-Commerce,Mumbai,1873413,656760,No,Low,500000
2971,3,12,3,EdTech,Hyderabad,1231022,707591,No,Low,500000
2972,5,0,2,CleanTech,Kolkata,1179980,2366638,Yes,High,5000000
2973,19,7,5,AI,Pune,1129858,1642693,Yes,High,5000000
2974,20,6,5,FinTech,Pune,139739,1358816,Yes,High,5000000
2975,8,6,8,EdTech,Kolkata,1042901,1357533,Yes,High,5000000
2976,13,4,7,AgriTech,Delhi,116704,1596754,Yes,High,5000000
2977,3,14,4,FinTech,Pune,618891,1965773,Yes,High,5000000
2978,4,2,4,CleanTech,Delhi,610345,338702,No,Low,500000
2979,20,4,2,AgriTech,Bangalore,66994,629183,Yes,High,5000000
2980,5,11,1,E-Commerce,Kolkata,1053352,581034,No,Low,500000
2981,10,5,6,EdTech,Bangalore,1706055,2144511,Yes,High,5000000
2982,12,12,9,AI,Delhi,1392232,278735,No,Low,500000
2983,19,8,3,HealthTech,Kolkata,232114,2384844,Yes,High,5000000
2984,15,2,5,E-Commerce,Pune,1656620,901094,No,Low,500000
2985,10,4,4,AgriTech,Hyderabad,848006,2260170,Yes,High,5000000
2986,9,2,2,FinTech,Chennai,1996032,1623204,No,Low,500000
2987,17,1,8,E-Commerce,Kolkata,559211,2110054,Yes,High,5000000
2988,6,4,4,AI,Mumbai,1380640,851576,No,Low,500000
2989,4,10,6,AI,Chennai,1097591,591285,No,Low,500000
2990,14,1,4,FinTech,Bangalore,1151185,318169,No,Low,500000
2991,13,1,10,HealthTech,Pune,1749885,2319896,Yes,High,5000000
2992,17,1,7,AgriTech,Chennai,1727784,892677,No,Low,500000
2993,13,9,7,AgriTech,Chennai,589637,1267330,Yes,High,5000000
2994,3,2,9,EdTech,Delhi,564951,424206,No,Low,500000
2995,6,15,6,EdTech,Delhi,1811324,2213291,Yes,High,5000000
2996,7,1,7,AgriTech,Hyderabad,1866416,2011712,Yes,High,5000000
2997,10,7,5,AI,Bangalore,735918,1887357,Yes,High,5000000
2998,11,6,4,AgriTech,Hyderabad,811710,1992530,Yes,High,5000000
2999,20,0,6,EdTech,Kolkata,1296029,534461,No,Low,500000
3000,16,7,5,HealthTech,Mumbai,408998,1109772,Yes,High,5000000
3001,6,8,10,AI,Mumbai,1984054,99527,No,Low,500000
3002,10,11,10,EdTech,Chennai,1916798,2074660,Yes,High,5000000
3003,3,10,2,AgriTech,Pune,643059,2286056,Yes,High,5000000
3004,3,15,8,E-Commerce,Pune,1492158,2260045,Yes,High,5000000
3005,14,2,8,FinTech,Delhi,1803938,836913,No,Low,500000
3006,13,1,4,CleanTech,Hyderabad,612551,2126852,Yes,High,5000000
3007,11,13,10,AgriTech,Mumbai,1937625,1661886,No,Low,500000
3008,15,14,9,HealthTech,Delhi,905728,955178,Yes,High,5000000
3009,11,2,5,EdTech,Pune,1975086,1542288,No,Low,500000
3010,17,1,8,AgriTech,Chennai,1719544,2483156,Yes,High,5000000
3011,8,8,10,AI,Mumbai,359596,769999,Yes,High,5000000
3012,8,10,7,EdTech,Kolkata,911760,2302921,Yes,High,5000000
3013,16,15,4,AI,Chennai,1771960,1241849,No,Low,500000
3014,7,7,1,EdTech,Kolkata,687512,627354,No,Low,500000
3015,5,13,2,CleanTech,Delhi,628266,797159,Yes,High,5000000
3016,8,7,8,EdTech,Hyderabad,601071,1935345,Yes,High,5000000
3017,20,5,7,E-Commerce,Chennai,275943,1074991,Yes,High,5000000
3018,6,2,10,FinTech,Kolkata,1244602,1641045,Yes,High,5000000
3019,10,12,4,E-Commerce,Chennai,1920224,1629647,No,Low,500000
3020,12,13,10,EdTech,Kolkata,78074,1197023,Yes,High,5000000
3021,19,10,8,AgriTech,Chennai,932131,982407,Yes,High,5000000
3022,13,5,4,EdTech,Pune,1597727,1889749,Yes,High,5000000
3023,16,0,4,E-Commerce,Kolkata,319660,1828753,Yes,High,5000000
3024,14,4,2,FinTech,Kolkata,1742924,1152548,No,Low,500000
3025,4,7,2,HealthTech,Bangalore,137157,1303157,Yes,High,5000000
3026,8,15,10,FinTech,Delhi,1662145,1821035,Yes,High,5000000
3027,4,14,10,E-Commerce,Mumbai,601028,482402,No,Low,500000
3028,19,6,1,E-Commerce,Chennai,1475762,951051,No,Low,500000
3029,20,6,4,EdTech,Mumbai,928972,2311814,Yes,High,5000000
3030,18,1,4,AgriTech,Delhi,1639595,255215,No,Low,500000
3031,6,7,4,HealthTech,Kolkata,917792,2178939,Yes,High,5000000
3032,19,6,10,E-Commerce,Delhi,972355,1681409,Yes,High,5000000
3033,19,0,9,FinTech,Chennai,822017,149429,No,Low,500000
3034,17,11,2,FinTech,Chennai,441687,547312,Yes,High,5000000
3035,18,14,3,E-Commerce,Delhi,1583220,477115,No,Low,500000
3036,13,4,2,FinTech,Delhi,1440420,1665881,Yes,High,5000000
3037,10,6,7,EdTech,Bangalore,888135,1268736,Yes,High,5000000
3038,2,15,4,AI,Pune,202556,1952066,Yes,High,5000000
3039,16,5,9,E-Commerce,Mumbai,793525,1204486,Yes,High,5000000
3040,11,0,9,AgriTech,Pune,1475595,404546,No,Low,500000
3041,18,2,9,E-Commerce,Kolkata,1216020,1798263,Yes,High,5000000
3042,13,6,5,FinTech,Delhi,1529080,1349755,No,Low,500000
3043,20,12,2,EdTech,Hyderabad,670052,2231858,Yes,High,5000000
3044,2,7,2,AI,Bangalore,50131,2299769,Yes,High,5000000
3045,4,7,4,EdTech,Hyderabad,1149902,1947201,Yes,High,5000000
3046,15,7,3,CleanTech,Delhi,1709715,737715,No,Low,500000
3047,8,2,1,EdTech,Kolkata,240598,522366,Yes,High,5000000
3048,16,8,8,HealthTech,Hyderabad,1127234,1557480,Yes,High,5000000
3049,16,3,9,AI,Mumbai,1984149,636680,No,Low,500000
3050,20,11,10,AgriTech,Chennai,862880,1537512,Yes,High,5000000
3051,17,8,6,E-Commerce,Kolkata,1604095,642109,No,Low,500000
3052,5,7,6,EdTech,Bangalore,864782,944912,Yes,High,5000000
3053,16,11,4,CleanTech,Chennai,1689543,1696288,Yes,High,5000000
3054,2,7,6,AgriTech,Chennai,944546,252695,No,Low,500000
3055,15,4,2,CleanTech,Delhi,1902911,269620,No,Low,500000
3056,10,3,7,AgriTech,Kolkata,1455178,384215,No,Low,500000
3057,4,15,10,CleanTech,Delhi,606260,2257324,Yes,High,5000000
3058,19,11,1,AgriTech,Pune,1377482,1601384,Yes,High,5000000
3059,2,0,3,AgriTech,Pune,549721,428243,No,Low,500000
3060,10,4,8,HealthTech,Chennai,570915,1361065,Yes,High,5000000
3061,10,8,1,HealthTech,Chennai,229498,2255864,Yes,High,5000000
3062,13,3,10,AI,Kolkata,1335541,289499,No,Low,500000
3063,10,15,10,CleanTech,Pune,1732114,1295802,No,Low,500000
3064,4,9,10,FinTech,Kolkata,1080066,926490,No,Low,500000
3065,17,2,5,CleanTech,Pune,1179953,708370,No,Low,500000
3066,2,7,6,E-Commerce,Chennai,166567,1291763,Yes,High,5000000
3067,19,3,5,HealthTech,Pune,1134151,538169,No,Low,500000
3068,12,4,4,FinTech,Mumbai,654699,1121041,Yes,High,5000000
3069,16,4,8,E-Commerce,Mumbai,1666777,2390072,Yes,High,5000000
3070,12,10,5,EdTech,Delhi,1121893,1310429,Yes,High,5000000
3071,15,10,7,AI,Chennai,1279281,29585,No,Low,500000
3072,19,4,1,FinTech,Pune,1361395,848125,No,Low,500000
3073,12,9,7,AgriTech,Delhi,1333510,2423276,Yes,High,5000000
3074,3,12,7,FinTech,Bangalore,817622,2178937,Yes,High,5000000
3075,15,15,2,EdTech,Pune,1976034,1969363,No,Low,500000
3076,20,8,9,E-Commerce,Delhi,689837,1656604,Yes,High,5000000
3077,20,3,1,CleanTech,Kolkata,1933094,397778,No,Low,500000
3078,10,14,4,CleanTech,Kolkata,946142,216540,No,Low,500000
3079,10,13,2,FinTech,Bangalore,1686558,142974,No,Low,500000
3080,9,2,3,HealthTech,Bangalore,159082,94350,No,Low,500000
3081,2,11,6,E-Commerce,Mumbai,1950365,1639102,No,Low,500000
3082,16,13,10,AgriTech,Delhi,735091,1704962,Yes,High,5000000
3083,5,3,6,E-Commerce,Mumbai,741008,333542,No,Low,500000
3084,7,1,6,HealthTech,Hyderabad,898216,2443986,Yes,High,5000000
3085,2,13,4,EdTech,Chennai,1701466,1167728,No,Low,500000
3086,13,14,5,AI,Mumbai,419162,1579977,Yes,High,5000000
3087,13,0,1,AI,Hyderabad,1434759,595827,No,Low,500000
3088,13,3,1,FinTech,Hyderabad,1138762,2251331,Yes,High,5000000
3089,19,2,1,AgriTech,Delhi,1793328,256568,No,Low,500000
3090,2,1,10,E-Commerce,Chennai,558127,941161,Yes,High,5000000
3091,10,7,7,EdTech,Bangalore,906703,783547,No,Low,500000
3092,7,8,7,FinTech,Chennai,1953362,771243,No,Low,500000
3093,3,2,2,AI,Hyderabad,129611,2049780,Yes,High,5000000
3094,7,4,4,EdTech,Kolkata,1992333,1575785,No,Low,500000
3095,4,13,2,FinTech,Mumbai,1361698,114904,No,Low,500000
3096,2,9,4,E-Commerce,Kolkata,1179441,1683884,Yes,High,5000000
3097,20,3,3,AgriTech,Hyderabad,1105050,268987,No,Low,500000
3098,15,9,3,AI,Kolkata,248620,1706037,Yes,High,5000000
3099,6,15,10,HealthTech,Hyderabad,1956037,887163,No,Low,500000
3100,14,0,2,FinTech,Hyderabad,487262,1372193,Yes,High,5000000
3101,16,7,6,FinTech,Kolkata,260187,375492,Yes,High,5000000
3102,20,13,4,EdTech,Pune,848243,177076,No,Low,500000
3103,12,3,10,E-Commerce,Mumbai,439365,1666316,Yes,High,5000000
3104,4,8,8,HealthTech,Hyderabad,1336808,2113160,Yes,High,5000000
3105,20,0,4,AgriTech,Pune,581099,1811910,Yes,High,5000000
3106,10,10,4,AI,Kolkata,1892479,732770,No,Low,500000
3107,11,4,1,EdTech,Kolkata,1620706,337032,No,Low,500000
3108,3,15,1,AgriTech,Pune,1225291,850332,No,Low,500000
3109,18,9,10,HealthTech,Hyderabad,822397,297092,No,Low,500000
3110,15,13,9,E-Commerce,Mumbai,926743,1237000,Yes,High,5000000
3111,2,9,2,E-Commerce,Chennai,1096527,918668,No,Low,500000
3112,5,1,6,AI,Hyderabad,1582378,2166274,Yes,High,5000000
3113,6,10,1,EdTech,Delhi,1646000,2364394,Yes,High,5000000
3114,12,8,6,HealthTech,Mumbai,360273,1318960,Yes,High,5000000
3115,17,12,6,HealthTech,Pune,1679782,2270711,Yes,High,5000000
3116,20,1,2,FinTech,Delhi,1442623,1204934,No,Low,500000
3117,6,3,9,E-Commerce,Chennai,787797,1136772,Yes,High,5000000
3118,2,6,7,CleanTech,Chennai,319090,200995,No,Low,500000
3119,10,11,8,E-Commerce,Kolkata,1258601,2393251,Yes,High,5000000
3120,15,10,5,AgriTech,Hyderabad,1285115,872058,No,Low,500000
3121,14,0,6,FinTech,Kolkata,58064,205812,Yes,High,5000000
3122,20,3,5,EdTech,Kolkata,733740,1043283,Yes,High,5000000
3123,6,14,9,CleanTech,Pune,365033,588017,Yes,High,5000000
3124,16,13,4,AI,Delhi,704894,1126605,Yes,High,5000000
3125,20,2,5,AI,Mumbai,1420487,1558179,Yes,High,5000000
3126,18,6,1,EdTech,Mumbai,1269486,963501,No,Low,500000
3127,20,8,2,AI,Kolkata,1602031,1095062,No,Low,500000
3128,19,10,1,AI,Pune,337679,2121910,Yes,High,5000000
3129,2,7,9,AI,Delhi,1371699,830104,No,Low,500000
3130,6,13,3,AI,Mumbai,483683,1055884,Yes,High,5000000
3131,2,4,2,AgriTech,Delhi,1133204,100295,No,Low,500000
3132,7,1,10,AI,Bangalore,98389,1930710,Yes,High,5000000
3133,20,6,2,EdTech,Kolkata,578174,83556,No,Low,500000
3134,10,6,4,EdTech,Chennai,1297759,2203001,Yes,High,5000000
3135,16,3,3,HealthTech,Delhi,102341,360155,Yes,High,5000000
3136,5,10,3,FinTech,Delhi,390272,549287,Yes,High,5000000
3137,7,1,1,AgriTech,Hyderabad,887717,593494,No,Low,500000
3138,8,6,4,FinTech,Hyderabad,1028666,1349811,Yes,High,5000000
3139,13,5,10,AgriTech,Delhi,971097,901010,No,Low,500000
3140,16,4,9,E-Commerce,Delhi,1162705,1921389,Yes,High,5000000
3141,19,8,1,AI,Bangalore,1411397,979054,No,Low,500000
3142,19,6,6,EdTech,Hyderabad,1626006,995897,No,Low,500000
3143,3,1,4,E-Commerce,Mumbai,465594,816672,Yes,High,5000000
3144,20,4,5,AgriTech,Bangalore,98289,1314230,Yes,High,5000000
3145,20,9,8,HealthTech,Kolkata,1023922,2398821,Yes,High,5000000
3146,15,14,2,AgriTech,Mumbai,740732,370328,No,Low,500000
3147,15,3,10,HealthTech,Chennai,1541189,193401,No,Low,500000
3148,5,9,7,AgriTech,Chennai,1271749,1081760,No,Low,500000
3149,17,3,4,AI,Pune,1731959,1857276,Yes,High,5000000
3150,12,6,9,EdTech,Pune,1919283,1364428,No,Low,500000
3151,12,3,9,E-Commerce,Pune,1402829,1493191,Yes,High,5000000
3152,5,10,3,AI,Kolkata,961861,2187046,Yes,High,5000000
3153,8,12,1,AI,Delhi,1068215,1809684,Yes,High,5000000
3154,10,6,2,AgriTech,Pune,1717685,177724,No,Low,500000
3155,17,10,1,AI,Pune,863853,205564,No,Low,500000
3156,11,14,4,CleanTech,Hyderabad,1024048,2371238,Yes,High,5000000
3157,4,1,8,HealthTech,Kolkata,1798664,229343,No,Low,500000
3158,13,6,5,CleanTech,Hyderabad,732327,109491,No,Low,500000
3159,16,5,8,EdTech,Kolkata,566081,2443807,Yes,High,5000000
3160,3,11,4,EdTech,Chennai,1580987,304520,No,Low,500000
3161,15,14,6,HealthTech,Bangalore,654850,1360387,Yes,High,5000000
3162,6,12,6,CleanTech,Kolkata,1575274,1110817,No,Low,500000
3163,4,6,4,E-Commerce,Pune,54770,356162,Yes,High,5000000
3164,8,15,9,HealthTech,Chennai,359506,1485597,Yes,High,5000000
3165,12,4,2,HealthTech,Delhi,1858477,1798178,No,Low,500000
3166,4,4,9,HealthTech,Bangalore,1332197,1515993,Yes,High,5000000
3167,3,13,9,CleanTech,Delhi,1766462,2093054,Yes,High,5000000
3168,18,4,7,HealthTech,Delhi,1324841,1593452,Yes,High,5000000
3169,9,7,7,EdTech,Mumbai,1415428,704089,No,Low,500000
3170,8,10,9,EdTech,Hyderabad,1260693,2277239,Yes,High,5000000
3171,7,8,9,E-Commerce,Bangalore,217890,1247488,Yes,High,5000000
3172,9,12,2,E-Commerce,Hyderabad,508420,1072321,Yes,High,5000000
3173,12,11,4,AgriTech,Mumbai,1943890,2350020,Yes,High,5000000
3174,8,10,2,E-Commerce,Mumbai,331599,282195,No,Low,500000
3175,11,3,4,EdTech,Delhi,1027433,2373819,Yes,High,5000000
3176,6,1,5,CleanTech,Kolkata,897184,1653632,Yes,High,5000000
3177,15,3,8,E-Commerce,Chennai,990058,571681,No,Low,500000
3178,5,10,3,AgriTech,Kolkata,324454,1157794,Yes,High,5000000
3179,17,9,1,EdTech,Pune,1200419,1031766,No,Low,500000
3180,3,1,5,AI,Hyderabad,1061451,2081658,Yes,High,5000000
3181,8,7,5,EdTech,Mumbai,566799,912874,Yes,High,5000000
3182,19,6,8,AgriTech,Hyderabad,1203611,734339,No,Low,500000
3183,18,1,7,CleanTech,Pune,1447698,364268,No,Low,500000
3184,13,11,10,E-Commerce,Delhi,1099537,1154341,Yes,High,5000000
3185,5,10,7,EdTech,Chennai,65498,1599748,Yes,High,5000000
3186,13,8,3,CleanTech,Kolkata,549755,1229192,Yes,High,5000000
3187,7,0,8,FinTech,Pune,378549,1172764,Yes,High,5000000
3188,18,13,7,AI,Hyderabad,1996560,2236179,Yes,High,5000000
3189,12,12,1,CleanTech,Bangalore,1918874,1032342,No,Low,500000
3190,19,6,1,AgriTech,Kolkata,1046605,2007167,Yes,High,5000000
3191,10,3,6,FinTech,Pune,756524,183759,No,Low,500000
3192,14,6,6,E-Commerce,Hyderabad,423649,1428959,Yes,High,5000000
3193,2,15,1,HealthTech,Delhi,443797,433748,No,Low,500000
3194,20,3,9,EdTech,Kolkata,437472,1556876,Yes,High,5000000
3195,7,2,10,HealthTech,Chennai,765492,1249610,Yes,High,5000000
3196,16,6,9,AgriTech,Pune,911262,1004187,Yes,High,5000000
3197,10,14,4,E-Commerce,Chennai,593463,204505,No,Low,500000
3198,5,11,9,AgriTech,Pune,1530691,337284,No,Low,500000
3199,17,14,9,AgriTech,Hyderabad,1082828,2213712,Yes,High,5000000
3200,15,4,3,CleanTech,Mumbai,388669,1043993,Yes,High,5000000
3201,10,2,10,HealthTech,Delhi,237938,456012,Yes,High,5000000
3202,16,5,7,EdTech,Bangalore,196236,853556,Yes,High,5000000
3203,16,1,1,FinTech,Kolkata,932102,1299572,Yes,High,5000000
3204,2,7,2,E-Commerce,Delhi,728563,2083218,Yes,High,5000000
3205,13,8,2,FinTech,Hyderabad,270131,388945,Yes,High,5000000
3206,9,15,4,HealthTech,Chennai,764599,2316049,Yes,High,5000000
3207,7,10,2,FinTech,Bangalore,685792,652556,No,Low,500000
3208,9,14,5,AI,Delhi,290421,1871487,Yes,High,5000000
3209,15,15,10,EdTech,Delhi,1283594,1871101,Yes,High,5000000
3210,5,3,7,HealthTech,Bangalore,197210,266625,Yes,High,5000000
3211,17,5,10,HealthTech,Delhi,1434697,2231499,Yes,High,5000000
3212,5,3,9,HealthTech,Chennai,1357561,357138,No,Low,500000
3213,14,15,8,HealthTech,Hyderabad,625590,375309,No,Low,500000
3214,12,3,8,E-Commerce,Hyderabad,1933275,2169219,Yes,High,5000000
3215,3,11,10,FinTech,Hyderabad,700445,605575,No,Low,500000
3216,20,15,9,E-Commerce,Kolkata,318424,1755443,Yes,High,5000000
3217,18,4,5,FinTech,Mumbai,470187,1569606,Yes,High,5000000
3218,16,5,1,AgriTech,Pune,70940,867566,Yes,High,5000000
3219,15,5,1,AI,Chennai,1262350,1996652,Yes,High,5000000
3220,20,15,3,EdTech,Pune,1077674,586563,No,Low,500000
3221,7,15,7,FinTech,Bangalore,638413,1853998,Yes,High,5000000
3222,4,11,10,AI,Mumbai,1153434,683111,No,Low,500000
3223,14,8,1,AgriTech,Chennai,1728593,935044,No,Low,500000
3224,7,9,6,CleanTech,Delhi,1411566,645040,No,Low,500000
3225,4,6,5,AI,Bangalore,979745,760631,No,Low,500000
3226,18,5,6,FinTech,Mumbai,68363,599088,Yes,High,5000000
3227,16,15,9,AgriTech,Delhi,1443740,2038574,Yes,High,5000000
3228,16,14,2,E-Commerce,Bangalore,1219102,1914611,Yes,High,5000000
3229,13,0,7,AgriTech,Bangalore,1773191,32329,No,Low,500000
3230,6,2,2,HealthTech,Pune,622621,2476916,Yes,High,5000000
3231,12,7,1,EdTech,Bangalore,1085962,1512597,Yes,High,5000000
3232,20,11,1,E-Commerce,Chennai,714018,2240900,Yes,High,5000000
3233,8,3,8,HealthTech,Pune,1799528,509994,No,Low,500000
3234,15,8,1,AI,Pune,1965433,1856362,No,Low,500000
3235,17,3,10,AI,Delhi,1888449,2006821,Yes,High,5000000
3236,10,2,2,FinTech,Pune,1242373,2322663,Yes,High,5000000
3237,14,7,2,E-Commerce,Hyderabad,106671,962049,Yes,High,5000000
3238,13,1,9,AgriTech,Hyderabad,324936,937264,Yes,High,5000000
3239,16,11,9,EdTech,Hyderabad,1444720,2088222,Yes,High,5000000
3240,18,12,8,FinTech,Delhi,1396055,45003,No,Low,500000
3241,19,15,3,AgriTech,Delhi,1561601,1616568,Yes,High,5000000
3242,4,0,6,AgriTech,Pune,279966,1181334,Yes,High,5000000
3243,3,11,4,EdTech,Delhi,1057221,141193,No,Low,500000
3244,20,1,5,AI,Bangalore,1851589,2073946,Yes,High,5000000
3245,2,14,4,HealthTech,Mumbai,871895,2228430,Yes,High,5000000
3246,16,8,9,E-Commerce,Mumbai,1226321,783840,No,Low,500000
3247,19,4,2,FinTech,Pune,1998887,2074286,Yes,High,5000000
3248,11,15,3,FinTech,Pune,1675105,704069,No,Low,500000
3249,18,3,4,HealthTech,Hyderabad,1477349,594034,No,Low,500000
3250,9,5,7,EdTech,Delhi,963820,1862208,Yes,High,5000000
3251,9,9,6,E-Commerce,Delhi,882430,865428,No,Low,500000
3252,13,14,6,EdTech,Chennai,1325394,2282983,Yes,High,5000000
3253,9,15,10,FinTech,Chennai,1384550,2441595,Yes,High,5000000
3254,4,11,8,AgriTech,Hyderabad,1968479,1064296,No,Low,500000
3255,14,15,7,EdTech,Kolkata,917461,1583953,Yes,High,5000000
3256,9,7,5,EdTech,Mumbai,663763,804565,Yes,High,5000000
3257,2,7,3,HealthTech,Pune,939074,2115181,Yes,High,5000000
3258,15,4,9,HealthTech,Kolkata,775424,242850,No,Low,500000
3259,9,9,3,HealthTech,Delhi,1436592,1842404,Yes,High,5000000
3260,10,14,8,FinTech,Chennai,301912,609107,Yes,High,5000000
3261,4,8,8,AgriTech,Delhi,1434202,1981722,Yes,High,5000000
3262,9,14,8,FinTech,Delhi,1919362,1322460,No,Low,500000
3263,18,15,5,E-Commerce,Bangalore,1325961,2135614,Yes,High,5000000
3264,2,0,9,AI,Mumbai,51189,478244,Yes,High,5000000
3265,15,2,3,E-Commerce,Chennai,573157,1290223,Yes,High,5000000
3266,15,9,9,AI,Chennai,1572819,1972028,Yes,High,5000000
3267,8,9,10,AI,Mumbai,1315165,2286459,Yes,High,5000000
3268,3,15,10,HealthTech,Chennai,1514724,1919859,Yes,High,5000000
3269,5,5,2,HealthTech,Pune,794135,88692,No,Low,500000
3270,20,8,1,EdTech,Chennai,413606,1900839,Yes,High,5000000
3271,14,15,4,E-Commerce,Bangalore,833027,1564213,Yes,High,5000000
3272,8,4,5,AgriTech,Mumbai,1790617,1609861,No,Low,500000
3273,3,15,1,HealthTech,Pune,1392550,127742,No,Low,500000
3274,18,6,7,FinTech,Mumbai,1873863,405236,No,Low,500000
3275,11,0,2,E-Commerce,Kolkata,1651223,2158909,Yes,High,5000000
3276,20,4,7,CleanTech,Hyderabad,1170939,2001684,Yes,High,5000000
3277,3,7,6,AgriTech,Pune,1847216,523502,No,Low,500000
3278,4,5,1,E-Commerce,Kolkata,1363965,2001529,Yes,High,5000000
3279,19,4,1,AI,Hyderabad,909466,591764,No,Low,500000
3280,8,15,10,FinTech,Chennai,1331297,1990465,Yes,High,5000000
3281,16,12,5,EdTech,Chennai,537525,1202831,Yes,High,5000000
3282,2,14,10,AI,Chennai,1341792,44629,No,Low,500000
3283,9,4,3,EdTech,Kolkata,1680275,1495249,No,Low,500000
3284,3,14,9,EdTech,Mumbai,1956060,473782,No,Low,500000
3285,20,13,2,EdTech,Pune,772937,138076,No,Low,500000
3286,13,13,2,EdTech,Pune,496001,1751068,Yes,High,5000000
3287,3,7,6,FinTech,Mumbai,1607120,1243354,No,Low,500000
3288,13,12,6,EdTech,Pune,440835,522641,Yes,High,5000000
3289,13,14,8,CleanTech,Pune,1570714,2100746,Yes,High,5000000
3290,17,6,4,E-Commerce,Mumbai,1227550,171250,No,Low,500000
3291,9,11,5,FinTech,Bangalore,595042,496734,No,Low,500000
3292,9,7,7,AI,Mumbai,289671,2384227,Yes,High,5000000
3293,14,5,2,FinTech,Mumbai,621287,1899715,Yes,High,5000000
3294,3,9,8,AgriTech,Delhi,1779064,43450,No,Low,500000
3295,8,14,10,EdTech,Hyderabad,298234,2288259,Yes,High,5000000
3296,12,12,7,HealthTech,Chennai,1646872,2218875,Yes,High,5000000
3297,5,5,7,HealthTech,Kolkata,1333030,906572,No,Low,500000
3298,17,2,4,AI,Hyderabad,895937,1510161,Yes,High,5000000
3299,8,10,2,FinTech,Kolkata,1997923,959898,No,Low,500000
3300,15,14,10,HealthTech,Mumbai,1216363,1609416,Yes,High,5000000
3301,14,7,6,AI,Kolkata,228823,1823243,Yes,High,5000000
3302,3,12,8,AgriTech,Mumbai,1902793,1868131,No,Low,500000
3303,3,12,6,AI,Pune,460049,735281,Yes,High,5000000
3304,13,14,7,EdTech,Chennai,1374986,676612,No,Low,500000
3305,15,7,6,E-Commerce,Hyderabad,628733,878888,Yes,High,5000000
3306,15,10,5,EdTech,Kolkata,672938,377394,No,Low,500000
3307,19,3,5,E-Commerce,Bangalore,1234352,1266514,Yes,High,5000000
3308,5,11,10,AI,Chennai,125014,289336,Yes,High,5000000
3309,15,10,1,AI,Mumbai,1916325,379778,No,Low,500000
3310,7,1,1,E-Commerce,Kolkata,1537593,346986,No,Low,500000
3311,16,2,4,AI,Delhi,610384,376619,No,Low,500000
3312,13,4,1,HealthTech,Mumbai,572639,1617464,Yes,High,5000000
3313,14,9,7,AI,Pune,86859,302527,Yes,High,5000000
3314,20,9,5,AI,Bangalore,1425656,1096216,No,Low,500000
3315,16,10,4,E-Commerce,Mumbai,1879393,1103840,No,Low,500000
3316,12,3,7,FinTech,Hyderabad,967505,21084,No,Low,500000
3317,9,5,4,E-Commerce,Hyderabad,61108,153311,Yes,High,5000000
3318,12,3,6,AgriTech,Delhi,1249833,1731433,Yes,High,5000000
3319,20,0,3,HealthTech,Hyderabad,873907,632318,No,Low,500000
3320,9,8,3,AI,Delhi,519026,2170903,Yes,High,5000000
3321,10,1,2,AI,Chennai,1793855,552839,No,Low,500000
3322,13,10,1,AI,Bangalore,255633,995171,Yes,High,5000000
3323,20,7,6,HealthTech,Kolkata,1810909,2171403,Yes,High,5000000
3324,11,5,6,EdTech,Bangalore,1239882,561063,No,Low,500000
3325,9,14,7,HealthTech,Bangalore,971039,950230,No,Low,500000
3326,3,5,8,CleanTech,Bangalore,1398353,141352,No,Low,500000
3327,12,1,1,AgriTech,Bangalore,329546,1572903,Yes,High,5000000
3328,7,15,10,AgriTech,Chennai,1346073,726327,No,Low,500000
3329,5,14,9,CleanTech,Hyderabad,653268,2472029,Yes,High,5000000
3330,17,1,4,AgriTech,Pune,320829,306412,No,Low,500000
3331,16,3,3,AI,Delhi,1411109,2216276,Yes,High,5000000
3332,5,9,6,AI,Bangalore,1773702,1453319,No,Low,500000
3333,9,7,2,CleanTech,Kolkata,1969485,860932,No,Low,500000
3334,14,2,8,AI,Hyderabad,258633,2392875,Yes,High,5000000
3335,14,15,9,AgriTech,Kolkata,1049112,261708,No,Low,500000
3336,17,5,8,CleanTech,Hyderabad,1344202,29721,No,Low,500000
3337,12,3,7,EdTech,Pune,453949,1028487,Yes,High,5000000
3338,17,14,4,HealthTech,Kolkata,1903684,2337183,Yes,High,5000000
3339,14,7,6,AI,Bangalore,249393,161590,No,Low,500000
3340,11,11,6,AgriTech,Mumbai,656492,1750152,Yes,High,5000000
3341,5,9,9,AI,Chennai,886293,1633055,Yes,High,5000000
3342,20,5,9,CleanTech,Kolkata,1160614,217944,No,Low,500000
3343,13,13,8,AgriTech,Hyderabad,54152,2425231,Yes,High,5000000
3344,17,8,7,AI,Pune,1815585,2361185,Yes,High,5000000
3345,20,2,3,FinTech,Pune,1709484,1628143,No,Low,500000
3346,2,9,7,AI,Kolkata,1176993,1917669,Yes,High,5000000
3347,5,5,1,CleanTech,Kolkata,1160769,1057545,No,Low,500000
3348,9,12,9,AI,Hyderabad,102774,1071925,Yes,High,5000000
3349,8,12,10,E-Commerce,Pune,1891024,1215440,No,Low,500000
3350,19,6,7,AI,Bangalore,1551325,487544,No,Low,500000
3351,14,8,8,AgriTech,Hyderabad,256136,506864,Yes,High,5000000
3352,19,7,2,AI,Pune,1760961,1388101,No,Low,500000
3353,8,5,1,AI,Chennai,691736,418271,No,Low,500000
3354,15,13,7,E-Commerce,Pune,1934853,1928359,No,Low,500000
3355,3,15,6,FinTech,Mumbai,639210,1478938,Yes,High,5000000
3356,6,12,9,HealthTech,Delhi,93817,332927,Yes,High,5000000
3357,19,12,3,AgriTech,Kolkata,1795028,984415,No,Low,500000
3358,20,10,1,AI,Mumbai,827214,1205073,Yes,High,5000000
3359,9,11,8,CleanTech,Mumbai,759278,1947039,Yes,High,5000000
3360,19,7,6,AI,Hyderabad,424837,2125587,Yes,High,5000000
3361,11,13,8,CleanTech,Hyderabad,699866,977909,Yes,High,5000000
3362,6,14,7,E-Commerce,Pune,1727096,921556,No,Low,500000
3363,5,9,5,AI,Mumbai,334058,1569311,Yes,High,5000000
3364,16,7,5,FinTech,Bangalore,1649508,364245,No,Low,500000
3365,5,15,6,AgriTech,Chennai,54762,1967625,Yes,High,5000000
3366,8,5,2,AI,Chennai,1714992,2134426,Yes,High,5000000
3367,11,11,1,FinTech,Bangalore,1810113,1654623,No,Low,500000
3368,14,15,5,FinTech,Bangalore,162490,2218519,Yes,High,5000000
3369,9,10,2,CleanTech,Chennai,665540,497654,No,Low,500000
3370,8,11,7,AI,Delhi,1429974,1645893,Yes,High,5000000
3371,17,11,4,E-Commerce,Mumbai,1193795,2206729,Yes,High,5000000
3372,3,0,4,AgriTech,Mumbai,1931451,831806,No,Low,500000
3373,12,8,7,FinTech,Chennai,675128,1942340,Yes,High,5000000
3374,18,15,1,CleanTech,Mumbai,551678,2294028,Yes,High,5000000
3375,4,0,7,AI,Kolkata,1968187,1105626,No,Low,500000
3376,2,4,8,HealthTech,Kolkata,987363,2257237,Yes,High,5000000
3377,13,9,3,EdTech,Mumbai,1308105,1505355,Yes,High,5000000
3378,7,14,4,AgriTech,Chennai,798675,2239150,Yes,High,5000000
3379,13,8,1,FinTech,Delhi,108866,2170426,Yes,High,5000000
3380,13,5,5,HealthTech,Mumbai,1207155,956515,No,Low,500000
3381,18,10,9,HealthTech,Mumbai,482104,1816392,Yes,High,5000000
3382,9,6,5,EdTech,Mumbai,1451408,192468,No,Low,500000
3383,19,8,8,E-Commerce,Bangalore,204809,1272495,Yes,High,5000000
3384,11,11,9,AI,Bangalore,1576710,1412205,No,Low,500000
3385,12,13,6,EdTech,Mumbai,818052,2405977,Yes,High,5000000
3386,12,10,7,FinTech,Bangalore,1429528,1208364,No,Low,500000
3387,12,11,3,CleanTech,Hyderabad,292760,285563,No,Low,500000
3388,16,2,10,E-Commerce,Hyderabad,338577,374931,Yes,High,5000000
3389,20,10,2,AgriTech,Kolkata,1763186,1465499,No,Low,500000
3390,17,1,9,FinTech,Bangalore,90688,813502,Yes,High,5000000
3391,20,9,3,CleanTech,Bangalore,1685022,895966,No,Low,500000
3392,13,15,10,AgriTech,Bangalore,416063,1645100,Yes,High,5000000
3393,17,2,4,AgriTech,Hyderabad,897266,2209866,Yes,High,5000000
3394,17,7,4,AgriTech,Delhi,99343,1725873,Yes,High,5000000
3395,18,7,7,CleanTech,Mumbai,117274,1985984,Yes,High,5000000
3396,12,6,8,HealthTech,Pune,329494,2216202,Yes,High,5000000
3397,4,11,8,EdTech,Delhi,184590,2310274,Yes,High,5000000
3398,7,8,1,EdTech,Hyderabad,143907,724984,Yes,High,5000000
3399,16,0,6,HealthTech,Mumbai,60369,978107,Yes,High,5000000
3400,4,1,9,AI,Kolkata,62611,381108,Yes,High,5000000
3401,9,2,10,FinTech,Mumbai,1926462,609557,No,Low,500000
3402,17,14,9,EdTech,Hyderabad,1945861,1862846,No,Low,500000
3403,13,4,1,E-Commerce,Hyderabad,659269,1273093,Yes,High,5000000
3404,13,3,5,CleanTech,Bangalore,1288236,936571,No,Low,500000
3405,19,12,5,CleanTech,Bangalore,1223857,958959,No,Low,500000
3406,7,11,3,E-Commerce,Mumbai,1754326,534653,No,Low,500000
3407,3,12,4,CleanTech,Chennai,254263,2362375,Yes,High,5000000
3408,11,5,3,HealthTech,Bangalore,452760,1741770,Yes,High,5000000
3409,18,11,2,HealthTech,Bangalore,575669,497983,No,Low,500000
3410,13,13,9,E-Commerce,Chennai,1702581,1027071,No,Low,500000
3411,5,15,3,EdTech,Bangalore,364952,2440263,Yes,High,5000000
3412,17,12,2,AI,Delhi,77080,689469,Yes,High,5000000
3413,13,12,10,E-Commerce,Chennai,866735,805407,No,Low,500000
3414,10,1,1,AgriTech,Chennai,1983672,1192296,No,Low,500000
3415,6,3,4,FinTech,Mumbai,1238782,1888016,Yes,High,5000000
3416,10,1,4,E-Commerce,Delhi,1859549,2285693,Yes,High,5000000
3417,7,3,8,FinTech,Bangalore,1449074,2318752,Yes,High,5000000
3418,18,4,2,E-Commerce,Pune,1491773,2284749,Yes,High,5000000
3419,3,0,9,EdTech,Hyderabad,998499,2063665,Yes,High,5000000
3420,15,1,10,FinTech,Bangalore,1816507,706025,No,Low,500000
3421,6,12,1,FinTech,Mumbai,825162,843988,Yes,High,5000000
3422,11,12,4,E-Commerce,Chennai,428931,275107,No,Low,500000
3423,10,4,4,HealthTech,Mumbai,588121,2159579,Yes,High,5000000
3424,13,5,7,EdTech,Bangalore,1140583,1084792,No,Low,500000
3425,18,8,3,E-Commerce,Chennai,1819900,1615079,No,Low,500000
3426,17,9,7,E-Commerce,Mumbai,541967,1694870,Yes,High,5000000
3427,15,7,2,CleanTech,Mumbai,712797,1364471,Yes,High,5000000
3428,20,7,10,E-Commerce,Mumbai,344184,1423382,Yes,High,5000000
3429,20,14,9,HealthTech,Pune,648427,1875764,Yes,High,5000000
3430,5,6,3,AgriTech,Chennai,1217664,31739,No,Low,500000
3431,4,5,5,FinTech,Mumbai,821418,890647,Yes,High,5000000
3432,12,8,1,EdTech,Chennai,1597978,194518,No,Low,500000
3433,11,10,3,FinTech,Kolkata,1693222,294460,No,Low,500000
3434,16,14,2,E-Commerce,Hyderabad,345128,2117803,Yes,High,5000000
3435,19,6,3,AI,Mumbai,927149,45161,No,Low,500000
3436,19,8,3,EdTech,Pune,1046083,1280235,Yes,High,5000000
3437,3,15,2,E-Commerce,Chennai,1567751,123591,No,Low,500000
3438,7,12,2,E-Commerce,Kolkata,232608,354044,Yes,High,5000000
3439,16,15,1,HealthTech,Chennai,392400,430243,Yes,High,5000000
3440,7,13,8,CleanTech,Bangalore,1962480,2471821,Yes,High,5000000
3441,9,3,8,CleanTech,Bangalore,1748488,861199,No,Low,500000
3442,5,11,5,CleanTech,Bangalore,161318,342835,Yes,High,5000000
3443,20,9,4,E-Commerce,Delhi,397885,2147258,Yes,High,5000000
3444,2,10,3,CleanTech,Bangalore,129710,2385374,Yes,High,5000000
3445,7,5,10,AI,Pune,181825,1031663,Yes,High,5000000
3446,19,15,1,EdTech,Kolkata,707132,1965394,Yes,High,5000000
3447,10,4,3,E-Commerce,Chennai,1481584,1454175,No,Low,500000
3448,11,5,7,E-Commerce,Pune,620312,634232,Yes,High,5000000
3449,15,6,9,EdTech,Hyderabad,863205,1750412,Yes,High,5000000
3450,8,14,3,CleanTech,Pune,214901,955906,Yes,High,5000000
3451,9,15,8,AgriTech,Bangalore,1643538,1647304,Yes,High,5000000
3452,9,12,1,E-Commerce,Bangalore,1573425,75772,No,Low,500000
3453,4,12,9,E-Commerce,Hyderabad,1204246,404894,No,Low,500000
3454,3,2,8,E-Commerce,Delhi,1470604,313396,No,Low,500000
3455,9,5,6,AI,Pune,1281621,2414411,Yes,High,5000000
3456,12,15,9,HealthTech,Chennai,351376,1210238,Yes,High,5000000
3457,13,7,7,E-Commerce,Kolkata,1273540,569898,No,Low,500000
3458,8,2,7,E-Commerce,Pune,1602845,2297718,Yes,High,5000000
3459,16,10,2,AgriTech,Bangalore,1307747,741923,No,Low,500000
3460,19,0,3,FinTech,Hyderabad,739748,837799,Yes,High,5000000
3461,16,6,1,E-Commerce,Chennai,1154181,284223,No,Low,500000
3462,15,4,9,FinTech,Chennai,1855109,1992530,Yes,High,5000000
3463,14,10,4,FinTech,Chennai,662903,2237018,Yes,High,5000000
3464,15,5,7,E-Commerce,Bangalore,1920197,2213168,Yes,High,5000000
3465,14,15,4,FinTech,Delhi,400257,94325,No,Low,500000
3466,2,8,3,CleanTech,Kolkata,1955749,2037155,Yes,High,5000000
3467,8,8,4,E-Commerce,Chennai,1965604,2485451,Yes,High,5000000
3468,7,12,3,HealthTech,Delhi,883157,1282364,Yes,High,5000000
3469,2,6,6,HealthTech,Chennai,1326007,2355573,Yes,High,5000000
3470,8,13,7,E-Commerce,Mumbai,1162105,189784,No,Low,500000
3471,9,11,6,AI,Kolkata,289203,596308,Yes,High,5000000
3472,18,8,1,HealthTech,Hyderabad,149002,66104,No,Low,500000
3473,11,11,3,FinTech,Delhi,560740,227182,No,Low,500000
3474,14,10,5,E-Commerce,Kolkata,690110,1454863,Yes,High,5000000
3475,19,4,10,HealthTech,Delhi,362311,1506236,Yes,High,5000000
3476,15,4,8,E-Commerce,Bangalore,340392,1299415,Yes,High,5000000
3477,7,6,7,AI,Pune,439969,1308410,Yes,High,5000000
3478,11,6,8,AI,Hyderabad,305342,1117824,Yes,High,5000000
3479,20,5,3,FinTech,Hyderabad,1593036,305375,No,Low,500000
3480,2,3,5,EdTech,Hyderabad,1608939,1774193,Yes,High,5000000
3481,4,15,10,AgriTech,Mumbai,220125,1365768,Yes,High,5000000
3482,14,6,4,EdTech,Delhi,1715010,826626,No,Low,500000
3483,11,12,2,E-Commerce,Chennai,1558912,1666289,Yes,High,5000000
3484,20,9,8,CleanTech,Mumbai,1362001,1444770,Yes,High,5000000
3485,11,14,8,AI,Mumbai,924937,1487570,Yes,High,5000000
3486,4,8,8,AI,Mumbai,1958614,1533413,No,Low,500000
3487,17,14,5,EdTech,Bangalore,163330,1925361,Yes,High,5000000
3488,14,4,5,HealthTech,Delhi,1826567,1337394,No,Low,500000
3489,18,10,4,HealthTech,Kolkata,1868544,2212197,Yes,High,5000000
3490,12,10,5,AI,Chennai,1667096,124221,No,Low,500000
3491,19,6,3,CleanTech,Delhi,1297727,1094016,No,Low,500000
3492,11,9,9,EdTech,Delhi,641788,486786,No,Low,500000
3493,12,11,1,CleanTech,Pune,1994515,1358666,No,Low,500000
3494,7,0,5,E-Commerce,Mumbai,396239,1105031,Yes,High,5000000
3495,6,8,3,FinTech,Kolkata,1371095,2233562,Yes,High,5000000
3496,17,4,10,AgriTech,Pune,1468047,2400698,Yes,High,5000000
3497,9,2,8,E-Commerce,Chennai,801207,975665,Yes,High,5000000
3498,12,15,10,AgriTech,Mumbai,1098421,1299886,Yes,High,5000000
3499,9,3,7,AI,Pune,240320,1967000,Yes,High,5000000
3500,2,7,7,FinTech,Chennai,1902271,775802,No,Low,500000
3501,7,1,9,HealthTech,Chennai,1165807,1094287,No,Low,500000
3502,7,9,10,EdTech,Kolkata,1056197,252673,No,Low,500000
3503,6,1,6,AI,Chennai,275909,1581046,Yes,High,5000000
3504,5,15,4,HealthTech,Pune,1693523,257360,No,Low,500000
3505,20,3,4,FinTech,Bangalore,244563,2453696,Yes,High,5000000
3506,17,7,10,HealthTech,Mumbai,1269888,1668107,Yes,High,5000000
3507,17,1,5,CleanTech,Pune,938627,474714,No,Low,500000
3508,11,12,8,AgriTech,Chennai,1128136,2219639,Yes,High,5000000
3509,6,15,1,AI,Hyderabad,418698,253438,No,Low,500000
3510,8,1,6,CleanTech,Bangalore,94318,2169428,Yes,High,5000000
3511,11,11,8,AI,Kolkata,1240342,506679,No,Low,500000
3512,3,15,3,HealthTech,Pune,1510263,2013502,Yes,High,5000000
3513,9,2,7,CleanTech,Kolkata,262181,482512,Yes,High,5000000
3514,19,6,7,AI,Hyderabad,1623691,2197337,Yes,High,5000000
3515,5,9,6,CleanTech,Hyderabad,142592,861804,Yes,High,5000000
3516,17,1,2,CleanTech,Hyderabad,1804382,897502,No,Low,500000
3517,3,8,2,FinTech,Pune,1976978,707817,No,Low,500000
3518,6,1,1,HealthTech,Delhi,1975559,1532841,No,Low,500000
3519,11,11,4,CleanTech,Kolkata,899806,1982911,Yes,High,5000000
3520,5,2,1,CleanTech,Chennai,1631634,1106183,No,Low,500000
3521,19,3,4,CleanTech,Delhi,172862,883745,Yes,High,5000000
3522,13,13,10,E-Commerce,Pune,189101,1397477,Yes,High,5000000
3523,3,7,2,E-Commerce,Chennai,1474893,966513,No,Low,500000
3524,10,6,6,EdTech,Hyderabad,721949,1289864,Yes,High,5000000
3525,17,6,7,FinTech,Delhi,103052,2150541,Yes,High,5000000
3526,6,0,4,E-Commerce,Mumbai,263971,946285,Yes,High,5000000
3527,5,7,7,E-Commerce,Mumbai,741935,2222091,Yes,High,5000000
3528,3,6,9,EdTech,Bangalore,1616109,314876,No,Low,500000
3529,15,6,2,FinTech,Kolkata,845611,2058540,Yes,High,5000000
3530,10,11,1,FinTech,Bangalore,1001122,1990719,Yes,High,5000000
3531,7,2,2,HealthTech,Pune,1583824,2182739,Yes,High,5000000
3532,17,13,6,FinTech,Bangalore,113380,126143,Yes,High,5000000
3533,14,11,2,E-Commerce,Pune,689575,418064,No,Low,500000
3534,5,0,10,EdTech,Chennai,239824,193151,No,Low,500000
3535,11,8,2,EdTech,Pune,121525,1672973,Yes,High,5000000
3536,14,8,8,EdTech,Pune,1802680,1101798,No,Low,500000
3537,14,3,9,AI,Pune,1024296,667680,No,Low,500000
3538,17,15,10,AI,Bangalore,1120372,229937,No,Low,500000
3539,18,7,2,EdTech,Pune,581918,1597884,Yes,High,5000000
3540,10,0,1,AgriTech,Kolkata,457788,2201587,Yes,High,5000000
3541,19,14,7,E-Commerce,Pune,383312,1340717,Yes,High,5000000
3542,9,14,5,CleanTech,Bangalore,1809013,258608,No,Low,500000
3543,13,0,7,FinTech,Hyderabad,1780303,1254483,No,Low,500000
3544,5,0,1,AgriTech,Kolkata,1842420,1902341,Yes,High,5000000
3545,8,13,3,AgriTech,Kolkata,536819,2291981,Yes,High,5000000
3546,5,7,8,AI,Delhi,78601,1101196,Yes,High,5000000
3547,13,7,1,HealthTech,Bangalore,1020067,1094530,Yes,High,5000000
3548,10,7,9,AgriTech,Bangalore,924088,2338528,Yes,High,5000000
3549,11,1,5,EdTech,Bangalore,348560,1175624,Yes,High,5000000
3550,18,5,6,AgriTech,Hyderabad,789329,723866,No,Low,500000
3551,12,15,5,EdTech,Bangalore,1262562,261725,No,Low,500000
3552,18,2,3,AgriTech,Kolkata,1306309,236200,No,Low,500000
3553,9,13,3,AI,Bangalore,619821,711819,Yes,High,5000000
3554,12,12,3,EdTech,Hyderabad,1515515,971430,No,Low,500000
3555,5,4,4,AgriTech,Hyderabad,1723110,1007133,No,Low,500000
3556,16,8,1,FinTech,Delhi,1132026,1715811,Yes,High,5000000
3557,20,13,1,HealthTech,Delhi,55175,2105977,Yes,High,5000000
3558,13,10,6,E-Commerce,Pune,78774,2359446,Yes,High,5000000
3559,16,0,6,AgriTech,Delhi,1624819,2353957,Yes,High,5000000
3560,14,11,5,AgriTech,Kolkata,1574854,2417502,Yes,High,5000000
3561,12,3,4,FinTech,Hyderabad,1579349,619781,No,Low,500000
3562,3,0,7,CleanTech,Mumbai,234289,1395071,Yes,High,5000000
3563,8,3,8,E-Commerce,Hyderabad,1156114,685634,No,Low,500000
3564,13,5,1,CleanTech,Kolkata,445363,1044524,Yes,High,5000000
3565,15,13,5,EdTech,Mumbai,473204,1847352,Yes,High,5000000
3566,5,12,6,EdTech,Mumbai,250473,1932081,Yes,High,5000000
3567,16,2,8,CleanTech,Mumbai,1733777,1021502,No,Low,500000
3568,10,1,6,AgriTech,Pune,190450,326904,Yes,High,5000000
3569,9,1,7,FinTech,Pune,764814,1731292,Yes,High,5000000
3570,16,13,7,AI,Pune,1182358,671969,No,Low,500000
3571,17,15,5,E-Commerce,Chennai,829642,1107074,Yes,High,5000000
3572,13,5,10,CleanTech,Kolkata,1237786,189817,No,Low,500000
3573,18,3,6,CleanTech,Mumbai,1956693,2245578,Yes,High,5000000
3574,15,6,1,HealthTech,Mumbai,982642,775136,No,Low,500000
3575,11,14,6,EdTech,Chennai,924332,1724692,Yes,High,5000000
3576,11,1,10,AI,Hyderabad,713052,68471,No,Low,500000
3577,9,3,7,HealthTech,Mumbai,1843762,2221295,Yes,High,5000000
3578,12,6,9,FinTech,Hyderabad,1949346,1569025,No,Low,500000
3579,11,2,10,EdTech,Mumbai,103177,2018543,Yes,High,5000000
3580,2,9,4,CleanTech,Hyderabad,1322650,2324601,Yes,High,5000000
3581,3,4,2,AI,Pune,1499509,161763,No,Low,500000
3582,14,6,5,E-Commerce,Kolkata,1097855,1029778,No,Low,500000
3583,2,6,9,AgriTech,Kolkata,874664,344282,No,Low,500000
3584,11,6,1,E-Commerce,Bangalore,634713,444191,No,Low,500000
3585,11,8,2,AI,Pune,982842,1239244,Yes,High,5000000
3586,4,14,4,AgriTech,Chennai,138774,1615245,Yes,High,5000000
3587,7,13,5,AgriTech,Pune,1423654,834705,No,Low,500000
3588,14,3,7,E-Commerce,Pune,1935820,378182,No,Low,500000
3589,11,0,6,E-Commerce,Pune,1967981,1175310,No,Low,500000
3590,15,7,4,CleanTech,Chennai,166805,1917236,Yes,High,5000000
3591,15,2,7,E-Commerce,Hyderabad,302605,2416444,Yes,High,5000000
3592,11,8,1,AgriTech,Hyderabad,1198802,1891067,Yes,High,5000000
3593,11,7,3,AgriTech,Kolkata,283451,2235263,Yes,High,5000000
3594,14,0,8,EdTech,Delhi,1677434,440853,No,Low,500000
3595,17,4,10,AI,Mumbai,1982263,2354157,Yes,High,5000000
3596,9,8,8,AI,Chennai,1128672,821829,No,Low,500000
3597,17,11,7,AgriTech,Delhi,887976,317355,No,Low,500000
3598,16,0,4,EdTech,Mumbai,1177206,1457329,Yes,High,5000000
3599,20,11,3,AgriTech,Pune,1361648,291913,No,Low,500000
3600,2,1,5,AgriTech,Chennai,865240,2360361,Yes,High,5000000
3601,17,10,1,AI,Delhi,1687503,1265889,No,Low,500000
3602,7,13,4,FinTech,Bangalore,94777,2073219,Yes,High,5000000
3603,20,5,8,E-Commerce,Hyderabad,1557262,1954621,Yes,High,5000000
3604,9,12,7,EdTech,Pune,1597725,1365707,No,Low,500000
3605,9,2,10,AI,Chennai,315004,2027580,Yes,High,5000000
3606,15,12,7,HealthTech,Delhi,1371552,938505,No,Low,500000
3607,10,8,7,FinTech,Hyderabad,679171,930523,Yes,High,5000000
3608,2,8,7,AI,Bangalore,797169,2440273,Yes,High,5000000
3609,20,5,7,EdTech,Mumbai,453658,1895858,Yes,High,5000000
3610,19,7,10,CleanTech,Hyderabad,1270898,1776051,Yes,High,5000000
3611,15,7,2,FinTech,Chennai,1658279,2231402,Yes,High,5000000
3612,2,15,8,FinTech,Hyderabad,1391197,45120,No,Low,500000
3613,2,5,5,AI,Pune,533625,1540382,Yes,High,5000000
3614,9,9,1,AgriTech,Mumbai,770769,257451,No,Low,500000
3615,13,10,6,AgriTech,Delhi,1663378,380957,No,Low,500000
3616,7,9,6,E-Commerce,Chennai,1716077,1490905,No,Low,500000
3617,19,0,9,AgriTech,Hyderabad,1350224,22047,No,Low,500000
3618,4,2,7,AI,Delhi,1906141,1907129,Yes,High,5000000
3619,3,12,5,HealthTech,Mumbai,463998,1185997,Yes,High,5000000
3620,4,0,1,HealthTech,Bangalore,1510786,677992,No,Low,500000
3621,10,2,4,E-Commerce,Hyderabad,85713,616680,Yes,High,5000000
3622,7,6,8,E-Commerce,Bangalore,1093502,725533,No,Low,500000
3623,19,1,7,AI,Chennai,1675049,139366,No,Low,500000
3624,13,0,10,CleanTech,Chennai,1609488,1830581,Yes,High,5000000
3625,15,12,7,HealthTech,Kolkata,1485576,1781339,Yes,High,5000000
3626,10,9,10,E-Commerce,Bangalore,1970879,370953,No,Low,500000
3627,2,2,5,E-Commerce,Hyderabad,69657,1878879,Yes,High,5000000
3628,12,1,5,AI,Hyderabad,355847,31110,No,Low,500000
3629,17,15,5,HealthTech,Kolkata,1742083,1865908,Yes,High,5000000
3630,3,4,4,CleanTech,Kolkata,1701054,52272,No,Low,500000
3631,14,3,10,FinTech,Pune,142964,1430046,Yes,High,5000000
3632,4,3,9,AgriTech,Hyderabad,1603145,1158837,No,Low,500000
3633,8,6,2,E-Commerce,Chennai,578367,2415109,Yes,High,5000000
3634,18,6,5,EdTech,Delhi,1469193,1220735,No,Low,500000
3635,19,2,9,E-Commerce,Kolkata,1265480,498872,No,Low,500000
3636,4,7,7,E-Commerce,Mumbai,333623,2142352,Yes,High,5000000
3637,3,12,8,AI,Delhi,1198186,1056981,No,Low,500000
3638,16,10,5,AgriTech,Hyderabad,1558155,499187,No,Low,500000
3639,16,13,4,CleanTech,Mumbai,1515747,1318646,No,Low,500000
3640,2,12,6,AI,Chennai,512140,633390,Yes,High,5000000
3641,11,13,3,CleanTech,Mumbai,1215648,1977054,Yes,High,5000000
3642,3,2,8,AgriTech,Delhi,1393506,2009447,Yes,High,5000000
3643,13,8,3,AI,Mumbai,1806868,404541,No,Low,500000
3644,19,6,2,AI,Mumbai,540091,924452,Yes,High,5000000
3645,15,11,8,AgriTech,Hyderabad,843541,198002,No,Low,500000
3646,7,11,5,AI,Hyderabad,937122,2211974,Yes,High,5000000
3647,16,14,4,AI,Chennai,1860828,895861,No,Low,500000
3648,2,2,7,AI,Kolkata,745789,2062853,Yes,High,5000000
3649,20,10,7,AgriTech,Kolkata,892814,2140618,Yes,High,5000000
3650,13,11,7,CleanTech,Pune,1413948,2246692,Yes,High,5000000
3651,20,8,9,AgriTech,Mumbai,1450460,1555445,Yes,High,5000000
3652,17,11,3,AgriTech,Bangalore,1810270,1762115,No,Low,500000
3653,20,10,1,CleanTech,Chennai,301363,27085,No,Low,500000
3654,12,12,8,AgriTech,Bangalore,169404,2125671,Yes,High,5000000
3655,15,14,9,HealthTech,Chennai,952591,1282836,Yes,High,5000000
3656,12,2,3,HealthTech,Hyderabad,1517556,1319701,No,Low,500000
3657,17,4,10,FinTech,Mumbai,103215,2011286,Yes,High,5000000
3658,9,8,7,E-Commerce,Hyderabad,1174655,964514,No,Low,500000
3659,17,15,5,CleanTech,Delhi,1094301,2367915,Yes,High,5000000
3660,20,10,2,AI,Mumbai,1242533,1530350,Yes,High,5000000
3661,6,9,9,EdTech,Mumbai,1114119,2281852,Yes,High,5000000
3662,17,14,5,HealthTech,Kolkata,136783,953032,Yes,High,5000000
3663,19,11,5,HealthTech,Mumbai,1832419,243650,No,Low,500000
3664,2,0,4,EdTech,Mumbai,1749814,626527,No,Low,500000
3665,14,15,9,EdTech,Chennai,1350591,1412550,Yes,High,5000000
3666,2,9,5,EdTech,Chennai,704437,1137659,Yes,High,5000000
3667,14,8,7,E-Commerce,Delhi,1290039,2456672,Yes,High,5000000
3668,19,3,10,AI,Delhi,299490,1645812,Yes,High,5000000
3669,13,4,3,FinTech,Bangalore,1678486,2101966,Yes,High,5000000
3670,7,12,1,AgriTech,Delhi,1784275,718565,No,Low,500000
3671,8,14,5,FinTech,Pune,522675,2106221,Yes,High,5000000
3672,3,0,8,CleanTech,Delhi,1370109,1639210,Yes,High,5000000
3673,17,13,2,AI,Pune,1318929,1885487,Yes,High,5000000
3674,20,0,8,AgriTech,Pune,779052,911576,Yes,High,5000000
3675,16,9,5,CleanTech,Chennai,1036873,2014818,Yes,High,5000000
3676,13,12,3,HealthTech,Delhi,149768,659695,Yes,High,5000000
3677,4,6,1,EdTech,Hyderabad,883950,877892,No,Low,500000
3678,17,15,2,AgriTech,Pune,1535265,167130,No,Low,500000
3679,13,7,1,CleanTech,Pune,1758023,2372834,Yes,High,5000000
3680,14,11,10,HealthTech,Pune,135247,1171974,Yes,High,5000000
3681,4,6,9,EdTech,Chennai,1094801,263672,No,Low,500000
3682,3,9,5,AgriTech,Pune,780127,1088824,Yes,High,5000000
3683,15,12,4,FinTech,Pune,359713,984975,Yes,High,5000000
3684,19,7,1,E-Commerce,Hyderabad,891560,1758936,Yes,High,5000000
3685,2,2,5,CleanTech,Bangalore,1305564,1322487,Yes,High,5000000
3686,10,11,8,E-Commerce,Hyderabad,1112607,1077654,No,Low,500000
3687,3,6,4,AgriTech,Kolkata,292718,2189452,Yes,High,5000000
3688,9,1,8,AI,Kolkata,1308490,2092201,Yes,High,5000000
3689,12,8,2,E-Commerce,Pune,1250935,2353211,Yes,High,5000000
3690,13,13,8,HealthTech,Delhi,1320396,1362398,Yes,High,5000000
3691,7,7,9,CleanTech,Pune,1826424,108777,No,Low,500000
3692,14,5,10,HealthTech,Pune,1973959,936126,No,Low,500000
3693,19,0,4,E-Commerce,Kolkata,237516,1941162,Yes,High,5000000
3694,11,5,1,CleanTech,Bangalore,1906703,436412,No,Low,500000
3695,9,9,6,FinTech,Mumbai,161761,855402,Yes,High,5000000
3696,11,5,10,FinTech,Pune,1673977,522614,No,Low,500000
3697,15,2,1,EdTech,Kolkata,1109652,2229601,Yes,High,5000000
3698,8,5,6,HealthTech,Chennai,561810,1395009,Yes,High,5000000
3699,4,5,8,FinTech,Pune,116509,2455779,Yes,High,5000000
3700,5,7,8,HealthTech,Bangalore,979310,1985989,Yes,High,5000000
3701,13,7,8,E-Commerce,Chennai,616555,1124159,Yes,High,5000000
3702,2,14,5,EdTech,Bangalore,884972,2031410,Yes,High,5000000
3703,9,8,2,CleanTech,Mumbai,878353,1713445,Yes,High,5000000
3704,11,7,9,HealthTech,Bangalore,1697195,1975461,Yes,High,5000000
3705,3,8,10,EdTech,Chennai,334236,1789000,Yes,High,5000000
3706,13,0,5,EdTech,Pune,1986686,1784638,No,Low,500000
3707,8,3,6,E-Commerce,Mumbai,744496,388424,No,Low,500000
3708,7,6,9,FinTech,Kolkata,1514324,2339117,Yes,High,5000000
3709,7,15,9,AgriTech,Hyderabad,1495513,942838,No,Low,500000
3710,18,14,5,AI,Bangalore,1768311,547608,No,Low,500000
3711,9,3,9,FinTech,Kolkata,1052343,1372540,Yes,High,5000000
3712,18,6,8,E-Commerce,Chennai,1400998,360415,No,Low,500000
3713,7,12,3,AI,Pune,1965625,271825,No,Low,500000
3714,15,0,2,EdTech,Chennai,850125,840934,No,Low,500000
3715,10,9,6,AgriTech,Chennai,847232,235615,No,Low,500000
3716,5,10,1,E-Commerce,Bangalore,1680123,1054962,No,Low,500000
3717,12,7,5,CleanTech,Mumbai,451751,259082,No,Low,500000
3718,2,1,6,AgriTech,Pune,1263998,1372705,Yes,High,5000000
3719,20,9,2,CleanTech,Delhi,64128,1194286,Yes,High,5000000
3720,2,2,4,FinTech,Mumbai,1630389,1784165,Yes,High,5000000
3721,4,0,10,FinTech,Bangalore,269044,775968,Yes,High,5000000
3722,16,9,9,CleanTech,Bangalore,1071010,2333841,Yes,High,5000000
3723,20,12,8,FinTech,Pune,286976,60874,No,Low,500000
3724,4,1,3,EdTech,Bangalore,699201,418881,No,Low,500000
3725,10,7,5,AgriTech,Pune,1848425,1714773,No,Low,500000
3726,20,4,8,AI,Chennai,1981566,1357473,No,Low,500000
3727,2,7,7,AgriTech,Pune,1127367,1565029,Yes,High,5000000
3728,17,12,8,E-Commerce,Pune,489083,1492212,Yes,High,5000000
3729,11,13,1,HealthTech,Chennai,1379811,1199853,No,Low,500000
3730,18,1,5,AgriTech,Chennai,84159,1402692,Yes,High,5000000
3731,9,4,2,FinTech,Hyderabad,1230690,2422773,Yes,High,5000000
3732,6,12,8,E-Commerce,Chennai,774345,847386,Yes,High,5000000
3733,19,2,2,E-Commerce,Mumbai,1495389,535413,No,Low,500000
3734,11,9,7,CleanTech,Delhi,1016762,1762788,Yes,High,5000000
3735,19,12,5,E-Commerce,Hyderabad,1426403,1243316,No,Low,500000
3736,8,1,5,CleanTech,Hyderabad,1359475,1023186,No,Low,500000
3737,10,11,3,E-Commerce,Mumbai,1039928,1731545,Yes,High,5000000
3738,8,14,10,HealthTech,Kolkata,1644899,2126013,Yes,High,5000000
3739,12,11,7,HealthTech,Kolkata,1489616,1332819,No,Low,500000
3740,8,5,2,FinTech,Mumbai,1987601,1266531,No,Low,500000
3741,12,12,4,EdTech,Delhi,1401788,1386209,No,Low,500000
3742,17,7,3,AI,Bangalore,571152,578765,Yes,High,5000000
3743,9,0,1,AI,Pune,1567997,473304,No,Low,500000
3744,14,0,4,AI,Kolkata,1170659,2366194,Yes,High,5000000
3745,15,13,3,HealthTech,Pune,1416737,141386,No,Low,500000
3746,7,15,10,CleanTech,Kolkata,1618855,880991,No,Low,500000
3747,6,15,6,EdTech,Delhi,380400,1552280,Yes,High,5000000
3748,19,9,7,FinTech,Delhi,850355,1063231,Yes,High,5000000
3749,11,10,9,EdTech,Mumbai,359543,364964,Yes,High,5000000
3750,3,9,4,CleanTech,Delhi,1875277,635770,No,Low,500000
3751,19,0,10,AgriTech,Bangalore,1013841,1910205,Yes,High,5000000
3752,13,13,10,CleanTech,Pune,1720462,679220,No,Low,500000
3753,7,8,6,AI,Hyderabad,467077,2021080,Yes,High,5000000
3754,11,9,2,EdTech,Kolkata,312420,1984505,Yes,High,5000000
3755,19,4,5,AI,Hyderabad,838253,2377088,Yes,High,5000000
3756,16,4,2,AI,Chennai,600135,2206158,Yes,High,5000000
3757,11,2,2,EdTech,Hyderabad,1516794,2356440,Yes,High,5000000
3758,7,14,6,AI,Mumbai,1459524,1180363,No,Low,500000
3759,9,1,7,FinTech,Bangalore,1880371,199045,No,Low,500000
3760,7,8,7,FinTech,Bangalore,184944,2024232,Yes,High,5000000
3761,10,13,4,HealthTech,Chennai,1643510,601998,No,Low,500000
3762,15,14,8,AI,Hyderabad,1029889,1071641,Yes,High,5000000
3763,14,8,4,E-Commerce,Chennai,260606,361303,Yes,High,5000000
3764,12,2,4,HealthTech,Pune,1607406,1101976,No,Low,500000
3765,19,9,1,AI,Hyderabad,1241752,573393,No,Low,500000
3766,18,11,3,CleanTech,Bangalore,488053,573047,Yes,High,5000000
3767,11,11,7,CleanTech,Bangalore,1249557,1275881,Yes,High,5000000
3768,7,4,7,FinTech,Chennai,550361,1644312,Yes,High,5000000
3769,16,2,10,AI,Bangalore,1173097,1170359,No,Low,500000
3770,3,8,8,FinTech,Mumbai,1228925,2169201,Yes,High,5000000
3771,4,7,9,E-Commerce,Kolkata,1853413,2155037,Yes,High,5000000
3772,8,13,3,CleanTech,Mumbai,736469,2387801,Yes,High,5000000
3773,14,15,9,FinTech,Chennai,1850089,925832,No,Low,500000
3774,10,2,5,AgriTech,Bangalore,1632870,716705,No,Low,500000
3775,13,6,3,AgriTech,Bangalore,123908,962789,Yes,High,5000000
3776,11,6,5,EdTech,Mumbai,312774,245346,No,Low,500000
3777,12,9,10,EdTech,Mumbai,1338287,1490354,Yes,High,5000000
3778,10,2,3,AI,Pune,324368,1242942,Yes,High,5000000
3779,19,15,5,E-Commerce,Chennai,1499026,717384,No,Low,500000
3780,4,2,6,E-Commerce,Pune,1037891,1492616,Yes,High,5000000
3781,11,2,8,EdTech,Hyderabad,1808565,262637,No,Low,500000
3782,18,4,10,EdTech,Delhi,254533,269402,Yes,High,5000000
3783,4,6,6,EdTech,Delhi,1304526,2021244,Yes,High,5000000
3784,19,11,1,EdTech,Bangalore,776498,196171,No,Low,500000
3785,11,15,6,AI,Pune,1282329,1464983,Yes,High,5000000
3786,3,10,9,EdTech,Mumbai,549854,1679451,Yes,High,5000000
3787,17,9,6,EdTech,Chennai,1356402,1413720,Yes,High,5000000
3788,17,14,2,CleanTech,Bangalore,799076,2090410,Yes,High,5000000
3789,7,4,8,AI,Delhi,1507014,2073943,Yes,High,5000000
3790,10,4,10,HealthTech,Chennai,923660,2435969,Yes,High,5000000
3791,18,4,8,CleanTech,Chennai,826860,1851825,Yes,High,5000000
3792,13,4,10,E-Commerce,Kolkata,1985690,317783,No,Low,500000
3793,12,8,5,FinTech,Chennai,1631033,1230784,No,Low,500000
3794,4,15,9,FinTech,Pune,936074,1792281,Yes,High,5000000
3795,6,6,1,FinTech,Delhi,313163,1510450,Yes,High,5000000
3796,17,7,9,HealthTech,Mumbai,1231121,1672004,Yes,High,5000000
3797,5,3,9,CleanTech,Kolkata,639823,562846,No,Low,500000
3798,8,15,9,HealthTech,Bangalore,1710833,653974,No,Low,500000
3799,20,5,6,AgriTech,Pune,627386,2175328,Yes,High,5000000
3800,7,12,1,CleanTech,Hyderabad,66780,1040015,Yes,High,5000000
3801,4,1,10,CleanTech,Chennai,1988581,1476308,No,Low,500000
3802,6,7,4,CleanTech,Pune,624987,1766889,Yes,High,5000000
3803,9,4,3,AgriTech,Hyderabad,956430,37519,No,Low,500000
3804,16,3,8,CleanTech,Mumbai,1351191,904388,No,Low,500000
3805,3,0,9,FinTech,Mumbai,1017230,1926833,Yes,High,5000000
3806,4,15,2,FinTech,Chennai,1773167,315687,No,Low,500000
3807,9,1,9,CleanTech,Mumbai,1676093,1548282,No,Low,500000
3808,20,9,2,CleanTech,Mumbai,54947,2031862,Yes,High,5000000
3809,14,13,4,E-Commerce,Bangalore,1835039,1407850,No,Low,500000
3810,12,2,10,AgriTech,Delhi,578601,1070927,Yes,High,5000000
3811,19,13,4,HealthTech,Hyderabad,1806375,1586412,No,Low,500000
3812,19,7,1,CleanTech,Chennai,1554490,1477805,No,Low,500000
3813,17,15,3,E-Commerce,Pune,1332426,356350,No,Low,500000
3814,19,13,9,AI,Mumbai,1545394,608457,No,Low,500000
3815,8,11,3,AgriTech,Bangalore,141557,1102304,Yes,High,5000000
3816,4,11,10,HealthTech,Bangalore,70311,695832,Yes,High,5000000
3817,12,9,8,EdTech,Hyderabad,1173955,2276827,Yes,High,5000000
3818,13,11,1,CleanTech,Bangalore,1034600,363543,No,Low,500000
3819,20,5,2,AI,Pune,1191681,1594115,Yes,High,5000000
3820,3,2,3,AgriTech,Chennai,1241384,303339,No,Low,500000
3821,17,10,7,EdTech,Kolkata,1493199,1932668,Yes,High,5000000
3822,12,9,5,EdTech,Mumbai,1994674,1457177,No,Low,500000
3823,10,4,9,CleanTech,Chennai,1566966,1591691,Yes,High,5000000
3824,7,3,6,E-Commerce,Chennai,119560,1363056,Yes,High,5000000
3825,19,9,4,FinTech,Bangalore,1495012,1309311,No,Low,500000
3826,14,8,10,AI,Hyderabad,1985000,2183582,Yes,High,5000000
3827,14,9,10,CleanTech,Delhi,252019,2173613,Yes,High,5000000
3828,19,15,9,AgriTech,Chennai,1864173,2293229,Yes,High,5000000
3829,14,4,1,CleanTech,Delhi,1854366,2496966,Yes,High,5000000
3830,11,11,5,FinTech,Delhi,982968,1833060,Yes,High,5000000
3831,6,12,3,HealthTech,Delhi,423213,161653,No,Low,500000
3832,14,2,1,EdTech,Delhi,1780602,938820,No,Low,500000
3833,17,8,5,E-Commerce,Bangalore,1653500,355027,No,Low,500000
3834,5,7,3,AgriTech,Kolkata,1323129,858410,No,Low,500000
3835,8,1,3,EdTech,Chennai,416108,1481390,Yes,High,5000000
3836,13,1,2,EdTech,Pune,1456657,113200,No,Low,500000
3837,9,11,5,AgriTech,Chennai,439617,624877,Yes,High,5000000
3838,8,5,5,AgriTech,Kolkata,1152151,1974404,Yes,High,5000000
3839,17,15,5,FinTech,Bangalore,1985340,621709,No,Low,500000
3840,20,6,10,FinTech,Delhi,1320065,258482,No,Low,500000
3841,11,10,7,EdTech,Chennai,896839,1962939,Yes,High,5000000
3842,11,2,10,AI,Kolkata,1868322,1595154,No,Low,500000
3843,14,6,9,HealthTech,Delhi,478103,264884,No,Low,500000
3844,19,14,8,HealthTech,Mumbai,1321797,736523,No,Low,500000
3845,15,1,10,AgriTech,Hyderabad,898640,387770,No,Low,500000
3846,13,4,7,FinTech,Delhi,935701,1091023,Yes,High,5000000
3847,20,1,2,AgriTech,Pune,671422,1836109,Yes,High,5000000
3848,6,12,10,HealthTech,Hyderabad,1445318,1163415,No,Low,500000
3849,18,10,9,EdTech,Delhi,254071,609175,Yes,High,5000000
3850,5,10,6,CleanTech,Delhi,302067,1430127,Yes,High,5000000
3851,9,13,7,HealthTech,Chennai,241844,475649,Yes,High,5000000
3852,4,12,9,HealthTech,Mumbai,1167237,2317628,Yes,High,5000000
3853,12,7,3,AI,Chennai,891228,812468,No,Low,500000
3854,2,8,4,E-Commerce,Mumbai,1041616,1127596,Yes,High,5000000
3855,2,15,2,AI,Hyderabad,886980,1837502,Yes,High,5000000
3856,6,2,4,AgriTech,Pune,697390,60511,No,Low,500000
3857,3,3,4,AI,Bangalore,275534,1593695,Yes,High,5000000
3858,6,10,6,AI,Bangalore,1941042,1967471,Yes,High,5000000
3859,10,4,2,CleanTech,Pune,1148581,2465034,Yes,High,5000000
3860,11,9,5,AI,Bangalore,1356629,478083,No,Low,500000
3861,19,2,2,AgriTech,Delhi,1686375,2308134,Yes,High,5000000
3862,9,10,10,CleanTech,Pune,1998708,1334453,No,Low,500000
3863,13,13,2,AgriTech,Chennai,958038,1820883,Yes,High,5000000
3864,6,2,6,CleanTech,Kolkata,407801,766053,Yes,High,5000000
3865,12,14,1,FinTech,Delhi,106077,353111,Yes,High,5000000
3866,16,11,7,EdTech,Hyderabad,1863616,1184812,No,Low,500000
3867,6,2,6,AI,Pune,536993,1051664,Yes,High,5000000
3868,16,8,6,AI,Delhi,189629,2058014,Yes,High,5000000
3869,18,6,6,AgriTech,Kolkata,1284989,459413,No,Low,500000
3870,18,2,1,AgriTech,Pune,180313,1277605,Yes,High,5000000
3871,11,8,3,CleanTech,Delhi,1511898,1449113,No,Low,500000
3872,13,15,3,AgriTech,Chennai,1369742,57032,No,Low,500000
3873,20,10,7,E-Commerce,Hyderabad,50262,873324,Yes,High,5000000
3874,5,14,4,FinTech,Delhi,193230,2275875,Yes,High,5000000
3875,20,11,7,AI,Hyderabad,643663,1355922,Yes,High,5000000
3876,19,4,8,CleanTech,Delhi,386010,1913321,Yes,High,5000000
3877,13,5,1,E-Commerce,Delhi,889975,1916881,Yes,High,5000000
3878,9,8,7,EdTech,Hyderabad,125349,774884,Yes,High,5000000
3879,7,3,4,FinTech,Hyderabad,1441749,749995,No,Low,500000
3880,2,3,2,AI,Delhi,1364786,1743243,Yes,High,5000000
3881,6,5,2,FinTech,Hyderabad,1293543,435973,No,Low,500000
3882,2,14,4,AI,Pune,1818232,1643742,No,Low,500000
3883,4,2,10,FinTech,Bangalore,989763,1209702,Yes,High,5000000
3884,14,11,1,EdTech,Bangalore,1925791,838672,No,Low,500000
3885,17,2,9,AgriTech,Hyderabad,1685034,1129643,No,Low,500000
3886,19,1,7,E-Commerce,Delhi,1015878,1400248,Yes,High,5000000
3887,10,6,9,EdTech,Mumbai,397752,2278266,Yes,High,5000000
3888,19,4,2,HealthTech,Chennai,1334125,612313,No,Low,500000
3889,4,1,10,FinTech,Mumbai,1387255,1131762,No,Low,500000
3890,18,6,6,AI,Hyderabad,1503961,566916,No,Low,500000
3891,20,15,1,EdTech,Delhi,1246933,1180679,No,Low,500000
3892,19,11,3,AgriTech,Hyderabad,144630,887835,Yes,High,5000000
3893,12,6,8,CleanTech,Delhi,102885,699329,Yes,High,5000000
3894,6,8,1,E-Commerce,Delhi,775953,2178512,Yes,High,5000000
3895,5,13,3,CleanTech,Mumbai,435951,2495008,Yes,High,5000000
3896,7,8,6,AI,Delhi,352885,53621,No,Low,500000
3897,13,4,1,AI,Kolkata,1915146,714444,No,Low,500000
3898,5,1,3,CleanTech,Pune,327097,2053475,Yes,High,5000000
3899,13,14,3,AI,Bangalore,271641,1587147,Yes,High,5000000
3900,4,3,10,E-Commerce,Delhi,989925,1452510,Yes,High,5000000
3901,13,11,10,FinTech,Delhi,1228641,820648,No,Low,500000
3902,7,14,4,AgriTech,Delhi,547238,2479543,Yes,High,5000000
3903,5,3,1,EdTech,Bangalore,311826,153556,No,Low,500000
3904,14,9,7,AgriTech,Pune,138825,816380,Yes,High,5000000
3905,15,10,3,CleanTech,Hyderabad,881113,2126664,Yes,High,5000000
3906,11,6,10,EdTech,Mumbai,70353,2060012,Yes,High,5000000
3907,6,12,7,HealthTech,Chennai,242868,1408435,Yes,High,5000000
3908,16,6,1,AgriTech,Mumbai,966057,623485,No,Low,500000
3909,16,1,10,AI,Bangalore,1478384,1942212,Yes,High,5000000
3910,5,4,7,FinTech,Delhi,1491640,983258,No,Low,500000
3911,8,8,3,AI,Hyderabad,1545497,300565,No,Low,500000
3912,19,7,7,AgriTech,Kolkata,750703,1406539,Yes,High,5000000
3913,3,15,9,AI,Bangalore,1197103,182973,No,Low,500000
3914,8,9,6,FinTech,Delhi,703660,1304019,Yes,High,5000000
3915,13,10,4,CleanTech,Chennai,1991952,1996784,Yes,High,5000000
3916,15,7,1,AgriTech,Kolkata,1793732,2359454,Yes,High,5000000
3917,5,4,7,EdTech,Hyderabad,1863964,2270707,Yes,High,5000000
3918,17,7,9,CleanTech,Chennai,437962,808692,Yes,High,5000000
3919,15,6,5,CleanTech,Hyderabad,434535,1061384,Yes,High,5000000
3920,2,11,1,AI,Mumbai,1653348,2319004,Yes,High,5000000
3921,20,10,2,E-Commerce,Mumbai,1837787,1330003,No,Low,500000
3922,2,2,4,AI,Kolkata,505682,552067,Yes,High,5000000
3923,3,10,4,AgriTech,Kolkata,658752,877646,Yes,High,5000000
3924,11,4,2,FinTech,Pune,1271376,230806,No,Low,500000
3925,8,15,1,CleanTech,Mumbai,1603439,169653,No,Low,500000
3926,13,12,6,EdTech,Kolkata,500985,1988421,Yes,High,5000000
3927,10,2,1,FinTech,Mumbai,1019393,1914940,Yes,High,5000000
3928,13,4,6,E-Commerce,Pune,1625424,1841563,Yes,High,5000000
3929,17,5,4,E-Commerce,Kolkata,1835096,2279454,Yes,High,5000000
3930,9,11,2,CleanTech,Bangalore,351385,1664185,Yes,High,5000000
3931,9,15,8,AI,Delhi,589999,934342,Yes,High,5000000
3932,3,1,10,E-Commerce,Kolkata,810905,1457170,Yes,High,5000000
3933,13,9,10,FinTech,Bangalore,66447,584113,Yes,High,5000000
3934,10,9,1,E-Commerce,Delhi,1116723,1651914,Yes,High,5000000
3935,7,14,4,AI,Chennai,464317,219853,No,Low,500000
3936,5,2,8,CleanTech,Delhi,1317240,1365110,Yes,High,5000000
3937,12,2,7,HealthTech,Pune,1537371,1893907,Yes,High,5000000
3938,9,7,4,EdTech,Hyderabad,81177,414753,Yes,High,5000000
3939,17,6,2,AI,Chennai,714201,1053881,Yes,High,5000000
3940,2,15,6,FinTech,Kolkata,1870381,1464310,No,Low,500000
3941,6,4,2,EdTech,Delhi,1690487,2392725,Yes,High,5000000
3942,16,1,1,AI,Hyderabad,503622,92837,No,Low,500000
3943,15,8,8,AgriTech,Pune,477932,2067271,Yes,High,5000000
3944,17,11,7,E-Commerce,Kolkata,1915789,998542,No,Low,500000
3945,19,15,5,AgriTech,Mumbai,177876,1604364,Yes,High,5000000
3946,2,8,9,AI,Chennai,96648,1599988,Yes,High,5000000
3947,16,4,8,FinTech,Hyderabad,1648369,410886,No,Low,500000
3948,4,4,9,FinTech,Bangalore,1729627,1173306,No,Low,500000
3949,16,11,8,AgriTech,Kolkata,492499,2020116,Yes,High,5000000
3950,18,1,2,FinTech,Delhi,507472,747541,Yes,High,5000000
3951,14,4,6,AgriTech,Chennai,442601,339137,No,Low,500000
3952,11,0,5,E-Commerce,Kolkata,1494390,577155,No,Low,500000
3953,10,2,4,HealthTech,Chennai,975882,2474045,Yes,High,5000000
3954,4,5,6,HealthTech,Chennai,1763752,1753219,No,Low,500000
3955,7,5,5,AgriTech,Pune,1994943,2420649,Yes,High,5000000
3956,12,14,1,EdTech,Mumbai,1021936,240732,No,Low,500000
3957,4,3,1,AI,Kolkata,744360,257657,No,Low,500000
3958,10,12,7,HealthTech,Pune,95097,597219,Yes,High,5000000
3959,2,15,10,EdTech,Pune,1755671,63176,No,Low,500000
3960,8,9,7,CleanTech,Chennai,1497398,1812612,Yes,High,5000000
3961,16,2,6,AgriTech,Hyderabad,411173,483303,Yes,High,5000000
3962,8,7,10,HealthTech,Hyderabad,1013177,1348423,Yes,High,5000000
3963,5,9,7,CleanTech,Pune,661781,2062443,Yes,High,5000000
3964,6,8,10,FinTech,Kolkata,1215243,1127917,No,Low,500000
3965,13,6,7,FinTech,Chennai,861762,679014,No,Low,500000
3966,20,13,9,EdTech,Pune,652914,129972,No,Low,500000
3967,13,14,9,AgriTech,Kolkata,437639,571944,Yes,High,5000000
3968,15,7,3,E-Commerce,Kolkata,1111151,484167,No,Low,500000
3969,5,9,6,FinTech,Chennai,1413521,1806582,Yes,High,5000000
3970,6,5,7,FinTech,Mumbai,864567,487497,No,Low,500000
3971,10,2,5,AI,Hyderabad,1020799,650571,No,Low,500000
3972,7,15,8,CleanTech,Delhi,265032,2251645,Yes,High,5000000
3973,5,11,1,EdTech,Kolkata,1307000,1865340,Yes,High,5000000
3974,8,14,3,AgriTech,Kolkata,1864069,113193,No,Low,500000
3975,3,8,1,AI,Kolkata,243595,192519,No,Low,500000
3976,9,8,1,CleanTech,Hyderabad,514112,1561179,Yes,High,5000000
3977,10,11,10,AgriTech,Chennai,1720332,2325380,Yes,High,5000000
3978,19,6,4,AI,Chennai,1253183,1269303,Yes,High,5000000
3979,3,0,2,AgriTech,Kolkata,167914,2170975,Yes,High,5000000
3980,7,2,9,AgriTech,Pune,1735405,99627,No,Low,500000
3981,18,0,3,HealthTech,Kolkata,806882,2437971,Yes,High,5000000
3982,18,10,4,E-Commerce,Hyderabad,277560,634628,Yes,High,5000000
3983,5,4,2,CleanTech,Hyderabad,1617329,498801,No,Low,500000
3984,12,5,1,AI,Bangalore,1801097,1524985,No,Low,500000
3985,5,11,10,E-Commerce,Pune,385154,1751677,Yes,High,5000000
3986,6,14,8,EdTech,Hyderabad,436425,2311151,Yes,High,5000000
3987,12,7,10,E-Commerce,Mumbai,246020,842883,Yes,High,5000000
3988,16,6,7,HealthTech,Kolkata,199939,296979,Yes,High,5000000
3989,8,5,5,EdTech,Delhi,359758,2311373,Yes,High,5000000
3990,13,0,3,CleanTech,Mumbai,635912,389631,No,Low,500000
3991,10,0,1,CleanTech,Kolkata,888239,1094048,Yes,High,5000000
3992,10,11,9,EdTech,Hyderabad,1763852,1413313,No,Low,500000
3993,15,12,4,E-Commerce,Kolkata,1752445,1996869,Yes,High,5000000
3994,4,7,4,EdTech,Mumbai,1146043,2027907,Yes,High,5000000
3995,20,11,6,CleanTech,Pune,995375,1305917,Yes,High,5000000
3996,10,13,3,FinTech,Delhi,489332,2209562,Yes,High,5000000
3997,13,11,4,HealthTech,Bangalore,1519488,2062499,Yes,High,5000000
3998,16,9,2,E-Commerce,Kolkata,1727220,2261346,Yes,High,5000000
3999,12,7,7,HealthTech,Mumbai,1711554,1223690,No,Low,500000
4000,6,12,1,EdTech,Pune,771921,401000,No,Low,500000
4001,10,14,8,AI,Hyderabad,1956640,538894,No,Low,500000
4002,11,0,6,EdTech,Mumbai,481701,2294486,Yes,High,5000000
4003,4,9,3,FinTech,Kolkata,1269469,2485132,Yes,High,5000000
4004,8,13,6,AgriTech,Chennai,139284,1194478,Yes,High,5000000
4005,19,7,4,FinTech,Delhi,1029561,1779170,Yes,High,5000000
4006,19,1,4,FinTech,Bangalore,161469,1292033,Yes,High,5000000
4007,14,12,6,AgriTech,Kolkata,1598286,1002497,No,Low,500000
4008,2,7,3,AgriTech,Mumbai,573695,2060554,Yes,High,5000000
4009,4,10,3,FinTech,Bangalore,1655279,1151162,No,Low,500000
4010,13,5,6,HealthTech,Pune,1677286,537826,No,Low,500000
4011,7,11,7,HealthTech,Kolkata,1444506,1376148,No,Low,500000
4012,19,3,5,FinTech,Bangalore,1469942,1862484,Yes,High,5000000
4013,16,10,9,HealthTech,Kolkata,211757,1414101,Yes,High,5000000
4014,5,9,10,HealthTech,Mumbai,754387,889091,Yes,High,5000000
4015,12,4,1,EdTech,Pune,1945881,775645,No,Low,500000
4016,3,8,3,FinTech,Delhi,1355556,1294867,No,Low,500000
4017,20,8,6,AgriTech,Kolkata,1977915,757746,No,Low,500000
4018,10,9,8,EdTech,Kolkata,1347902,1840699,Yes,High,5000000
4019,20,9,3,EdTech,Kolkata,1157343,2294929,Yes,High,5000000
4020,8,11,8,HealthTech,Bangalore,1007520,25036,No,Low,500000
4021,14,6,9,FinTech,Chennai,1809486,1043250,No,Low,500000
4022,4,14,5,AI,Delhi,1395675,1321817,No,Low,500000
4023,9,13,1,AgriTech,Delhi,1452834,20549,No,Low,500000
4024,16,7,4,FinTech,Chennai,1053207,1145261,Yes,High,5000000
4025,18,7,1,HealthTech,Pune,180812,2491289,Yes,High,5000000
4026,15,3,4,HealthTech,Pune,1628508,921464,No,Low,500000
4027,12,9,8,E-Commerce,Delhi,560828,476109,No,Low,500000
4028,15,14,2,E-Commerce,Kolkata,230486,1774422,Yes,High,5000000
4029,16,8,3,AgriTech,Delhi,766033,2347296,Yes,High,5000000
4030,11,0,1,EdTech,Pune,562895,1107481,Yes,High,5000000
4031,6,2,5,EdTech,Pune,233034,2382004,Yes,High,5000000
4032,3,7,3,AI,Bangalore,1716078,644534,No,Low,500000
4033,12,3,1,HealthTech,Chennai,1186183,2224912,Yes,High,5000000
4034,7,1,5,FinTech,Chennai,1582718,542985,No,Low,500000
4035,5,11,8,CleanTech,Delhi,858516,2447608,Yes,High,5000000
4036,11,1,9,E-Commerce,Chennai,420493,1017381,Yes,High,5000000
4037,6,8,4,HealthTech,Kolkata,196212,234271,Yes,High,5000000
4038,19,1,5,FinTech,Hyderabad,1437154,331996,No,Low,500000
4039,12,1,7,HealthTech,Hyderabad,1950814,2434703,Yes,High,5000000
4040,11,11,4,E-Commerce,Bangalore,1890244,1181929,No,Low,500000
4041,3,3,5,AgriTech,Delhi,1936342,409725,No,Low,500000
4042,7,9,9,AgriTech,Pune,522795,529591,Yes,High,5000000
4043,8,6,7,AgriTech,Kolkata,727288,2337222,Yes,High,5000000
4044,2,15,5,HealthTech,Mumbai,947547,1532124,Yes,High,5000000
4045,20,0,9,FinTech,Bangalore,1285712,2193323,Yes,High,5000000
4046,11,8,7,AgriTech,Hyderabad,770361,1311428,Yes,High,5000000
4047,8,8,3,E-Commerce,Delhi,1108667,2412268,Yes,High,5000000
4048,9,8,7,EdTech,Pune,1980256,580649,No,Low,500000
4049,10,5,1,EdTech,Kolkata,606085,1490022,Yes,High,5000000
4050,18,6,7,HealthTech,Chennai,1106648,35674,No,Low,500000
4051,18,8,9,AI,Mumbai,1326431,2062407,Yes,High,5000000
4052,9,14,1,E-Commerce,Kolkata,857332,1938496,Yes,High,5000000
4053,8,11,4,CleanTech,Delhi,703824,662796,No,Low,500000
4054,18,12,2,AI,Bangalore,1966521,2483946,Yes,High,5000000
4055,4,12,5,CleanTech,Bangalore,1151967,706734,No,Low,500000
4056,19,14,6,HealthTech,Pune,302684,2436242,Yes,High,5000000
4057,5,8,10,AgriTech,Delhi,407185,422864,Yes,High,5000000
4058,6,6,2,FinTech,Pune,89432,1756192,Yes,High,5000000
4059,20,13,8,AgriTech,Pune,1684377,2411910,Yes,High,5000000
4060,7,11,3,AI,Delhi,536818,313923,No,Low,500000
4061,10,5,10,E-Commerce,Hyderabad,1609483,746703,No,Low,500000
4062,10,11,5,CleanTech,Kolkata,1395439,603013,No,Low,500000
4063,15,3,4,FinTech,Mumbai,221364,901947,Yes,High,5000000
4064,10,6,3,AgriTech,Pune,1516436,1048836,No,Low,500000
4065,7,1,5,CleanTech,Hyderabad,1991086,915540,No,Low,500000
4066,20,8,7,AgriTech,Kolkata,783985,1884137,Yes,High,5000000
4067,18,3,3,HealthTech,Hyderabad,1820669,1635657,No,Low,500000
4068,6,0,3,CleanTech,Mumbai,818829,1883571,Yes,High,5000000
4069,14,3,5,E-Commerce,Delhi,1840598,1886867,Yes,High,5000000
4070,8,15,10,AgriTech,Bangalore,375296,2294278,Yes,High,5000000
4071,20,1,7,CleanTech,Chennai,982942,2342052,Yes,High,5000000
4072,14,5,2,AI,Chennai,641136,41604,No,Low,500000
4073,3,15,10,EdTech,Bangalore,906914,509552,No,Low,500000
4074,12,8,3,EdTech,Mumbai,1898474,1250721,No,Low,500000
4075,16,4,3,FinTech,Kolkata,233697,183380,No,Low,500000
4076,13,10,9,FinTech,Pune,1803828,2035628,Yes,High,5000000
4077,18,11,5,HealthTech,Hyderabad,224134,1890477,Yes,High,5000000
4078,18,7,2,FinTech,Pune,1892124,843406,No,Low,500000
4079,18,5,3,EdTech,Mumbai,526003,1142477,Yes,High,5000000
4080,18,9,1,AI,Kolkata,409731,1309406,Yes,High,5000000
4081,18,15,2,AI,Delhi,1516344,519157,No,Low,500000
4082,12,5,1,HealthTech,Chennai,1710193,1521970,No,Low,500000
4083,11,2,8,E-Commerce,Hyderabad,742514,2088400,Yes,High,5000000
4084,19,11,8,CleanTech,Kolkata,990427,2085615,Yes,High,5000000
4085,17,15,2,EdTech,Pune,1121482,504435,No,Low,500000
4086,5,4,10,EdTech,Kolkata,1107071,2495668,Yes,High,5000000
4087,17,6,6,AI,Kolkata,1640289,2275689,Yes,High,5000000
4088,20,11,10,FinTech,Delhi,116603,145018,Yes,High,5000000
4089,2,5,6,AI,Mumbai,478715,1697567,Yes,High,5000000
4090,9,15,3,AgriTech,Hyderabad,998709,1320674,Yes,High,5000000
4091,2,0,5,E-Commerce,Delhi,1643853,1719671,Yes,High,5000000
4092,11,1,1,FinTech,Chennai,962665,1066162,Yes,High,5000000
4093,2,7,2,CleanTech,Hyderabad,1622706,919142,No,Low,500000
4094,20,11,1,CleanTech,Chennai,1767657,1222437,No,Low,500000
4095,2,8,10,AgriTech,Hyderabad,1108579,2255182,Yes,High,5000000
4096,3,15,10,CleanTech,Delhi,1138666,1316066,Yes,High,5000000
4097,20,1,6,EdTech,Pune,629424,1706978,Yes,High,5000000
4098,2,12,4,AI,Kolkata,379184,1113072,Yes,High,5000000
4099,16,14,1,FinTech,Bangalore,1635791,1783979,Yes,High,5000000
4100,16,14,10,E-Commerce,Kolkata,1358124,654732,No,Low,500000
4101,7,7,4,HealthTech,Mumbai,950752,957617,Yes,High,5000000
4102,20,15,8,EdTech,Bangalore,1313972,1354175,Yes,High,5000000
4103,15,14,8,FinTech,Hyderabad,1658448,478898,No,Low,500000
4104,12,5,10,EdTech,Kolkata,1131058,1870540,Yes,High,5000000
4105,15,13,5,AgriTech,Pune,1285869,120420,No,Low,500000
4106,16,3,3,CleanTech,Delhi,488278,773842,Yes,High,5000000
4107,18,1,9,HealthTech,Mumbai,983315,2228788,Yes,High,5000000
4108,7,5,10,FinTech,Kolkata,1095756,2090945,Yes,High,5000000
4109,6,4,8,HealthTech,Pune,889529,2085468,Yes,High,5000000
4110,20,3,1,FinTech,Bangalore,1607818,543013,No,Low,500000
4111,17,7,4,E-Commerce,Kolkata,1768408,726141,No,Low,500000
4112,4,10,2,E-Commerce,Hyderabad,625824,1698926,Yes,High,5000000
4113,20,9,7,E-Commerce,Mumbai,1457387,1226186,No,Low,500000
4114,6,12,5,HealthTech,Kolkata,502831,2388896,Yes,High,5000000
4115,20,10,8,FinTech,Chennai,971055,1488445,Yes,High,5000000
4116,2,9,4,E-Commerce,Hyderabad,588889,1839986,Yes,High,5000000
4117,3,4,5,HealthTech,Chennai,997249,2472914,Yes,High,5000000
4118,14,11,1,EdTech,Mumbai,1362858,1770743,Yes,High,5000000
4119,9,4,10,HealthTech,Chennai,172502,2388732,Yes,High,5000000
4120,17,11,5,FinTech,Hyderabad,1373919,87738,No,Low,500000
4121,5,11,8,E-Commerce,Chennai,608077,438523,No,Low,500000
4122,8,3,8,EdTech,Bangalore,1807542,2174039,Yes,High,5000000
4123,16,10,6,AgriTech,Kolkata,1190935,644998,No,Low,500000
4124,10,12,3,AI,Kolkata,1352901,444876,No,Low,500000
4125,19,12,5,FinTech,Delhi,548167,1603359,Yes,High,5000000
4126,11,4,10,AI,Hyderabad,68755,2438155,Yes,High,5000000
4127,6,6,5,FinTech,Pune,1693696,2150527,Yes,High,5000000
4128,3,12,5,AI,Hyderabad,455577,194516,No,Low,500000
4129,13,7,2,FinTech,Mumbai,1986065,797186,No,Low,500000
4130,18,15,8,AgriTech,Pune,1569084,989555,No,Low,500000
4131,14,11,9,AgriTech,Bangalore,328722,1586453,Yes,High,5000000
4132,19,11,2,EdTech,Bangalore,509765,781366,Yes,High,5000000
4133,6,15,8,AI,Hyderabad,722344,1450700,Yes,High,5000000
4134,16,0,10,FinTech,Kolkata,129835,1423163,Yes,High,5000000
4135,12,5,5,E-Commerce,Pune,775355,1122548,Yes,High,5000000
4136,10,10,10,AgriTech,Hyderabad,867791,2265437,Yes,High,5000000
4137,2,14,8,E-Commerce,Chennai,809635,2366022,Yes,High,5000000
4138,10,6,9,AgriTech,Delhi,398523,1226235,Yes,High,5000000
4139,15,4,1,CleanTech,Chennai,422682,2353303,Yes,High,5000000
4140,9,10,9,AI,Chennai,1235934,182336,No,Low,500000
4141,2,15,9,FinTech,Kolkata,99449,380694,Yes,High,5000000
4142,4,5,6,FinTech,Delhi,633321,571384,No,Low,500000
4143,15,11,10,AI,Pune,258799,2062582,Yes,High,5000000
4144,6,8,2,HealthTech,Delhi,763983,2415385,Yes,High,5000000
4145,13,10,2,HealthTech,Chennai,66589,2164501,Yes,High,5000000
4146,9,10,1,EdTech,Hyderabad,1782705,750972,No,Low,500000
4147,3,10,3,AgriTech,Kolkata,1560321,1061703,No,Low,500000
4148,14,8,8,E-Commerce,Chennai,1026841,2249873,Yes,High,5000000
4149,14,5,8,EdTech,Chennai,432555,1294597,Yes,High,5000000
4150,10,5,2,AI,Mumbai,569574,1191919,Yes,High,5000000
4151,20,15,4,HealthTech,Hyderabad,640705,587890,No,Low,500000
4152,18,2,3,FinTech,Delhi,201982,2252669,Yes,High,5000000
4153,19,9,2,AgriTech,Delhi,180239,127610,No,Low,500000
4154,6,12,1,AgriTech,Delhi,136156,471130,Yes,High,5000000
4155,19,13,10,AgriTech,Bangalore,154464,116568,No,Low,500000
4156,18,5,2,HealthTech,Mumbai,1064910,494026,No,Low,500000
4157,13,2,5,AI,Pune,373949,1100145,Yes,High,5000000
4158,2,12,10,AI,Mumbai,982387,1099524,Yes,High,5000000
4159,17,8,2,FinTech,Hyderabad,1220244,460472,No,Low,500000
4160,2,3,8,E-Commerce,Kolkata,894704,606032,No,Low,500000
4161,18,13,10,HealthTech,Bangalore,151824,2091720,Yes,High,5000000
4162,13,0,6,E-Commerce,Hyderabad,197589,1633282,Yes,High,5000000
4163,7,10,8,CleanTech,Delhi,709690,617043,No,Low,500000
4164,18,12,3,FinTech,Bangalore,871959,1180283,Yes,High,5000000
4165,11,13,5,EdTech,Hyderabad,352559,1726109,Yes,High,5000000
4166,19,7,7,HealthTech,Hyderabad,874329,1221473,Yes,High,5000000
4167,19,4,7,CleanTech,Chennai,925527,1628709,Yes,High,5000000
4168,13,3,2,CleanTech,Delhi,1465956,1522646,Yes,High,5000000
4169,8,11,7,AI,Hyderabad,787180,2130298,Yes,High,5000000
4170,19,4,10,EdTech,Pune,1900962,2120395,Yes,High,5000000
4171,17,4,7,FinTech,Bangalore,1985724,1874950,No,Low,500000
4172,11,13,5,CleanTech,Mumbai,1733047,1541635,No,Low,500000
4173,4,12,2,E-Commerce,Kolkata,827995,1229430,Yes,High,5000000
4174,7,6,6,EdTech,Delhi,881206,1441562,Yes,High,5000000
4175,14,13,8,HealthTech,Kolkata,1147871,1154610,Yes,High,5000000
4176,9,10,1,CleanTech,Delhi,1577665,349609,No,Low,500000
4177,13,5,10,FinTech,Mumbai,1559148,2336172,Yes,High,5000000
4178,9,5,10,E-Commerce,Bangalore,576384,1968524,Yes,High,5000000
4179,5,12,3,FinTech,Mumbai,281098,461127,Yes,High,5000000
4180,12,14,6,AgriTech,Hyderabad,772261,1833397,Yes,High,5000000
4181,7,0,3,AgriTech,Pune,1503892,2110236,Yes,High,5000000
4182,3,0,5,FinTech,Hyderabad,1633994,1347152,No,Low,500000
4183,16,9,7,AgriTech,Kolkata,1925548,834582,No,Low,500000
4184,7,12,1,AI,Mumbai,1858836,1692851,No,Low,500000
4185,13,7,4,AI,Hyderabad,1344754,1169926,No,Low,500000
4186,3,9,3,AI,Pune,657015,279501,No,Low,500000
4187,17,13,9,EdTech,Chennai,415650,2252973,Yes,High,5000000
4188,13,3,2,AI,Bangalore,751232,775023,Yes,High,5000000
4189,14,0,1,EdTech,Pune,1967037,2401686,Yes,High,5000000
4190,3,1,4,AgriTech,Kolkata,707463,524448,No,Low,500000
4191,4,2,1,HealthTech,Kolkata,1576336,210751,No,Low,500000
4192,10,5,9,FinTech,Bangalore,549219,1719690,Yes,High,5000000
4193,19,11,10,AgriTech,Chennai,1696878,735653,No,Low,500000
4194,20,11,9,AgriTech,Chennai,1217492,2313368,Yes,High,5000000
4195,7,8,7,AgriTech,Kolkata,58020,1017896,Yes,High,5000000
4196,2,7,2,AgriTech,Kolkata,386998,328414,No,Low,500000
4197,10,1,5,EdTech,Delhi,1919950,614184,No,Low,500000
4198,3,11,9,AI,Delhi,1242713,256107,No,Low,500000
4199,3,5,3,EdTech,Chennai,723109,273530,No,Low,500000
4200,6,8,2,CleanTech,Kolkata,1593977,1557607,No,Low,500000
4201,20,10,10,AI,Kolkata,1416192,940521,No,Low,500000
4202,18,12,2,E-Commerce,Hyderabad,732204,1419961,Yes,High,5000000
4203,6,5,7,HealthTech,Delhi,579015,478994,No,Low,500000
4204,3,7,3,AgriTech,Hyderabad,791386,1507856,Yes,High,5000000
4205,2,12,7,EdTech,Bangalore,245001,1570561,Yes,High,5000000
4206,14,5,3,E-Commerce,Kolkata,1396878,161343,No,Low,500000
4207,9,6,4,E-Commerce,Delhi,1688534,680381,No,Low,500000
4208,15,4,2,CleanTech,Bangalore,893015,620506,No,Low,500000
4209,15,7,10,AgriTech,Hyderabad,288148,2067498,Yes,High,5000000
4210,14,12,4,FinTech,Bangalore,1441337,1047312,No,Low,500000
4211,3,6,8,FinTech,Delhi,1176184,2096901,Yes,High,5000000
4212,17,11,6,HealthTech,Kolkata,1609409,951593,No,Low,500000
4213,11,0,2,CleanTech,Mumbai,1639834,1629203,No,Low,500000
4214,16,11,6,AgriTech,Kolkata,685808,1762989,Yes,High,5000000
4215,19,0,5,CleanTech,Kolkata,1636915,544678,No,Low,500000
4216,2,0,10,E-Commerce,Hyderabad,1216587,372304,No,Low,500000
4217,14,11,1,E-Commerce,Chennai,575972,1411721,Yes,High,5000000
4218,20,0,1,HealthTech,Kolkata,866732,2259524,Yes,High,5000000
4219,2,4,2,HealthTech,Bangalore,1136294,2292884,Yes,High,5000000
4220,16,9,10,AI,Bangalore,1002817,763608,No,Low,500000
4221,5,3,5,AgriTech,Hyderabad,1605836,694435,No,Low,500000
4222,17,6,8,FinTech,Delhi,1637790,1813687,Yes,High,5000000
4223,12,6,3,CleanTech,Pune,438892,321701,No,Low,500000
4224,20,10,6,AI,Kolkata,788982,1193801,Yes,High,5000000
4225,4,15,1,EdTech,Kolkata,426804,2386027,Yes,High,5000000
4226,11,12,9,EdTech,Mumbai,881495,2254548,Yes,High,5000000
4227,18,12,10,AgriTech,Hyderabad,203257,101538,No,Low,500000
4228,2,5,7,E-Commerce,Bangalore,1479698,1200711,No,Low,500000
4229,16,7,1,EdTech,Chennai,154152,544113,Yes,High,5000000
4230,6,3,6,AI,Bangalore,625210,1144809,Yes,High,5000000
4231,6,1,6,CleanTech,Pune,1085198,689798,No,Low,500000
4232,18,6,10,CleanTech,Delhi,1216262,1602181,Yes,High,5000000
4233,6,8,8,HealthTech,Mumbai,452425,841249,Yes,High,5000000
4234,17,15,7,FinTech,Delhi,1236144,1404828,Yes,High,5000000
4235,17,3,5,AgriTech,Mumbai,1939289,176397,No,Low,500000
4236,4,7,4,EdTech,Chennai,166915,2293673,Yes,High,5000000
4237,17,15,5,EdTech,Pune,733622,2463642,Yes,High,5000000
4238,16,11,5,E-Commerce,Mumbai,698371,2337559,Yes,High,5000000
4239,14,8,7,AgriTech,Mumbai,1248310,1496185,Yes,High,5000000
4240,3,4,2,AI,Delhi,529228,375758,No,Low,500000
4241,19,8,8,E-Commerce,Delhi,1560900,1341292,No,Low,500000
4242,15,5,5,AgriTech,Bangalore,1888229,1980404,Yes,High,5000000
4243,19,10,4,AgriTech,Pune,1368199,1464044,Yes,High,5000000
4244,4,5,2,CleanTech,Hyderabad,1957170,1407904,No,Low,500000
4245,10,13,10,AI,Bangalore,1036739,720573,No,Low,500000
4246,19,12,9,CleanTech,Mumbai,1403146,1389233,No,Low,500000
4247,12,11,1,EdTech,Delhi,906372,1667487,Yes,High,5000000
4248,12,5,6,HealthTech,Kolkata,50329,2362169,Yes,High,5000000
4249,7,6,6,FinTech,Chennai,826537,2351010,Yes,High,5000000
4250,17,5,10,EdTech,Mumbai,232482,1641795,Yes,High,5000000
4251,18,9,5,AI,Kolkata,439413,1558137,Yes,High,5000000
4252,2,7,7,FinTech,Mumbai,772818,1913730,Yes,High,5000000
4253,18,12,3,AgriTech,Chennai,429074,1733508,Yes,High,5000000
4254,16,11,10,EdTech,Pune,1258935,1891857,Yes,High,5000000
4255,10,8,9,AgriTech,Chennai,1600887,1243035,No,Low,500000
4256,19,14,3,HealthTech,Chennai,1977254,347368,No,Low,500000
4257,5,2,4,HealthTech,Chennai,280150,536038,Yes,High,5000000
4258,12,8,4,FinTech,Bangalore,786534,1105368,Yes,High,5000000
4259,15,13,2,AgriTech,Hyderabad,943461,449525,No,Low,500000
4260,11,0,3,FinTech,Delhi,1914486,970679,No,Low,500000
4261,14,1,8,EdTech,Kolkata,364419,441549,Yes,High,5000000
4262,5,0,2,AgriTech,Chennai,122085,1036318,Yes,High,5000000
4263,10,7,9,HealthTech,Chennai,405984,483109,Yes,High,5000000
4264,20,12,6,AI,Delhi,613093,805028,Yes,High,5000000
4265,5,3,1,AgriTech,Chennai,318278,2316367,Yes,High,5000000
4266,5,0,3,E-Commerce,Hyderabad,1544504,2133544,Yes,High,5000000
4267,20,14,7,EdTech,Delhi,646170,630224,No,Low,500000
4268,3,14,5,HealthTech,Chennai,102984,1887812,Yes,High,5000000
4269,13,1,10,HealthTech,Delhi,1554787,2387766,Yes,High,5000000
4270,2,10,9,AI,Kolkata,742755,2020633,Yes,High,5000000
4271,15,1,6,HealthTech,Pune,1669207,506065,No,Low,500000
4272,5,2,4,E-Commerce,Chennai,309083,1832967,Yes,High,5000000
4273,7,1,10,FinTech,Chennai,1627648,2317663,Yes,High,5000000
4274,4,9,6,E-Commerce,Kolkata,554214,1303620,Yes,High,5000000
4275,5,9,9,AgriTech,Delhi,1459131,102248,No,Low,500000
4276,5,3,2,CleanTech,Kolkata,1260024,363456,No,Low,500000
4277,20,9,7,AI,Delhi,940628,172931,No,Low,500000
4278,5,14,6,CleanTech,Mumbai,1917265,2174120,Yes,High,5000000
4279,5,13,7,E-Commerce,Delhi,1049776,2429835,Yes,High,5000000
4280,10,2,1,EdTech,Bangalore,1097655,1933683,Yes,High,5000000
4281,18,0,6,CleanTech,Pune,1081674,666624,No,Low,500000
4282,16,1,7,E-Commerce,Hyderabad,1183195,1840993,Yes,High,5000000
4283,4,0,10,AgriTech,Bangalore,702843,304096,No,Low,500000
4284,16,8,8,FinTech,Chennai,1266364,1943506,Yes,High,5000000
4285,3,0,2,E-Commerce,Hyderabad,654253,681995,Yes,High,5000000
4286,7,7,7,AI,Delhi,1236793,1800339,Yes,High,5000000
4287,9,15,7,EdTech,Chennai,1713661,2484987,Yes,High,5000000
4288,6,1,4,FinTech,Bangalore,1642859,160003,No,Low,500000
4289,6,5,10,AI,Pune,1457299,2146065,Yes,High,5000000
4290,10,1,4,E-Commerce,Delhi,1999108,1729700,No,Low,500000
4291,15,12,8,E-Commerce,Pune,92917,1424892,Yes,High,5000000
4292,3,11,9,AgriTech,Delhi,443337,941617,Yes,High,5000000
4293,11,15,4,AgriTech,Bangalore,406617,848349,Yes,High,5000000
4294,10,1,10,AgriTech,Chennai,1179967,1023246,No,Low,500000
4295,5,7,5,AgriTech,Chennai,623491,55214,No,Low,500000
4296,15,11,5,AgriTech,Chennai,634225,2483317,Yes,High,5000000
4297,12,8,2,E-Commerce,Mumbai,1949453,256592,No,Low,500000
4298,5,12,3,AgriTech,Pune,1143635,1290916,Yes,High,5000000
4299,15,14,7,AI,Pune,1635604,1301142,No,Low,500000
4300,18,0,7,HealthTech,Hyderabad,1004772,2447855,Yes,High,5000000
4301,15,13,8,EdTech,Mumbai,1020778,2140150,Yes,High,5000000
4302,13,15,2,CleanTech,Pune,472503,2484491,Yes,High,5000000
4303,7,3,6,CleanTech,Hyderabad,637131,177314,No,Low,500000
4304,15,4,1,E-Commerce,Delhi,1683087,1304633,No,Low,500000
4305,12,5,2,AgriTech,Mumbai,923673,1403553,Yes,High,5000000
4306,11,9,7,HealthTech,Pune,326290,1271973,Yes,High,5000000
4307,4,12,8,EdTech,Mumbai,1992038,1241459,No,Low,500000
4308,9,8,8,E-Commerce,Mumbai,1227315,1560123,Yes,High,5000000
4309,2,9,8,AgriTech,Pune,588030,1763767,Yes,High,5000000
4310,11,5,9,E-Commerce,Mumbai,879602,1372636,Yes,High,5000000
4311,9,10,8,CleanTech,Chennai,1225184,1686927,Yes,High,5000000
4312,15,7,8,FinTech,Delhi,1169921,867256,No,Low,500000
4313,14,12,7,AI,Hyderabad,1062607,1105477,Yes,High,5000000
4314,15,11,4,CleanTech,Pune,127625,1996030,Yes,High,5000000
4315,10,4,9,E-Commerce,Chennai,258664,1070311,Yes,High,5000000
4316,2,4,4,AgriTech,Bangalore,1279424,530252,No,Low,500000
4317,7,9,7,HealthTech,Delhi,202499,1151639,Yes,High,5000000
4318,7,14,3,AI,Pune,1627755,988110,No,Low,500000
4319,17,0,1,E-Commerce,Delhi,250083,318260,Yes,High,5000000
4320,2,4,8,E-Commerce,Pune,1704899,994815,No,Low,500000
4321,15,10,2,AgriTech,Delhi,63699,2266919,Yes,High,5000000
4322,10,0,5,EdTech,Chennai,1452473,356537,No,Low,500000
4323,5,6,8,FinTech,Delhi,1423240,2141429,Yes,High,5000000
4324,18,8,8,E-Commerce,Bangalore,1877050,733069,No,Low,500000
4325,20,11,8,HealthTech,Chennai,649868,350550,No,Low,500000
4326,19,2,2,AgriTech,Hyderabad,1401098,1193562,No,Low,500000
4327,8,14,3,AgriTech,Pune,1714525,295330,No,Low,500000
4328,11,12,6,EdTech,Bangalore,583575,936879,Yes,High,5000000
4329,18,14,6,FinTech,Kolkata,975696,1578796,Yes,High,5000000
4330,8,7,1,HealthTech,Chennai,753467,845783,Yes,High,5000000
4331,6,11,8,AI,Pune,1441025,615776,No,Low,500000
4332,3,1,1,E-Commerce,Hyderabad,764586,553659,No,Low,500000
4333,19,2,3,EdTech,Mumbai,170559,2047470,Yes,High,5000000
4334,13,4,6,E-Commerce,Kolkata,1658527,33541,No,Low,500000
4335,10,0,6,AI,Delhi,102197,493576,Yes,High,5000000
4336,6,8,4,CleanTech,Kolkata,608034,2145970,Yes,High,5000000
4337,6,13,3,CleanTech,Mumbai,160069,1690010,Yes,High,5000000
4338,11,0,6,AI,Chennai,325041,1897832,Yes,High,5000000
4339,3,14,1,HealthTech,Bangalore,758838,2330137,Yes,High,5000000
4340,9,1,7,E-Commerce,Kolkata,1564035,1159237,No,Low,500000
4341,17,10,5,AI,Chennai,827983,279177,No,Low,500000
4342,7,0,9,EdTech,Bangalore,506977,1318656,Yes,High,5000000
4343,7,3,10,HealthTech,Hyderabad,1163560,513184,No,Low,500000
4344,16,9,3,AI,Delhi,1320063,61014,No,Low,500000
4345,16,10,4,AgriTech,Kolkata,348501,618302,Yes,High,5000000
4346,17,11,8,AI,Bangalore,1231691,1058803,No,Low,500000
4347,20,12,8,EdTech,Pune,1200804,1417501,Yes,High,5000000
4348,7,3,6,HealthTech,Bangalore,1274462,318863,No,Low,500000
4349,9,2,5,AgriTech,Kolkata,662745,1992106,Yes,High,5000000
4350,2,11,1,CleanTech,Pune,631515,1433251,Yes,High,5000000
4351,12,15,8,CleanTech,Pune,1030271,586201,No,Low,500000
4352,11,0,4,CleanTech,Hyderabad,334293,47625,No,Low,500000
4353,6,7,4,EdTech,Mumbai,1334083,1655042,Yes,High,5000000
4354,17,8,3,FinTech,Kolkata,1730482,268418,No,Low,500000
4355,14,0,3,HealthTech,Hyderabad,288647,475486,Yes,High,5000000
4356,16,13,5,FinTech,Hyderabad,355724,156769,No,Low,500000
4357,20,2,2,E-Commerce,Mumbai,1525473,1160217,No,Low,500000
4358,16,10,1,CleanTech,Bangalore,1554253,1564957,Yes,High,5000000
4359,14,13,1,AI,Hyderabad,1572512,741904,No,Low,500000
4360,19,11,8,E-Commerce,Bangalore,1053867,1803112,Yes,High,5000000
4361,18,8,6,AI,Chennai,1138107,169049,No,Low,500000
4362,5,9,8,AgriTech,Hyderabad,1501690,2214335,Yes,High,5000000
4363,2,4,2,EdTech,Kolkata,886004,2142491,Yes,High,5000000
4364,6,7,9,E-Commerce,Pune,824386,1335770,Yes,High,5000000
4365,18,12,6,CleanTech,Mumbai,1981425,1559272,No,Low,500000
4366,14,11,6,EdTech,Delhi,988411,2490245,Yes,High,5000000
4367,7,13,4,HealthTech,Hyderabad,455116,534118,Yes,High,5000000
4368,16,14,3,AgriTech,Bangalore,1822976,185924,No,Low,500000
4369,4,5,1,E-Commerce,Delhi,451405,684631,Yes,High,5000000
4370,13,8,7,AgriTech,Chennai,551331,770002,Yes,High,5000000
4371,20,4,1,HealthTech,Pune,151713,372911,Yes,High,5000000
4372,12,9,4,CleanTech,Pune,1527199,609522,No,Low,500000
4373,6,4,5,AI,Kolkata,1078911,1855763,Yes,High,5000000
4374,8,7,6,EdTech,Chennai,180974,316040,Yes,High,5000000
4375,14,13,4,AI,Pune,1910674,1569894,No,Low,500000
4376,12,4,4,EdTech,Kolkata,653152,1173488,Yes,High,5000000
4377,15,12,5,AgriTech,Chennai,136523,1536829,Yes,High,5000000
4378,14,7,3,CleanTech,Chennai,445517,1463598,Yes,High,5000000
4379,6,5,8,AI,Chennai,1386532,1696773,Yes,High,5000000
4380,14,14,3,E-Commerce,Chennai,1254729,1333070,Yes,High,5000000
4381,17,7,8,AgriTech,Bangalore,846080,2285980,Yes,High,5000000
4382,17,13,2,AI,Mumbai,836804,493529,No,Low,500000
4383,10,6,4,CleanTech,Bangalore,1890670,1321848,No,Low,500000
4384,10,1,9,EdTech,Mumbai,1145666,1249920,Yes,High,5000000
4385,17,5,9,EdTech,Pune,532097,112438,No,Low,500000
4386,3,4,4,E-Commerce,Chennai,1090752,1170089,Yes,High,5000000
4387,5,4,5,AI,Bangalore,171158,182545,Yes,High,5000000
4388,6,15,8,AgriTech,Pune,302818,1896668,Yes,High,5000000
4389,3,10,8,EdTech,Pune,1063030,105223,No,Low,500000
4390,19,10,2,FinTech,Mumbai,1912956,1615666,No,Low,500000
4391,6,8,5,FinTech,Hyderabad,869472,1472150,Yes,High,5000000
4392,7,8,3,E-Commerce,Hyderabad,295793,2266258,Yes,High,5000000
4393,8,15,3,EdTech,Pune,1468657,677068,No,Low,500000
4394,2,0,3,AI,Kolkata,258702,2340050,Yes,High,5000000
4395,14,14,7,AgriTech,Delhi,560543,109494,No,Low,500000
4396,8,0,8,AI,Pune,1820726,811268,No,Low,500000
4397,19,6,5,AI,Kolkata,883188,317507,No,Low,500000
4398,6,14,5,E-Commerce,Chennai,1796422,442274,No,Low,500000
4399,16,10,4,HealthTech,Kolkata,1394686,628400,No,Low,500000
4400,14,7,8,AgriTech,Mumbai,1526591,276010,No,Low,500000
4401,17,13,8,AgriTech,Pune,243667,489396,Yes,High,5000000
4402,3,13,6,AI,Kolkata,1718394,2300385,Yes,High,5000000
4403,16,5,10,EdTech,Bangalore,944422,2282586,Yes,High,5000000
4404,12,13,2,CleanTech,Pune,1146536,346560,No,Low,500000
4405,20,4,3,HealthTech,Chennai,1704872,573738,No,Low,500000
4406,10,15,4,FinTech,Chennai,1840295,1610364,No,Low,500000
4407,3,10,3,EdTech,Hyderabad,109357,1048694,Yes,High,5000000
4408,4,0,9,AgriTech,Kolkata,1508814,1291310,No,Low,500000
4409,20,10,9,CleanTech,Mumbai,508953,1201799,Yes,High,5000000
4410,17,14,7,E-Commerce,Bangalore,111078,736238,Yes,High,5000000
4411,11,1,7,E-Commerce,Mumbai,299835,938047,Yes,High,5000000
4412,10,15,8,AgriTech,Mumbai,949901,1785773,Yes,High,5000000
4413,2,5,7,EdTech,Kolkata,1913032,1770758,No,Low,500000
4414,11,2,7,FinTech,Delhi,901270,719173,No,Low,500000
4415,17,12,1,AgriTech,Mumbai,880407,1177498,Yes,High,5000000
4416,2,1,9,AgriTech,Bangalore,944214,708243,No,Low,500000
4417,15,3,3,FinTech,Kolkata,609395,631958,Yes,High,5000000
4418,17,8,8,EdTech,Bangalore,1212455,2313004,Yes,High,5000000
4419,15,14,7,AI,Mumbai,1078584,919770,No,Low,500000
4420,5,6,10,EdTech,Chennai,321444,617706,Yes,High,5000000
4421,3,0,1,EdTech,Delhi,1625492,1012603,No,Low,500000
4422,17,6,2,AgriTech,Chennai,1196691,365475,No,Low,500000
4423,10,0,5,HealthTech,Bangalore,1111637,313867,No,Low,500000
4424,19,2,3,AI,Delhi,1886423,204086,No,Low,500000
4425,12,6,6,CleanTech,Hyderabad,1717151,268187,No,Low,500000
4426,16,6,2,E-Commerce,Bangalore,1783277,304839,No,Low,500000
4427,7,15,5,AI,Hyderabad,1529858,1586892,Yes,High,5000000
4428,20,13,2,FinTech,Delhi,338678,1260928,Yes,High,5000000
4429,15,10,6,E-Commerce,Delhi,1315197,2212383,Yes,High,5000000
4430,15,13,5,CleanTech,Kolkata,1775293,2287438,Yes,High,5000000
4431,17,14,10,AgriTech,Pune,1985700,762539,No,Low,500000
4432,17,14,6,E-Commerce,Chennai,1205956,546930,No,Low,500000
4433,3,8,3,E-Commerce,Delhi,1172333,244261,No,Low,500000
4434,5,0,6,E-Commerce,Chennai,1251085,1693643,Yes,High,5000000
4435,18,10,4,AI,Hyderabad,824188,1479072,Yes,High,5000000
4436,20,2,3,AgriTech,Delhi,275613,84160,No,Low,500000
4437,4,2,7,HealthTech,Chennai,1627340,272802,No,Low,500000
4438,12,4,6,HealthTech,Delhi,442744,2278351,Yes,High,5000000
4439,13,8,7,HealthTech,Mumbai,582333,178294,No,Low,500000
4440,7,0,3,AI,Bangalore,760854,887494,Yes,High,5000000
4441,19,6,2,FinTech,Kolkata,707028,248324,No,Low,500000
4442,18,10,10,E-Commerce,Delhi,1601522,2086097,Yes,High,5000000
4443,2,6,2,AgriTech,Bangalore,634424,881025,Yes,High,5000000
4444,6,3,9,AgriTech,Delhi,1957175,1637747,No,Low,500000
4445,13,14,8,FinTech,Chennai,64512,147408,Yes,High,5000000
4446,2,7,4,HealthTech,Hyderabad,643898,1521533,Yes,High,5000000
4447,13,1,5,AI,Kolkata,169062,1414183,Yes,High,5000000
4448,12,4,10,AI,Bangalore,1461930,1627711,Yes,High,5000000
4449,20,15,5,FinTech,Mumbai,1125652,215764,No,Low,500000
4450,9,1,9,AgriTech,Pune,212187,1408832,Yes,High,5000000
4451,9,13,6,AgriTech,Kolkata,370999,2059641,Yes,High,5000000
4452,19,3,5,E-Commerce,Pune,422045,1249930,Yes,High,5000000
4453,8,15,6,E-Commerce,Hyderabad,1377328,1857074,Yes,High,5000000
4454,15,12,3,AgriTech,Delhi,1403460,276681,No,Low,500000
4455,10,15,5,E-Commerce,Chennai,417508,2339012,Yes,High,5000000
4456,8,5,1,E-Commerce,Bangalore,776527,1158100,Yes,High,5000000
4457,4,5,3,HealthTech,Kolkata,1336470,1251326,No,Low,500000
4458,6,15,8,EdTech,Hyderabad,705117,2155578,Yes,High,5000000
4459,13,12,4,AgriTech,Chennai,361138,1513705,Yes,High,5000000
4460,10,6,10,AgriTech,Pune,320950,1944760,Yes,High,5000000
4461,12,8,7,HealthTech,Bangalore,884022,1085413,Yes,High,5000000
4462,7,12,6,HealthTech,Hyderabad,785632,654346,No,Low,500000
4463,6,15,6,AgriTech,Mumbai,612381,2379084,Yes,High,5000000
4464,15,10,2,FinTech,Kolkata,1184654,642792,No,Low,500000
4465,7,6,8,FinTech,Mumbai,659402,593825,No,Low,500000
4466,15,9,4,EdTech,Pune,811015,1555970,Yes,High,5000000
4467,10,12,4,AgriTech,Pune,364732,2071556,Yes,High,5000000
4468,2,14,4,FinTech,Kolkata,1086933,2389360,Yes,High,5000000
4469,15,11,9,AgriTech,Kolkata,1466482,2403151,Yes,High,5000000
4470,6,15,7,FinTech,Mumbai,1010029,1482157,Yes,High,5000000
4471,11,0,1,AI,Delhi,1460959,1226237,No,Low,500000
4472,20,2,10,E-Commerce,Pune,1831805,2372611,Yes,High,5000000
4473,3,3,1,EdTech,Kolkata,104248,2013000,Yes,High,5000000
4474,15,10,10,HealthTech,Delhi,119516,1304951,Yes,High,5000000
4475,15,10,4,AgriTech,Pune,1613005,472309,No,Low,500000
4476,17,0,3,FinTech,Mumbai,193004,1172871,Yes,High,5000000
4477,9,10,7,E-Commerce,Hyderabad,1127566,453269,No,Low,500000
4478,6,13,7,CleanTech,Chennai,1626124,2130995,Yes,High,5000000
4479,13,3,6,AgriTech,Delhi,1520688,581605,No,Low,500000
4480,11,12,9,AI,Hyderabad,1478984,1774936,Yes,High,5000000
4481,3,0,6,E-Commerce,Bangalore,159072,891234,Yes,High,5000000
4482,2,9,3,AgriTech,Delhi,231010,1523945,Yes,High,5000000
4483,3,0,10,E-Commerce,Mumbai,928961,1313272,Yes,High,5000000
4484,17,11,7,E-Commerce,Hyderabad,1055898,2234107,Yes,High,5000000
4485,7,1,1,HealthTech,Pune,1718159,983122,No,Low,500000
4486,6,14,5,HealthTech,Pune,1215407,803776,No,Low,500000
4487,4,0,8,FinTech,Pune,1089659,1646765,Yes,High,5000000
4488,12,4,2,E-Commerce,Bangalore,1756670,2295256,Yes,High,5000000
4489,15,0,8,AgriTech,Kolkata,891306,132754,No,Low,500000
4490,7,9,7,EdTech,Delhi,1085215,134496,No,Low,500000
4491,14,10,1,AgriTech,Bangalore,1706353,232661,No,Low,500000
4492,9,13,2,E-Commerce,Bangalore,1645798,212467,No,Low,500000
4493,19,0,10,FinTech,Bangalore,240484,680030,Yes,High,5000000
4494,12,11,6,CleanTech,Hyderabad,1003327,1735216,Yes,High,5000000
4495,11,6,7,CleanTech,Delhi,1114952,315172,No,Low,500000
4496,15,8,7,FinTech,Chennai,1320148,935807,No,Low,500000
4497,9,12,3,EdTech,Mumbai,861288,776213,No,Low,500000
4498,18,7,10,HealthTech,Kolkata,134695,259137,Yes,High,5000000
4499,3,0,7,AgriTech,Mumbai,293135,1424602,Yes,High,5000000
4500,3,6,10,AgriTech,Hyderabad,1005467,1657905,Yes,High,5000000
4501,16,8,8,CleanTech,Hyderabad,1110152,2093734,Yes,High,5000000
4502,5,11,5,HealthTech,Chennai,1967153,1094212,No,Low,500000
4503,17,9,10,AgriTech,Chennai,525802,1295600,Yes,High,5000000
4504,20,3,8,HealthTech,Bangalore,1107050,1567911,Yes,High,5000000
4505,12,0,9,E-Commerce,Kolkata,1875576,1500187,No,Low,500000
4506,9,4,4,E-Commerce,Chennai,1304716,2155662,Yes,High,5000000
4507,6,15,1,AI,Mumbai,1532459,140955,No,Low,500000
4508,17,11,3,EdTech,Delhi,1063300,1414510,Yes,High,5000000
4509,14,12,8,E-Commerce,Pune,887310,2142861,Yes,High,5000000
4510,16,9,3,E-Commerce,Bangalore,1497816,785425,No,Low,500000
4511,2,15,2,E-Commerce,Delhi,1323889,1760929,Yes,High,5000000
4512,17,8,6,EdTech,Hyderabad,1219128,922498,No,Low,500000
4513,15,9,6,E-Commerce,Bangalore,1090332,1021046,No,Low,500000
4514,7,0,5,AgriTech,Mumbai,888687,512605,No,Low,500000
4515,2,14,10,FinTech,Hyderabad,799472,1051079,Yes,High,5000000
4516,4,6,5,AgriTech,Bangalore,835120,718903,No,Low,500000
4517,7,8,8,E-Commerce,Bangalore,916801,1015216,Yes,High,5000000
4518,18,15,10,E-Commerce,Chennai,1864904,1863407,No,Low,500000
4519,3,10,1,HealthTech,Bangalore,342087,874810,Yes,High,5000000
4520,12,1,4,HealthTech,Pune,1047816,2086406,Yes,High,5000000
4521,7,4,2,FinTech,Pune,312147,1741065,Yes,High,5000000
4522,7,1,4,E-Commerce,Chennai,1082847,2090175,Yes,High,5000000
4523,16,1,8,EdTech,Pune,477026,1394316,Yes,High,5000000
4524,19,14,10,E-Commerce,Pune,1080151,724977,No,Low,500000
4525,16,2,7,HealthTech,Bangalore,1296946,484531,No,Low,500000
4526,12,2,7,CleanTech,Mumbai,408821,1367530,Yes,High,5000000
4527,16,9,9,E-Commerce,Bangalore,1734777,343533,No,Low,500000
4528,11,5,1,HealthTech,Kolkata,415268,1006334,Yes,High,5000000
4529,5,10,2,EdTech,Bangalore,898408,2283902,Yes,High,5000000
4530,7,3,2,CleanTech,Delhi,687160,2492348,Yes,High,5000000
4531,19,6,3,EdTech,Bangalore,702760,1623254,Yes,High,5000000
4532,2,1,2,CleanTech,Kolkata,1143000,2161847,Yes,High,5000000
4533,5,5,8,FinTech,Chennai,1561865,1456293,No,Low,500000
4534,5,6,1,AgriTech,Bangalore,104349,692302,Yes,High,5000000
4535,5,6,2,EdTech,Mumbai,140102,2457181,Yes,High,5000000
4536,8,10,8,AgriTech,Delhi,767636,2320089,Yes,High,5000000
4537,13,5,5,AI,Pune,1916064,680936,No,Low,500000
4538,7,5,9,EdTech,Pune,1399686,1658325,Yes,High,5000000
4539,14,15,1,FinTech,Delhi,306950,1597426,Yes,High,5000000
4540,17,7,1,AI,Bangalore,385899,1049836,Yes,High,5000000
4541,20,14,6,AgriTech,Hyderabad,1600704,890941,No,Low,500000
4542,13,4,2,E-Commerce,Pune,1862521,1870789,Yes,High,5000000
4543,8,8,2,EdTech,Pune,1561760,263551,No,Low,500000
4544,18,10,5,E-Commerce,Hyderabad,108672,2008257,Yes,High,5000000
4545,16,9,3,EdTech,Chennai,681063,694489,Yes,High,5000000
4546,3,13,3,HealthTech,Pune,702784,450513,No,Low,500000
4547,6,14,4,EdTech,Delhi,1602945,827856,No,Low,500000
4548,19,11,2,FinTech,Delhi,411647,1921518,Yes,High,5000000
4549,20,5,6,E-Commerce,Delhi,177925,915679,Yes,High,5000000
4550,18,4,3,FinTech,Chennai,220282,413466,Yes,High,5000000
4551,10,15,4,CleanTech,Pune,805725,1283840,Yes,High,5000000
4552,3,13,2,CleanTech,Chennai,695318,721565,Yes,High,5000000
4553,12,0,3,FinTech,Kolkata,387929,187155,No,Low,500000
4554,5,8,9,HealthTech,Kolkata,641319,1872219,Yes,High,5000000
4555,2,0,1,E-Commerce,Hyderabad,1779621,157317,No,Low,500000
4556,14,9,4,CleanTech,Pune,277223,63431,No,Low,500000
4557,6,15,4,EdTech,Pune,849276,1119760,Yes,High,5000000
4558,12,1,8,HealthTech,Delhi,518436,62843,No,Low,500000
4559,16,5,2,FinTech,Bangalore,1512117,949047,No,Low,500000
4560,17,1,8,AgriTech,Pune,528554,2280669,Yes,High,5000000
4561,19,13,7,CleanTech,Delhi,1871104,876253,No,Low,500000
4562,13,10,4,FinTech,Delhi,494008,2088451,Yes,High,5000000
4563,17,11,2,CleanTech,Pune,1953524,978470,No,Low,500000
4564,5,4,8,AgriTech,Hyderabad,188775,2455787,Yes,High,5000000
4565,10,14,8,CleanTech,Hyderabad,164200,2184434,Yes,High,5000000
4566,19,2,8,HealthTech,Hyderabad,1917181,988437,No,Low,500000
4567,19,14,5,HealthTech,Chennai,1878751,1959305,Yes,High,5000000
4568,20,10,5,E-Commerce,Delhi,109235,1429167,Yes,High,5000000
4569,10,10,10,EdTech,Hyderabad,1274519,1942181,Yes,High,5000000
4570,2,10,8,AgriTech,Delhi,1810357,884293,No,Low,500000
4571,17,8,4,AI,Hyderabad,180907,280627,Yes,High,5000000
4572,2,15,5,E-Commerce,Chennai,119875,150852,Yes,High,5000000
4573,6,6,9,HealthTech,Delhi,693452,567951,No,Low,500000
4574,9,7,4,E-Commerce,Hyderabad,584075,1781645,Yes,High,5000000
4575,4,8,4,HealthTech,Delhi,1031928,1919731,Yes,High,5000000
4576,9,7,8,AI,Kolkata,64033,373106,Yes,High,5000000
4577,20,13,2,CleanTech,Pune,279273,2288810,Yes,High,5000000
4578,20,0,3,FinTech,Mumbai,872491,184943,No,Low,500000
4579,20,8,1,AgriTech,Hyderabad,1441738,1616556,Yes,High,5000000
4580,18,14,10,HealthTech,Mumbai,1375166,415985,No,Low,500000
4581,5,6,4,HealthTech,Chennai,1904907,418793,No,Low,500000
4582,12,4,8,AI,Bangalore,480913,397761,No,Low,500000
4583,3,14,9,FinTech,Hyderabad,380009,603013,Yes,High,5000000
4584,11,12,5,FinTech,Bangalore,555719,2125401,Yes,High,5000000
4585,14,7,9,AI,Chennai,1794585,1556713,No,Low,500000
4586,16,6,2,E-Commerce,Chennai,695557,1746022,Yes,High,5000000
4587,11,9,10,CleanTech,Delhi,177919,2378775,Yes,High,5000000
4588,7,7,6,EdTech,Pune,821305,1427339,Yes,High,5000000
4589,8,8,10,AI,Chennai,446840,1410920,Yes,High,5000000
4590,9,4,1,AI,Chennai,313117,1600267,Yes,High,5000000
4591,19,6,8,E-Commerce,Chennai,310604,1173529,Yes,High,5000000
4592,4,7,4,EdTech,Bangalore,738708,1808372,Yes,High,5000000
4593,6,8,8,HealthTech,Delhi,1791833,1041325,No,Low,500000
4594,19,4,6,FinTech,Hyderabad,851526,459181,No,Low,500000
4595,14,15,6,HealthTech,Chennai,1333835,837594,No,Low,500000
4596,19,9,8,AI,Mumbai,1022900,1692235,Yes,High,5000000
4597,5,13,9,EdTech,Hyderabad,150236,1943931,Yes,High,5000000
4598,11,6,7,CleanTech,Chennai,69601,28313,No,Low,500000
4599,19,12,8,CleanTech,Kolkata,1411682,2328845,Yes,High,5000000
4600,20,13,3,AI,Delhi,319664,2413198,Yes,High,5000000
4601,10,4,3,HealthTech,Delhi,858992,913870,Yes,High,5000000
4602,12,8,9,FinTech,Kolkata,870551,644808,No,Low,500000
4603,4,2,9,EdTech,Mumbai,1583882,1568076,No,Low,500000
4604,4,15,9,CleanTech,Bangalore,114207,790530,Yes,High,5000000
4605,8,0,8,E-Commerce,Mumbai,1633973,1295998,No,Low,500000
4606,20,3,6,CleanTech,Hyderabad,1553001,1443495,No,Low,500000
4607,18,8,7,FinTech,Kolkata,1177117,1301608,Yes,High,5000000
4608,9,11,7,AI,Delhi,316243,2258225,Yes,High,5000000
4609,11,4,5,CleanTech,Chennai,1932262,1275204,No,Low,500000
4610,16,0,1,FinTech,Hyderabad,723832,2217211,Yes,High,5000000
4611,15,3,4,FinTech,Delhi,412172,432429,Yes,High,5000000
4612,18,11,5,AI,Mumbai,913759,516348,No,Low,500000
4613,12,0,5,HealthTech,Pune,1048458,1142289,Yes,High,5000000
4614,15,8,8,CleanTech,Chennai,1646709,801863,No,Low,500000
4615,19,12,8,AI,Hyderabad,1159935,2474684,Yes,High,5000000
4616,15,2,7,HealthTech,Delhi,1829832,1634323,No,Low,500000
4617,14,12,9,AgriTech,Hyderabad,1322793,260319,No,Low,500000
4618,20,3,4,HealthTech,Delhi,172159,1009032,Yes,High,5000000
4619,15,11,7,CleanTech,Kolkata,1766962,158885,No,Low,500000
4620,13,15,4,FinTech,Hyderabad,885120,2449493,Yes,High,5000000
4621,17,11,4,AI,Kolkata,869317,529122,No,Low,500000
4622,19,2,10,AI,Chennai,696592,2427801,Yes,High,5000000
4623,16,7,10,EdTech,Bangalore,550180,2480253,Yes,High,5000000
4624,5,1,8,AgriTech,Kolkata,537530,2214898,Yes,High,5000000
4625,15,4,8,E-Commerce,Pune,363196,1811856,Yes,High,5000000
4626,20,5,5,FinTech,Hyderabad,1559311,1157334,No,Low,500000
4627,14,15,1,AI,Bangalore,725767,1861518,Yes,High,5000000
4628,14,8,7,E-Commerce,Hyderabad,1884257,1801254,No,Low,500000
4629,17,15,6,HealthTech,Delhi,435442,2489587,Yes,High,5000000
4630,12,0,10,EdTech,Pune,1206781,1977249,Yes,High,5000000
4631,7,10,9,CleanTech,Mumbai,1139079,920198,No,Low,500000
4632,15,5,6,FinTech,Hyderabad,1763360,2218918,Yes,High,5000000
4633,17,4,6,AI,Bangalore,190949,1038081,Yes,High,5000000
4634,13,8,8,EdTech,Hyderabad,367702,1998790,Yes,High,5000000
4635,12,2,4,E-Commerce,Hyderabad,1443979,591127,No,Low,500000
4636,3,6,4,EdTech,Bangalore,1309176,2315665,Yes,High,5000000
4637,12,6,6,E-Commerce,Mumbai,1355886,2467260,Yes,High,5000000
4638,18,7,8,AI,Delhi,1794537,1129169,No,Low,500000
4639,10,9,10,CleanTech,Pune,1982542,903358,No,Low,500000
4640,6,8,10,E-Commerce,Pune,1031425,2087104,Yes,High,5000000
4641,6,13,4,FinTech,Pune,1121004,2351894,Yes,High,5000000
4642,7,10,4,FinTech,Hyderabad,1717126,831502,No,Low,500000
4643,5,13,4,AgriTech,Mumbai,1181539,92110,No,Low,500000
4644,12,10,3,CleanTech,Pune,813008,2002718,Yes,High,5000000
4645,12,13,1,AgriTech,Mumbai,1282280,479321,No,Low,500000
4646,12,14,4,AgriTech,Kolkata,1177151,1437105,Yes,High,5000000
4647,9,5,5,CleanTech,Bangalore,1640992,1277120,No,Low,500000
4648,13,3,1,AI,Bangalore,1409022,1534434,Yes,High,5000000
4649,13,9,7,HealthTech,Mumbai,1385429,1179050,No,Low,500000
4650,17,12,4,CleanTech,Pune,1662309,245273,No,Low,500000
4651,6,2,5,AgriTech,Kolkata,1977973,1196372,No,Low,500000
4652,6,1,4,FinTech,Bangalore,489086,953512,Yes,High,5000000
4653,9,1,3,E-Commerce,Pune,902078,1654729,Yes,High,5000000
4654,2,3,7,E-Commerce,Chennai,1528318,327358,No,Low,500000
4655,11,10,1,CleanTech,Hyderabad,1220604,1701107,Yes,High,5000000
4656,6,15,8,HealthTech,Mumbai,913139,1440612,Yes,High,5000000
4657,8,7,8,E-Commerce,Chennai,922759,1364115,Yes,High,5000000
4658,2,6,2,EdTech,Pune,612106,1140912,Yes,High,5000000
4659,17,7,6,FinTech,Mumbai,1077409,2254617,Yes,High,5000000
4660,12,3,10,FinTech,Chennai,120305,1734771,Yes,High,5000000
4661,16,6,1,FinTech,Delhi,1576029,2280561,Yes,High,5000000
4662,5,9,1,AgriTech,Pune,1847662,755817,No,Low,500000
4663,13,9,3,FinTech,Pune,1080239,1855737,Yes,High,5000000
4664,20,0,6,E-Commerce,Mumbai,1780366,2271634,Yes,High,5000000
4665,13,1,3,AgriTech,Hyderabad,666930,688498,Yes,High,5000000
4666,2,14,7,AgriTech,Mumbai,335029,271082,No,Low,500000
4667,2,10,10,FinTech,Chennai,526221,270846,No,Low,500000
4668,19,6,7,CleanTech,Chennai,760119,1023215,Yes,High,5000000
4669,16,2,4,E-Commerce,Chennai,1324024,1540765,Yes,High,5000000
4670,20,9,10,AgriTech,Hyderabad,883185,683922,No,Low,500000
4671,9,14,7,HealthTech,Pune,1731810,1677669,No,Low,500000
4672,16,9,8,HealthTech,Kolkata,285515,384325,Yes,High,5000000
4673,8,5,8,HealthTech,Pune,1593203,416871,No,Low,500000
4674,9,11,3,AgriTech,Mumbai,1216721,2030355,Yes,High,5000000
4675,13,11,4,EdTech,Bangalore,484397,772264,Yes,High,5000000
4676,5,1,7,CleanTech,Mumbai,571504,2210242,Yes,High,5000000
4677,9,2,8,FinTech,Delhi,1117466,1389634,Yes,High,5000000
4678,20,9,3,FinTech,Bangalore,660586,2475911,Yes,High,5000000
4679,15,12,5,AI,Hyderabad,1948155,233395,No,Low,500000
4680,4,4,10,HealthTech,Mumbai,1297618,720936,No,Low,500000
4681,2,2,1,AgriTech,Delhi,724253,1757244,Yes,High,5000000
4682,7,0,5,CleanTech,Hyderabad,1738565,388352,No,Low,500000
4683,2,4,10,EdTech,Pune,1588707,956469,No,Low,500000
4684,16,1,3,CleanTech,Mumbai,1723254,904422,No,Low,500000
4685,14,6,9,FinTech,Hyderabad,820294,870030,Yes,High,5000000
4686,17,9,9,HealthTech,Delhi,777152,1510630,Yes,High,5000000
4687,10,15,2,E-Commerce,Kolkata,1808681,962972,No,Low,500000
4688,13,10,6,FinTech,Delhi,1525476,807763,No,Low,500000
4689,17,11,10,AI,Mumbai,1312304,1896030,Yes,High,5000000
4690,17,10,10,AgriTech,Mumbai,1612611,661618,No,Low,500000
4691,16,7,8,CleanTech,Pune,1642650,1986805,Yes,High,5000000
4692,5,3,2,HealthTech,Pune,1862222,1832828,No,Low,500000
4693,10,15,2,CleanTech,Pune,1397331,248947,No,Low,500000
4694,14,1,2,FinTech,Bangalore,1716687,2309607,Yes,High,5000000
4695,8,11,3,EdTech,Delhi,740583,274901,No,Low,500000
4696,12,4,9,FinTech,Pune,1874923,2231267,Yes,High,5000000
4697,10,10,7,EdTech,Kolkata,1592504,894835,No,Low,500000
4698,15,13,6,AI,Hyderabad,1966499,1127599,No,Low,500000
4699,5,15,4,HealthTech,Hyderabad,871979,1818754,Yes,High,5000000
4700,16,3,7,AgriTech,Kolkata,1560184,849386,No,Low,500000
4701,13,15,8,HealthTech,Delhi,1573580,1489835,No,Low,500000
4702,14,9,3,EdTech,Pune,1656935,1305992,No,Low,500000
4703,2,11,8,CleanTech,Chennai,1429227,306233,No,Low,500000
4704,4,11,1,E-Commerce,Kolkata,1083685,2088765,Yes,High,5000000
4705,14,12,4,E-Commerce,Mumbai,76534,2284161,Yes,High,5000000
4706,13,7,7,FinTech,Hyderabad,1551072,1078012,No,Low,500000
4707,9,12,10,FinTech,Kolkata,1374971,1147381,No,Low,500000
4708,4,10,3,CleanTech,Delhi,566237,2179051,Yes,High,5000000
4709,13,5,3,EdTech,Kolkata,1203710,568687,No,Low,500000
4710,17,4,7,HealthTech,Bangalore,580487,1578656,Yes,High,5000000
4711,15,1,5,FinTech,Kolkata,1602567,1447052,No,Low,500000
4712,13,15,1,AgriTech,Mumbai,196763,2081182,Yes,High,5000000
4713,16,6,2,HealthTech,Delhi,325232,1340176,Yes,High,5000000
4714,15,0,10,EdTech,Pune,1274660,2161852,Yes,High,5000000
4715,17,1,2,AI,Pune,164825,1015074,Yes,High,5000000
4716,2,0,9,EdTech,Hyderabad,99802,845180,Yes,High,5000000
4717,17,9,10,FinTech,Kolkata,490231,2007665,Yes,High,5000000
4718,8,10,3,FinTech,Hyderabad,792524,1560093,Yes,High,5000000
4719,18,6,1,CleanTech,Chennai,267309,639363,Yes,High,5000000
4720,12,2,10,AI,Chennai,767374,32875,No,Low,500000
4721,10,9,1,AI,Pune,620130,255475,No,Low,500000
4722,17,2,7,CleanTech,Chennai,1921911,147245,No,Low,500000
4723,7,14,3,AI,Bangalore,497216,1826980,Yes,High,5000000
4724,17,13,9,EdTech,Hyderabad,1873262,2213275,Yes,High,5000000
4725,10,7,4,AI,Hyderabad,1885773,1813017,No,Low,500000
4726,16,14,2,EdTech,Hyderabad,532637,2230634,Yes,High,5000000
4727,15,8,2,EdTech,Chennai,1170869,2465806,Yes,High,5000000
4728,10,2,1,AI,Kolkata,450546,1343555,Yes,High,5000000
4729,8,4,4,HealthTech,Bangalore,222309,1238283,Yes,High,5000000
4730,3,5,8,CleanTech,Bangalore,1466485,2353782,Yes,High,5000000
4731,6,3,2,HealthTech,Chennai,1085471,203042,No,Low,500000
4732,2,1,6,AgriTech,Mumbai,728074,1627516,Yes,High,5000000
4733,4,13,5,FinTech,Bangalore,675236,445249,No,Low,500000
4734,16,5,9,CleanTech,Delhi,1401926,472578,No,Low,500000
4735,10,13,7,EdTech,Delhi,507946,1861774,Yes,High,5000000
4736,4,9,3,CleanTech,Pune,1477186,1951885,Yes,High,5000000
4737,3,11,7,AI,Hyderabad,714520,2064313,Yes,High,5000000
4738,9,8,5,FinTech,Bangalore,1745407,557830,No,Low,500000
4739,3,0,2,AI,Hyderabad,734440,1436089,Yes,High,5000000
4740,4,1,9,HealthTech,Chennai,536274,271884,No,Low,500000
4741,14,0,8,AI,Pune,500985,1316822,Yes,High,5000000
4742,16,11,9,HealthTech,Kolkata,1706594,284870,No,Low,500000
4743,16,6,8,HealthTech,Delhi,1958842,961566,No,Low,500000
4744,12,7,10,FinTech,Pune,1065240,175241,No,Low,500000
4745,20,3,7,FinTech,Bangalore,1081363,764665,No,Low,500000
4746,14,10,8,HealthTech,Delhi,240602,338270,Yes,High,5000000
4747,19,1,3,AI,Delhi,751079,1517588,Yes,High,5000000
4748,8,11,4,HealthTech,Kolkata,1285610,37071,No,Low,500000
4749,20,7,2,AgriTech,Chennai,75141,1526356,Yes,High,5000000
4750,9,4,6,AI,Chennai,284089,904174,Yes,High,5000000
4751,12,13,7,HealthTech,Pune,54805,1894430,Yes,High,5000000
4752,13,2,10,AgriTech,Pune,1553071,241850,No,Low,500000
4753,6,9,10,AgriTech,Mumbai,1061624,557350,No,Low,500000
4754,16,2,7,E-Commerce,Hyderabad,1144710,790957,No,Low,500000
4755,3,14,2,AI,Kolkata,1518520,606864,No,Low,500000
4756,16,3,4,EdTech,Pune,208694,2003566,Yes,High,5000000
4757,10,7,8,AgriTech,Hyderabad,1930050,1708684,No,Low,500000
4758,4,4,3,AgriTech,Chennai,121745,2470813,Yes,High,5000000
4759,5,15,10,AgriTech,Kolkata,1364369,2222157,Yes,High,5000000
4760,12,11,6,AI,Delhi,1225546,359814,No,Low,500000
4761,9,1,9,FinTech,Mumbai,469047,1646190,Yes,High,5000000
4762,5,0,5,AgriTech,Kolkata,1397018,557157,No,Low,500000
4763,11,11,6,HealthTech,Delhi,601831,1618985,Yes,High,5000000
4764,8,10,6,E-Commerce,Bangalore,1437688,2269141,Yes,High,5000000
4765,10,6,8,FinTech,Chennai,703979,263054,No,Low,500000
4766,6,7,1,AgriTech,Pune,809510,318234,No,Low,500000
4767,7,0,5,FinTech,Kolkata,1770902,1533547,No,Low,500000
4768,8,5,6,EdTech,Bangalore,322469,1493223,Yes,High,5000000
4769,6,1,8,CleanTech,Kolkata,1882390,2477872,Yes,High,5000000
4770,10,7,6,AI,Kolkata,1038349,1217670,Yes,High,5000000
4771,2,9,4,EdTech,Bangalore,1313910,1540950,Yes,High,5000000
4772,14,7,5,CleanTech,Hyderabad,963294,2143475,Yes,High,5000000
4773,10,4,1,AgriTech,Hyderabad,98720,1020263,Yes,High,5000000
4774,12,15,9,CleanTech,Pune,1822806,1265016,No,Low,500000
4775,7,14,1,HealthTech,Chennai,831743,2483320,Yes,High,5000000
4776,20,0,2,E-Commerce,Pune,856666,2251628,Yes,High,5000000
4777,17,8,8,E-Commerce,Bangalore,351698,2082292,Yes,High,5000000
4778,9,4,2,HealthTech,Hyderabad,843274,1166262,Yes,High,5000000
4779,12,4,6,EdTech,Delhi,1247771,2180658,Yes,High,5000000
4780,18,7,2,E-Commerce,Delhi,665526,2188701,Yes,High,5000000
4781,13,3,2,E-Commerce,Pune,894131,2366059,Yes,High,5000000
4782,11,8,1,AgriTech,Hyderabad,184343,736525,Yes,High,5000000
4783,4,6,6,E-Commerce,Kolkata,1943067,1504432,No,Low,500000
4784,17,5,1,HealthTech,Mumbai,906731,736197,No,Low,500000
4785,10,3,10,AgriTech,Bangalore,1575793,165663,No,Low,500000
4786,8,11,8,HealthTech,Chennai,1284050,627007,No,Low,500000
4787,3,8,1,CleanTech,Chennai,1102078,1869585,Yes,High,5000000
4788,4,12,9,FinTech,Hyderabad,806811,2302094,Yes,High,5000000
4789,15,14,1,HealthTech,Hyderabad,437362,262059,No,Low,500000
4790,19,12,10,AI,Chennai,743559,1458341,Yes,High,5000000
4791,9,0,7,AI,Delhi,1262931,960354,No,Low,500000
4792,10,10,6,EdTech,Delhi,1546767,1790664,Yes,High,5000000
4793,11,1,10,AgriTech,Kolkata,1578710,2323322,Yes,High,5000000
4794,16,10,6,E-Commerce,Hyderabad,1726833,819037,No,Low,500000
4795,4,2,9,HealthTech,Kolkata,1371792,804298,No,Low,500000
4796,6,13,9,AgriTech,Mumbai,553397,1012068,Yes,High,5000000
4797,12,8,6,FinTech,Kolkata,1440045,1203382,No,Low,500000
4798,2,15,1,E-Commerce,Delhi,516702,2168276,Yes,High,5000000
4799,12,12,9,E-Commerce,Hyderabad,1783009,773450,No,Low,500000
4800,13,1,3,CleanTech,Delhi,561994,1388756,Yes,High,5000000
4801,13,3,1,FinTech,Kolkata,1032258,1861483,Yes,High,5000000
4802,10,10,4,AI,Pune,138831,2110723,Yes,High,5000000
4803,16,0,9,HealthTech,Delhi,1226511,2076671,Yes,High,5000000
4804,2,7,6,CleanTech,Hyderabad,1726245,190406,No,Low,500000
4805,18,8,7,CleanTech,Kolkata,1839913,2253883,Yes,High,5000000
4806,16,1,1,FinTech,Chennai,364253,1101529,Yes,High,5000000
4807,8,11,6,FinTech,Pune,1444897,313913,No,Low,500000
4808,15,14,1,AI,Kolkata,438837,1073409,Yes,High,5000000
4809,9,9,8,CleanTech,Kolkata,94486,1335448,Yes,High,5000000
4810,12,9,2,E-Commerce,Kolkata,1077203,412982,No,Low,500000
4811,16,10,10,FinTech,Delhi,1001146,2259183,Yes,High,5000000
4812,12,3,3,HealthTech,Hyderabad,1504893,795765,No,Low,500000
4813,20,9,6,FinTech,Chennai,394189,371477,No,Low,500000
4814,19,10,9,EdTech,Mumbai,692527,1986410,Yes,High,5000000
4815,11,1,3,FinTech,Bangalore,276054,2023698,Yes,High,5000000
4816,8,12,10,HealthTech,Pune,1935301,2391194,Yes,High,5000000
4817,12,14,2,EdTech,Chennai,1065079,2404544,Yes,High,5000000
4818,7,15,5,AI,Hyderabad,103683,639834,Yes,High,5000000
4819,17,8,5,AI,Mumbai,587331,302792,No,Low,500000
4820,11,3,2,EdTech,Mumbai,1668338,237016,No,Low,500000
4821,16,4,5,EdTech,Bangalore,1758928,667570,No,Low,500000
4822,4,7,9,CleanTech,Chennai,1083528,1721030,Yes,High,5000000
4823,17,9,5,AI,Mumbai,1467442,773244,No,Low,500000
4824,9,14,2,AI,Chennai,1667154,1828847,Yes,High,5000000
4825,20,14,8,AI,Kolkata,908516,2243862,Yes,High,5000000
4826,7,12,4,FinTech,Hyderabad,378419,619431,Yes,High,5000000
4827,9,15,10,AgriTech,Kolkata,1406107,1194965,No,Low,500000
4828,3,10,3,AI,Delhi,1489363,531529,No,Low,500000
4829,5,7,10,E-Commerce,Pune,785545,86696,No,Low,500000
4830,16,10,8,E-Commerce,Kolkata,1521505,1678442,Yes,High,5000000
4831,4,8,2,E-Commerce,Bangalore,178371,1728182,Yes,High,5000000
4832,15,2,7,AgriTech,Kolkata,1961078,2008066,Yes,High,5000000
4833,2,4,5,CleanTech,Delhi,131672,219186,Yes,High,5000000
4834,5,3,6,AgriTech,Delhi,992713,2238620,Yes,High,5000000
4835,5,4,8,E-Commerce,Hyderabad,230116,923253,Yes,High,5000000
4836,5,8,7,CleanTech,Mumbai,934630,622303,No,Low,500000
4837,18,4,5,EdTech,Kolkata,489671,2219716,Yes,High,5000000
4838,8,11,3,AI,Mumbai,1434547,286387,No,Low,500000
4839,12,4,10,FinTech,Bangalore,1336352,2472092,Yes,High,5000000
4840,6,14,4,AgriTech,Pune,822899,1107428,Yes,High,5000000
4841,3,8,10,AgriTech,Mumbai,593726,440507,No,Low,500000
4842,18,3,1,EdTech,Pune,467949,490057,Yes,High,5000000
4843,16,8,8,AgriTech,Bangalore,591466,466151,No,Low,500000
4844,6,2,8,HealthTech,Bangalore,1610834,1538476,No,Low,500000
4845,20,8,9,CleanTech,Delhi,1263832,214771,No,Low,500000
4846,19,0,10,E-Commerce,Chennai,261137,1805236,Yes,High,5000000
4847,10,4,9,AI,Chennai,1768257,2164935,Yes,High,5000000
4848,5,5,2,AI,Kolkata,1589053,2081964,Yes,High,5000000
4849,11,14,4,HealthTech,Hyderabad,480739,411771,No,Low,500000
4850,3,12,6,FinTech,Mumbai,1726713,315750,No,Low,500000
4851,11,6,9,AgriTech,Mumbai,1935552,2136839,Yes,High,5000000
4852,5,3,9,FinTech,Bangalore,1154812,1658508,Yes,High,5000000
4853,18,10,9,EdTech,Kolkata,370523,2245125,Yes,High,5000000
4854,9,9,5,FinTech,Mumbai,677746,1614366,Yes,High,5000000
4855,3,4,1,EdTech,Kolkata,451712,1250001,Yes,High,5000000
4856,4,10,4,CleanTech,Kolkata,991715,466682,No,Low,500000
4857,19,10,2,FinTech,Hyderabad,770996,1467669,Yes,High,5000000
4858,12,14,7,AI,Bangalore,1448358,1321983,No,Low,500000
4859,16,8,1,CleanTech,Delhi,185523,1871184,Yes,High,5000000
4860,5,3,9,FinTech,Bangalore,682384,2186003,Yes,High,5000000
4861,13,2,7,FinTech,Bangalore,1502595,1409595,No,Low,500000
4862,19,2,2,CleanTech,Kolkata,1160577,2092504,Yes,High,5000000
4863,15,14,2,HealthTech,Hyderabad,1401433,2205642,Yes,High,5000000
4864,2,12,4,CleanTech,Delhi,1839899,788034,No,Low,500000
4865,11,13,4,EdTech,Bangalore,1269288,1818626,Yes,High,5000000
4866,9,10,5,FinTech,Delhi,289731,2465800,Yes,High,5000000
4867,13,15,3,HealthTech,Kolkata,203200,1770999,Yes,High,5000000
4868,4,10,9,E-Commerce,Kolkata,1441179,37570,No,Low,500000
4869,14,14,4,AI,Pune,1291056,1106045,No,Low,500000
4870,8,4,10,FinTech,Hyderabad,1821131,2426715,Yes,High,5000000
4871,3,7,2,AgriTech,Kolkata,1790492,1482496,No,Low,500000
4872,13,12,2,CleanTech,Mumbai,53721,1778402,Yes,High,5000000
4873,11,4,10,FinTech,Pune,82427,1702065,Yes,High,5000000
4874,6,11,4,EdTech,Bangalore,720529,2285644,Yes,High,5000000
4875,12,11,6,EdTech,Chennai,85311,1247656,Yes,High,5000000
4876,14,12,3,HealthTech,Hyderabad,359847,1335998,Yes,High,5000000
4877,19,4,10,AgriTech,Pune,1809881,430146,No,Low,500000
4878,10,10,7,FinTech,Mumbai,228260,1167196,Yes,High,5000000
4879,19,5,6,EdTech,Delhi,1799701,477254,No,Low,500000
4880,19,3,3,FinTech,Pune,1326166,2307248,Yes,High,5000000
4881,13,4,5,AgriTech,Delhi,1809577,982126,No,Low,500000
4882,19,5,9,AI,Pune,1751861,315028,No,Low,500000
4883,4,15,1,AgriTech,Delhi,1726300,92425,No,Low,500000
4884,11,15,8,AgriTech,Mumbai,1631643,1837091,Yes,High,5000000
4885,5,3,6,CleanTech,Pune,1549713,325166,No,Low,500000
4886,19,12,5,HealthTech,Pune,1848164,497990,No,Low,500000
4887,4,8,6,E-Commerce,Delhi,713998,1088793,Yes,High,5000000
4888,18,13,1,E-Commerce,Delhi,1915415,879604,No,Low,500000
4889,6,10,8,FinTech,Delhi,1194034,1198922,Yes,High,5000000
4890,11,15,8,HealthTech,Kolkata,68776,555566,Yes,High,5000000
4891,9,3,7,AgriTech,Bangalore,1705943,300698,No,Low,500000
4892,13,1,4,CleanTech,Delhi,335656,363173,Yes,High,5000000
4893,20,7,1,CleanTech,Kolkata,1640817,541045,No,Low,500000
4894,2,13,3,FinTech,Delhi,1402541,2094642,Yes,High,5000000
4895,15,14,2,AgriTech,Bangalore,310029,172252,No,Low,500000
4896,12,0,3,CleanTech,Bangalore,1725770,2454036,Yes,High,5000000
4897,19,11,4,AgriTech,Hyderabad,1025701,1993588,Yes,High,5000000
4898,16,10,10,AI,Hyderabad,72963,308272,Yes,High,5000000
4899,12,12,2,HealthTech,Kolkata,1127944,238678,No,Low,500000
4900,17,11,4,CleanTech,Pune,506639,2402845,Yes,High,5000000
4901,5,13,7,CleanTech,Kolkata,921125,1072530,Yes,High,5000000
4902,12,6,10,FinTech,Hyderabad,1914773,1264616,No,Low,500000
4903,6,15,7,HealthTech,Pune,479161,116501,No,Low,500000
4904,17,11,6,HealthTech,Delhi,415731,37752,No,Low,500000
4905,16,1,7,AgriTech,Bangalore,1072695,552196,No,Low,500000
4906,18,7,3,CleanTech,Mumbai,1777603,2313955,Yes,High,5000000
4907,6,10,3,AgriTech,Kolkata,144037,1104715,Yes,High,5000000
4908,9,15,5,HealthTech,Pune,1796742,816104,No,Low,500000
4909,6,0,7,EdTech,Mumbai,1622126,1407965,No,Low,500000
4910,4,6,8,AI,Bangalore,967223,1208771,Yes,High,5000000
4911,18,13,7,E-Commerce,Chennai,1599954,1766431,Yes,High,5000000
4912,20,10,1,AI,Pune,1969972,1004607,No,Low,500000
4913,4,3,8,CleanTech,Pune,1591428,1912846,Yes,High,5000000
4914,16,7,3,EdTech,Pune,1194746,2251408,Yes,High,5000000
4915,9,9,3,FinTech,Kolkata,860495,1557103,Yes,High,5000000
4916,8,1,7,AI,Chennai,188438,885656,Yes,High,5000000
4917,8,15,10,AgriTech,Delhi,584063,2460845,Yes,High,5000000
4918,5,0,9,AI,Delhi,1976449,351553,No,Low,500000
4919,19,3,10,CleanTech,Mumbai,1864097,1534636,No,Low,500000
4920,15,13,3,AI,Mumbai,57345,1690987,Yes,High,5000000
4921,19,13,2,FinTech,Chennai,564772,350450,No,Low,500000
4922,16,12,4,E-Commerce,Delhi,350992,645078,Yes,High,5000000
4923,12,13,6,EdTech,Bangalore,1319480,146236,No,Low,500000
4924,10,15,1,HealthTech,Bangalore,1976733,938137,No,Low,500000
4925,19,1,7,EdTech,Delhi,750858,1854649,Yes,High,5000000
4926,9,3,3,EdTech,Delhi,1505922,877785,No,Low,500000
4927,10,12,2,EdTech,Chennai,1011058,1776104,Yes,High,5000000
4928,11,9,3,AI,Mumbai,203165,1768333,Yes,High,5000000
4929,5,9,7,E-Commerce,Kolkata,86154,808202,Yes,High,5000000
4930,17,9,5,EdTech,Kolkata,61005,459246,Yes,High,5000000
4931,19,6,7,EdTech,Pune,743808,1414896,Yes,High,5000000
4932,17,0,5,HealthTech,Delhi,730439,2191160,Yes,High,5000000
4933,19,14,2,FinTech,Bangalore,1797977,206477,No,Low,500000
4934,6,4,9,HealthTech,Mumbai,1489859,1732610,Yes,High,5000000
4935,11,1,10,HealthTech,Chennai,1352186,2389539,Yes,High,5000000
4936,17,14,3,FinTech,Pune,155501,1327276,Yes,High,5000000
4937,16,1,8,AI,Delhi,730097,615659,No,Low,500000
4938,2,12,2,E-Commerce,Kolkata,1874500,1110177,No,Low,500000
4939,3,9,8,EdTech,Mumbai,1050095,512680,No,Low,500000
4940,9,12,5,E-Commerce,Pune,1161322,796143,No,Low,500000
4941,4,4,1,EdTech,Kolkata,370547,1600196,Yes,High,5000000
4942,15,2,7,EdTech,Bangalore,146675,445637,Yes,High,5000000
4943,12,9,9,AgriTech,Chennai,861875,1217651,Yes,High,5000000
4944,10,15,6,EdTech,Hyderabad,1938303,1758740,No,Low,500000
4945,12,4,2,FinTech,Delhi,1504503,1172835,No,Low,500000
4946,8,15,1,EdTech,Mumbai,590825,1458630,Yes,High,5000000
4947,7,11,4,AgriTech,Delhi,320965,1666952,Yes,High,5000000
4948,20,2,7,AI,Chennai,698926,1589201,Yes,High,5000000
4949,3,12,9,CleanTech,Hyderabad,605822,313359,No,Low,500000
4950,19,10,2,AI,Chennai,833031,238624,No,Low,500000
4951,12,14,7,HealthTech,Pune,376752,1196323,Yes,High,5000000
4952,11,3,4,AgriTech,Kolkata,899321,1415769,Yes,High,5000000
4953,18,2,5,AI,Mumbai,784575,1822811,Yes,High,5000000
4954,16,9,9,FinTech,Mumbai,669851,146498,No,Low,500000
4955,19,12,1,HealthTech,Mumbai,164752,1123427,Yes,High,5000000
4956,16,11,10,CleanTech,Mumbai,437511,951642,Yes,High,5000000
4957,7,2,10,AgriTech,Chennai,1100125,1443690,Yes,High,5000000
4958,5,8,1,CleanTech,Pune,1217432,558447,No,Low,500000
4959,16,15,2,EdTech,Bangalore,1307324,2322455,Yes,High,5000000
4960,6,11,5,FinTech,Delhi,1838117,1525846,No,Low,500000
4961,5,9,6,EdTech,Kolkata,680351,1444401,Yes,High,5000000
4962,8,10,9,AgriTech,Chennai,472336,508280,Yes,High,5000000
4963,18,1,2,AI,Bangalore,1753018,2130446,Yes,High,5000000
4964,12,11,8,FinTech,Pune,830692,2078012,Yes,High,5000000
4965,5,0,2,EdTech,Mumbai,997299,2234470,Yes,High,5000000
4966,7,11,2,AgriTech,Kolkata,463896,129698,No,Low,500000
4967,7,12,10,CleanTech,Mumbai,1013719,269713,No,Low,500000
4968,2,11,9,HealthTech,Mumbai,681399,861597,Yes,High,5000000
4969,20,9,2,EdTech,Pune,1971174,1137540,No,Low,500000
4970,11,3,9,AgriTech,Hyderabad,228972,1109032,Yes,High,5000000
4971,8,10,3,EdTech,Chennai,781818,1158638,Yes,High,5000000
4972,20,3,2,EdTech,Chennai,1357840,1893668,Yes,High,5000000
4973,15,3,10,EdTech,Delhi,1221315,2149658,Yes,High,5000000
4974,14,0,4,EdTech,Chennai,766728,1931583,Yes,High,5000000
4975,10,4,1,E-Commerce,Delhi,745577,352507,No,Low,500000
4976,8,0,4,E-Commerce,Bangalore,1099066,41938,No,Low,500000
4977,6,4,5,HealthTech,Hyderabad,1098729,418562,No,Low,500000
4978,9,7,5,AI,Hyderabad,528593,1431897,Yes,High,5000000
4979,6,11,8,HealthTech,Delhi,1830296,2455960,Yes,High,5000000
4980,2,15,6,EdTech,Bangalore,1455182,2207953,Yes,High,5000000
4981,16,9,2,HealthTech,Mumbai,1110745,484486,No,Low,500000
4982,17,8,10,AI,Delhi,1752810,1703921,No,Low,500000
4983,7,11,8,E-Commerce,Chennai,604244,1191753,Yes,High,5000000
4984,11,1,8,AI,Hyderabad,151555,993879,Yes,High,5000000
4985,2,1,9,AgriTech,Bangalore,1362891,1203538,No,Low,500000
4986,19,6,2,E-Commerce,Mumbai,1742306,104537,No,Low,500000
4987,18,5,6,E-Commerce,Chennai,1341664,2311433,Yes,High,5000000
4988,15,11,7,AI,Hyderabad,725047,1214649,Yes,High,5000000
4989,5,4,2,HealthTech,Pune,497323,1659318,Yes,High,5000000
4990,5,0,3,HealthTech,Pune,1792660,671415,No,Low,500000
4991,13,13,7,HealthTech,Bangalore,135526,2472374,Yes,High,5000000
4992,16,5,10,FinTech,Delhi,1792293,885796,No,Low,500000
4993,10,0,6,HealthTech,Bangalore,1378573,977346,No,Low,500000
4994,14,10,10,CleanTech,Delhi,750957,1734316,Yes,High,5000000
4995,14,9,5,E-Commerce,Hyderabad,1146005,764563,No,Low,500000
4996,11,6,9,AI,Mumbai,491420,384540,No,Low,500000
4997,9,10,3,FinTech,Bangalore,485135,2127617,Yes,High,5000000
4998,15,14,2,E-Commerce,Kolkata,1047587,695782,No,Low,500000
4999,12,2,3,EdTech,Delhi,274728,2434500,Yes,High,5000000
